time,ecg
0.0,0.00178475826673812
0.004,0.00891912232023792
0.008,-0.015011761604116665
0.012,-0.009515790549470063
0.016,-0.0027925672802191904
0.02,-0.013327940776341116
0.024,-0.002717167640385787
0.028,-0.003263489471352493
0.032,0.0008710658656117274
0.036,-0.0005688342910697592
0.04,0.010693485294074356
0.044,0.0057300469449311185
0.048,-0.0007103127543766262
0.052,-0.0033326235518453345
0.056,-0.0004755810991048123
0.06,-0.0002986104290864268
0.064,0.025187562908851855
0.068,-0.014575272127511914
0.072,-0.009262750430983221
0.076,-0.010729259346949942
0.08,0.0026927168382693046
0.084,0.0022967334663220335
0.088,-0.005730717934939827
0.092,0.008961176671209568
0.096,0.0036965686444630262
0.1,0.009381003146720945
0.104,0.01203454352911591
0.108,-0.021310448859382873
0.112,0.006856166740291395
0.116,-0.012900604723710072
0.12,0.0024941262471765047
0.124,-0.0007289600486802335
0.128,-0.00030213750588172633
0.132,-0.012046213313376334
0.136,0.01030486543170421
0.14,-0.012904949582297272
0.144,0.0075053366396207345
0.148,-0.014318902477619744
0.152,-0.0001785568149520531
0.156,0.018043922084154663
0.16,0.023616328729357938
0.164,-0.016187132355572502
0.168,-0.007045249813699628
0.172,-0.005226308478762268
0.176,0.022551218050887903
0.18,-0.0006817768961995857
0.184,0.010749810415255944
0.188,0.003003645789348633
0.192,-0.011978832654861297
0.196,-0.01857182545369053
0.2,-0.006080598101011637
0.204,0.02326294826994736
0.208,0.0027480803369928147
0.212,0.010849618895333693
0.216,-0.01365204729170505
0.22,-0.002355815721543235
0.224,0.00926517678279141
0.228,-0.008540376779083706
0.232,0.0030718230674448795
0.236,-0.0031353321555853235
0.24,0.016684558264325768
0.244,0.016190038407617798
0.248,0.024077354760249952
0.252,0.03245725375129687
0.256,0.02959867560919769
0.26,0.05173791228715179
0.264,0.04728965078222431
0.268,0.07237482213515847
0.272,0.06040323936296632
0.276,0.08715326118922224
0.28,0.13208038759687005
0.284,0.12833141869261422
0.288,0.139791652140924
0.292,0.1342743357560671
0.296,0.13715013117871008
0.3,0.14735639835760903
0.304,0.14742095089226667
0.308,0.16165796694152942
0.312,0.14386757749505602
0.316,0.12331081803794589
0.32,0.10957948360041957
0.324,0.10219823068967222
0.328,0.06692481350884379
0.332,0.046904122019460724
0.336,0.06062201309300658
0.34,0.042425721706531035
0.344,0.018754259693778134
0.348,0.002797694914994101
0.352,0.026182168541304857
0.356,0.006989321314335799
0.36,0.01242282126021297
0.364,0.0030247287509934584
0.368,0.0033691072497635728
0.372,-0.0035512144319233695
0.376,0.0007116373029646552
0.38,0.006667135798559998
0.384,-0.002226906875244337
0.388,-0.0030223563093300324
0.392,0.006247326639826673
0.396,0.0068360148528203695
0.4,-0.011324585022221735
0.404,-0.00026291607598179174
0.408,-0.005224537274078426
0.412,0.00014226481953575807
0.416,0.01433346029367939
0.42,0.0035408434292311577
0.424,0.02141306182935216
0.428,0.001299861972724596
0.432,-0.004640509804421946
0.436,-0.008616316206650584
0.44,-0.01887024273963539
0.444,-0.038458404742877074
0.448,-0.08284885631941542
0.452,-0.11091848763505305
0.456,-0.1445075432202781
0.46,-0.13583784429523324
0.464,-0.14661511802736427
0.468,-0.07878778744071467
0.472,-0.022465949547922102
0.476,0.09795215829096322
0.48,0.22506300311516209
0.484,0.38452430612936855
0.488,0.612976792284739
0.492,0.7746751411377589
0.496,0.9454003190957249
0.5,1.0067788380400948
0.504,0.9593356176673279
0.508,0.7831427962919909
0.512,0.5964135524136839
0.516,0.4079203679162625
0.52,0.22703841851719228
0.524,0.07864437602113863
0.528,-0.030328004826685146
0.532,-0.15803633927140281
0.536,-0.21591469683881234
0.54,-0.24954840035513626
0.544,-0.24926453730080653
0.548,-0.18201613563514568
0.552,-0.1414300542597455
0.556,-0.07453747291880325
0.56,-0.04829213461057921
0.564,-0.009347867368602752
0.568,-0.01234731634372686
0.572,-0.01881508371828254
0.576,0.008976825796080315
0.58,-0.005194766028768326
0.584,-0.003124274987464557
0.588,-0.00820390924954833
0.592,0.013526416502423267
0.596,0.005318369424769582
0.6,-0.002798189490889935
0.604,-0.014917200855893157
0.608,0.03042373143227091
0.612,0.026446105981956125
0.616,0.02270058983183442
0.62,0.0031825194850383966
0.624,0.00752625174748588
0.628,0.019293343372633335
0.632,0.009583894498054114
0.636,0.01240591410013295
0.64,0.04126207085405783
0.644,0.031157023179704504
0.648,0.02625040252736476
0.652,0.053473590407419495
0.656,0.0455041936670344
0.66,0.0395760641810525
0.664,0.05699783643553748
0.668,0.07301261200031872
0.672,0.09105251892473538
0.676,0.10205918790131704
0.68,0.12487103174000752
0.684,0.1231644038551719
0.688,0.1344141745226895
0.692,0.1655338057434776
0.696,0.17721987045903115
0.7,0.17982462163239277
0.704,0.19940458495557628
0.708,0.20606209441315612
0.712,0.2131269882272456
0.716,0.26004658156374616
0.72,0.24516217938950752
0.724,0.26501228292991524
0.728,0.2571677861562924
0.732,0.28854098482960044
0.736,0.2764089358912513
0.74,0.31083918780657305
0.744,0.3158218579750062
0.748,0.3054164865325046
0.752,0.30090891142847825
0.756,0.2959736061694288
0.76,0.2935841619339336
0.764,0.2925598647162111
0.768,0.28207391939529747
0.772,0.2821383088191949
0.776,0.2528793745362725
0.78,0.2658618874341488
0.784,0.23384763259364102
0.788,0.21728981715036383
0.792,0.2144414258948354
0.796,0.20074981411336218
0.8,0.16459249697969305
0.804,0.16262176875577375
0.808,0.13136283959647613
0.812,0.13231363438004395
0.816,0.11920829994786797
0.82,0.11556793950598515
0.824,0.09246385415296199
0.828,0.08334244744280425
0.832,0.09121642340574171
0.836,0.08898788271229727
0.84,0.05016056544323143
0.844,0.06143574423283644
0.848,0.047824989966475676
0.852,0.020061205070423273
0.856,0.023796724214130722
0.86,-0.0036018418195517196
0.864,0.025535569101127257
0.868,0.007754520846784697
0.872,0.016625958751997977
0.876,0.038245243047164444
0.88,0.026145616482854683
0.884,0.0005995064754095985
0.888,-0.0034353903700125926
0.892,0.018247204823166458
0.896,-0.005824859659676318
0.9,0.01324392663186387
0.904,0.02997187320947494
0.908,0.008790172863509811
0.912,0.013416282943138416
0.916,0.0118926763915376
0.92,-0.004644368649808578
0.924,0.003605595483419063
0.928,-0.009033369389579781
0.932,0.013297395156786336
0.936,-0.010554683391015925
0.94,0.007229425702912634
0.944,0.01147865326411298
0.948,-0.004798417143066306
0.952,-0.007124264615853179
0.956,-0.0016351000742659196
0.96,-0.008879984914514813
0.964,0.001595566257977053
0.968,-0.009147313832006974
0.972,-0.008429748534756542
0.976,0.005480230678416036
0.98,0.006183702680991848
0.984,-0.0029287899397759587
0.988,-0.016458282840831746
0.992,0.01171598406362855
0.996,-0.0044722983646197905
1.0,0.020644283904493743
1.004,-0.0012843763720610756
1.008,0.0014317530802268926
1.012,-0.004181693157735576
1.016,0.0026778256118975855
1.02,0.03519242166851188
1.024,-0.002761136898225425
1.028,0.013975802580553824
1.032,0.0028733958255047322
1.036,0.014848477561073095
1.04,-0.014524399168528778
1.044,0.026652120723341555
1.048,0.01395892564515528
1.052,0.012379843684468551
1.056,0.029983104041265512
1.06,0.02985101453819958
1.064,0.026078930202948766
1.068,0.02415985232464949
1.072,0.07903796578052913
1.076,0.0721738421318327
1.08,0.08265032421411073
1.084,0.09790543006935076
1.088,0.1317058539520606
1.092,0.12445461968527056
1.096,0.14577236523449882
1.1,0.14293122371267936
1.104,0.1371432392287335
1.108,0.15832589879165893
1.112,0.15620140357766915
1.116,0.13078392037042277
1.12,0.1267071885395594
1.124,0.11539559018827934
1.128,0.10487449169283762
1.132,0.10561974209699752
1.136,0.0683926686149714
1.14,0.05491803800434502
1.144,0.04436804198163382
1.148,0.02619197624005218
1.152,0.009584014835820977
1.156,0.0210034433968512
1.16,0.01933582748158115
1.164,0.00982686474295275
1.168,0.006032745107025495
1.172,-0.004576921045297624
1.176,0.005370923333046621
1.18,0.0034898173727351614
1.184,0.005847444887537916
1.188,0.0038934386007840383
1.192,0.004320791763800459
1.196,0.013405125261449503
1.2,0.0058422721286691065
1.204,0.0048710112313783485
1.208,-0.017390980819856277
1.212,0.010552386106764436
1.216,-0.0029704848160250134
1.22,0.0007918012016514573
1.224,-0.01275313747847969
1.228,0.02077220690223416
1.232,-0.0252712793327556
1.236,0.013006637285888096
1.24,-0.0014035923330526492
1.244,-0.03358997508290369
1.248,-0.011475481224859006
1.252,-0.0542699406902736
1.256,-0.11796305916438701
1.26,-0.13169173033318862
1.264,-0.14028253483270497
1.268,-0.12125370262834036
1.272,-0.1065306947726988
1.276,-0.06617040383371657
1.28,0.06402161219277397
1.284,0.1751189064454817
1.288,0.30637169570931905
1.292,0.5247137213496753
1.296,0.7289303612539776
1.3,0.8930092010575108
1.304,0.9826894565686285
1.308,0.9739473658698996
1.312,0.8634702400045224
1.316,0.6875632020925162
1.32,0.485440352326106
1.324,0.26312726558342353
1.328,0.12474422739470534
1.332,-0.005199650876462096
1.336,-0.1154724770276377
1.34,-0.20123997057232038
1.344,-0.22658178409111476
1.348,-0.2274833798319281
1.352,-0.20678236278259873
1.356,-0.14621978001648117
1.36,-0.0808107475177964
1.364,-0.033012488709982545
1.368,-0.028253435058962953
1.372,-0.017782101129731144
1.376,0.0007503616154308354
1.38,-0.011281311518499313
1.384,-0.018776881764846078
1.388,-0.007145738312065112
1.392,0.005586100445700987
1.396,0.01737403032419008
1.4,-0.004721691589189161
1.404,0.0017825610860628814
1.408,0.0053988455768144376
1.412,-0.0016343199905838957
1.416,-0.0011862463569151651
1.42,0.010933984891084356
1.424,-0.0025826186871607607
1.428,0.0038817319089764647
1.432,0.012102153135830577
1.436,0.020387138435019866
1.44,0.005563314927749124
1.444,0.02353699709911068
1.448,0.016699028945292505
1.452,0.02821578931965997
1.456,0.04913273441519733
1.46,0.04747956961313556
1.464,0.07269902567962017
1.468,0.0639202454482183
1.472,0.08381123193836593
1.476,0.09241826953281938
1.48,0.09550578052412004
1.484,0.09443452555922159
1.488,0.1192146125503623
1.492,0.12824852556591756
1.496,0.14169904670852812
1.5,0.16320395832606094
1.504,0.161625884723002
1.508,0.1819311549288769
1.512,0.1949817801022042
1.516,0.2166780016007438
1.52,0.22513343397824576
1.524,0.23865126616679047
1.528,0.25894721891301814
1.532,0.26390778713377333
1.536,0.2778515732611649
1.54,0.2745827872642467
1.544,0.2837435543845183
1.548,0.3169584375892013
1.552,0.29224735738029334
1.556,0.2789263376434665
1.56,0.3022643690108937
1.564,0.28872105585298236
1.568,0.2933599777088367
1.572,0.2834020663465559
1.576,0.2815505156502127
1.58,0.2653390047942414
1.584,0.253055896484202
1.588,0.2546807845488952
1.592,0.20799776475296652
1.596,0.2032093944120033
1.6,0.19401692640264692
1.604,0.17086833048816163
1.608,0.1684547728356785
1.612,0.15302709027006872
1.616,0.15438913611922028
1.62,0.13001681002111695
1.624,0.11557677242025688
1.628,0.10137023203299547
1.632,0.08284651924174669
1.636,0.09126793216495999
1.64,0.08428829343850862
1.644,0.050746174541105846
1.648,0.0706026221802854
1.652,0.04006613986352475
1.656,0.03243715126239607
1.66,0.03865131412499719
1.664,0.03423374599018855
1.668,0.023267816406871065
1.672,0.016506663633938778
1.676,0.028246871576666777
1.68,0.0073516714480584685
1.684,0.010409688331514778
1.688,0.02594554419967174
1.692,-0.006106010562782528
1.696,0.0012353149025374826
1.7,0.01488701301388645
1.704,0.008947631961077828
1.708,0.011823412629153153
1.712,-0.010976702938666618
1.716,0.004959108424353807
1.72,-0.0015040752631593484
1.724,0.023757082985006273
1.728,0.00888020981985114
1.732,0.00037176151197920043
1.736,0.0033062005690058685
1.74,0.000876900004338628
1.744,0.007238037740778751
1.748,-0.008380214801426101
1.752,0.013786102494903876
1.756,-0.013149770410137488
1.76,0.0021209687665447166
1.764,-0.008192103734882933
1.768,0.0004644789834963054
1.772,0.009905878638738586
1.776,-0.017105339605749042
1.78,-0.001682092087535707
1.784,-0.0143887351048478
1.788,-0.0027877130542450566
1.792,-0.014419728903670806
1.796,0.00162073343939964
1.8,-0.0042597321223734495
1.804,0.0074725881994494635
1.808,0.01228658032124634
1.812,0.00010734346019340546
1.816,0.008937559880577898
1.82,0.01382620509585947
1.824,-0.009217952605574712
1.828,0.01435602123197509
1.832,-0.00035703808114935395
1.836,-0.009759443810423086
1.84,0.003031425251109921
1.844,-0.0006331015778072146
1.848,-0.013909342264108553
1.852,-0.010723667190803997
1.856,0.01687193219325321
1.86,0.003631219720733568
1.864,0.016214839616834113
1.868,-0.0019160932322091597
1.872,-0.004484920447467558
1.876,-0.011429886380496652
1.88,0.01773820122377017
1.884,0.015820919821674728
1.888,0.012523711944643096
1.892,0.014999344322653336
1.896,0.04213254893360167
1.9,0.03872720472059258
1.904,0.0501361947623598
1.908,0.05857429238610511
1.912,0.07440607889727917
1.916,0.09846120838187775
1.92,0.09316318871679641
1.924,0.12159120416984577
1.928,0.1420474324106748
1.932,0.14081325804512318
1.936,0.1581786582056074
1.94,0.16338107065761615
1.944,0.15753595125241485
1.948,0.1379506818971099
1.952,0.1344762160963764
1.956,0.1270929706433318
1.96,0.10580659195751882
1.964,0.0912401388617432
1.968,0.07611850744082922
1.972,0.09310287281454432
1.976,0.05188283348584141
1.98,0.053619547983375704
1.984,0.02421518827479522
1.988,0.04160601467669532
1.992,0.014121222337819886
1.996,0.01324121221497229
2.0,-0.00953191177966402
2.004,0.017097858846345924
2.008,0.017231715103881128
2.012,-0.009374019133899398
2.016,0.013308666638375106
2.02,-0.01242278490832031
2.024,0.00688445773664825
2.028,-0.0025536019110055114
2.032,0.013546386510873644
2.036,0.0025929452629111726
2.04,0.009368797274578811
2.044,0.01240580336423318
2.048,-0.0028960949454757013
2.052,-0.000283095446233439
2.056,-0.011116034972569083
2.06,-0.0030405081481398484
2.064,0.01907642146308277
2.068,0.006784213017032267
2.072,-0.013062667956895053
2.076,0.008775038131787309
2.08,-0.014619444567638841
2.084,-0.03041265452364228
2.088,-0.06407920436266729
2.092,-0.10042816022477037
2.096,-0.154755557283879
2.1,-0.1353709244396095
2.104,-0.15350611374822085
2.108,-0.07689397982689454
2.112,-0.015929895326879873
2.116,0.08888716970624361
2.12,0.2132593084834122
2.124,0.3915854541551072
2.128,0.5802908729092122
2.132,0.7819273933667445
2.136,0.9371512427094414
2.14,1.0179364666816981
2.144,0.962987846448563
2.148,0.8062195959658517
2.152,0.6195559345466406
2.156,0.425572391001635
2.16,0.2472043627713908
2.164,0.07414444914442073
2.168,-0.020911365668552236
2.172,-0.14149149551621118
2.176,-0.20969841382604448
2.18,-0.2578541209456837
2.184,-0.22218360962002745
2.188,-0.19206758128946844
2.192,-0.13564130416087067
2.196,-0.07768329651757123
2.2,-0.022979748305051388
2.204,-0.010694541573482555
2.208,-0.014135150687446951
2.212,-0.006516534208579862
2.216,0.0143260108418498
2.22,-0.0015660390753741574
2.224,0.0067612345131342075
2.228,0.009578621233757217
2.232,-0.03221019807712798
2.236,0.015184631388889647
2.24,-0.005280849800082406
2.244,0.0005061868632174125
2.248,0.02057449016737147
2.252,0.02095614590252551
2.256,0.012997478522091658
2.26,0.017259000178343635
2.264,0.022030182780175333
2.268,0.029250929540706676
2.272,0.03370169186868492
2.276,0.02291738181655825
2.28,0.018772455038611705
2.284,0.028548787925528833
2.288,0.03802967830035893
2.292,0.04263632516817204
2.296,0.04024826924233897
2.3,0.06276903601313757
2.304,0.05160217580749464
2.308,0.0778683169941398
2.312,0.08908984549310565
2.316,0.1001456215587727
2.32,0.11967324502040069
2.324,0.13121434542354862
2.328,0.1597288315034688
2.332,0.14628991278752257
2.336,0.1685792240305023
2.34,0.18245312319359583
2.344,0.19651733963309814
2.348,0.19655018711547675
2.352,0.21135309863203916
2.356,0.23665805085537978
2.36,0.23344514271058325
2.364,0.2574703363121569
2.368,0.2647446597877121
2.372,0.27726395163878836
2.376,0.29904357424540295
2.38,0.28272849388133015
2.384,0.3062077965530401
2.388,0.2939255043844049
2.392,0.29538942079109975
2.396,0.302816778999588
2.4,0.29184241724910864
2.404,0.28026795904068996
2.408,0.27838610690634746
2.412,0.2556378855466066
2.416,0.2671082829084552
2.42,0.22092622169978304
2.424,0.2484246173252509
2.428,0.23245408872070936
2.432,0.2284410960668458
2.436,0.219951366049117
2.44,0.19297534975030306
2.444,0.16280810484892896
2.448,0.17643026681622537
2.452,0.12870624062716293
2.456,0.10802188632886803
2.46,0.13255918106033274
2.464,0.10771591394566284
2.468,0.07136341257880371
2.472,0.06579803152183157
2.476,0.07493584002689366
2.48,0.05164952472487414
2.484,0.04486516525740829
2.488,0.0644014339209265
2.492,0.05963228435352545
2.496,0.03379336747158156
2.5,0.025710740076704038
2.504,0.031791782704650384
2.508,0.01330832122308521
2.512,-0.00667543210738172
2.516,-0.01478884127049628
2.52,0.009722766524688736
2.524,0.01729249318800343
2.528,0.006981621573390819
2.532,0.013556210749299849
2.536,0.013435217670646784
2.54,0.017285349527055658
2.544,0.004550152391021101
2.548,0.004854150317924393
2.552,0.0012553228942364298
2.556,-0.0013344562741872588
2.56,-0.014764559610036015
2.564,0.012446178614625537
2.568,-0.0032891259797703494
2.572,-0.003998956752954957
2.576,-0.00510937744272829
2.58,-0.013176609895772916
2.584,-0.000688153420129048
2.588,0.005286588312005257
2.592,-0.0069639745003882165
2.596,0.010440201131517517
2.6,-0.0036380612810726362
2.604,-0.015293712995318396
2.608,0.013760236799009513
2.612,0.002000992083327764
2.616,0.008644276451767527
2.62,0.00887654854062208
2.624,-0.009455607955654284
2.628,-0.005215371443386256
2.632,0.01034542795927786
2.636,0.018353913912133393
2.64,0.0006340352213853311
2.644,-0.006271115948077056
2.648,0.016823882475763163
2.652,-0.006265922459793586
2.656,0.0032899382249394946
2.66,-0.004277662297257552
2.664,0.002690870495233534
2.668,-0.009454346876888528
2.672,-0.0037463094919209057
2.676,-0.006272359688325946
2.68,0.006623687158688259
2.684,0.0016349117420714743
2.688,0.008807760634587396
2.692,-0.008245920561049095
2.696,-0.0020613885645480554
2.7,0.0062949395478027175
2.704,0.0086709530471912
2.708,-0.014303892628845127
2.712,0.0034531349197218482
2.716,-0.007653073785020202
2.72,0.009907189890831902
2.724,0.019952770159117363
2.728,-0.02394467324989593
2.732,-0.0031396524476776182
2.736,0.007880103348940374
2.74,0.007794722765135879
2.744,0.02080496406245251
2.748,0.016986295897660993
2.752,0.017113118000621076
2.756,0.020023184007335805
2.76,0.027852620699915103
2.764,0.04349450046193875
2.768,0.0579534472625142
2.772,0.08127502184160725
2.776,0.09032888582378303
2.78,0.09978914249847297
2.784,0.10975615896291295
2.788,0.12468645910753717
2.792,0.1354515670758352
2.796,0.13983762075755857
2.8,0.15666397835877444
2.804,0.16241684022929329
2.808,0.1320595357075099
2.812,0.14674404718146603
2.816,0.13146150898495815
2.82,0.1133101962507349
2.824,0.11259747993607426
2.828,0.08110359970611188
2.832,0.07268756727284292
2.836,0.0567426230215356
2.84,0.04422499222456756
2.844,0.03817420113760869
2.848,0.02560381608188684
2.852,0.023003886229692593
2.856,0.0063469999838270345
2.86,0.0026573588707340477
2.864,-0.0006331629945908659
2.868,0.0003764593550760415
2.872,0.01271641654159112
2.876,-0.0030053908643133936
2.88,0.007510655630522313
2.884,0.003240680786820693
2.888,-0.004074510494354035
2.892,0.013283704960351462
2.896,0.007466753686224556
2.9,7.451207551757618e-05
2.904,-0.0007817460841551445
2.908,0.0009522494288736425
2.912,-0.01528889926387874
2.916,-0.008252700596294299
2.92,0.004589672900009516
2.924,-0.016003719394695533
2.928,-0.008179465239835836
2.932,-0.006332160202905673
2.936,0.022020448634322943
2.94,-0.010690174257447132
2.944,-0.025909831332315614
2.948,-0.07454487539142488
2.952,-0.09842633521079942
2.956,-0.15065534212973797
2.96,-0.14975253041186998
2.964,-0.12802527491753413
2.968,-0.10534980934941177
2.972,-0.018996689098445114
2.976,0.07712144533987118
2.98,0.1947711726501552
2.984,0.35918945393759144
2.988,0.5579532189628889
2.992,0.7620406943121127
2.996,0.9212264343562842
3.0,1.0030259088084543
3.004,0.9583008578831252
3.008,0.8479479009569872
3.012,0.6562350027010461
3.016,0.4365520790068018
3.02,0.2436288670093595
3.024,0.08619176281240333
3.028,-0.031873321358644104
3.032,-0.1319082742792833
3.036,-0.2119620069434489
3.04,-0.24844137113499146
3.044,-0.23202940404288996
3.048,-0.19099479580210132
3.052,-0.13824676272106853
3.056,-0.07682153352125064
3.06,-0.04502503947507523
3.064,-0.02398208519661104
3.068,-0.005771744159145434
3.072,-0.007136099917931031
3.076,-0.007162641036303383
3.08,0.011224889644222196
3.084,-0.00279022280453788
3.088,0.019931461884895942
3.092,0.00820764305027769
3.096,-0.005711851214656434
3.1,0.01478364205861361
3.104,-0.003124034245671381
3.108,0.02482907050955218
3.112,0.00864451796964215
3.116,0.01336930569313452
3.12,0.010132930800576968
3.124,0.01472932738767018
3.128,0.012445907110113983
3.132,0.008619696660539232
3.136,0.024946315811711157
3.14,0.03605775182000508
3.144,0.018808531236984123
3.148,0.051723943504571976
3.152,0.0486834025864536
3.156,0.04544714152225422
3.16,0.0532377141330539
3.164,0.08524363248278102
3.168,0.08566121825857781
3.172,0.09819375348723498
3.176,0.09562258592679254
3.18,0.1158021017636478
3.184,0.1265596634207526
3.188,0.13475243274916493
3.192,0.15152497326605263
3.196,0.17583101785777272
3.2,0.19523271899921352
3.204,0.19126142387325976
3.208,0.19502836961877515
3.212,0.23861838106070957
3.216,0.25219938698149746
3.22,0.25231759002090076
3.224,0.27792847038628893
3.228,0.2737801722351916
3.232,0.2705440722784476
3.236,0.2741080387305041
3.24,0.2799312339630056
3.244,0.2973257338042153
3.248,0.2948847511478152
3.252,0.2941174284075139
3.256,0.2972805641228405
3.26,0.30348760316017986
3.264,0.28417608979587744
3.268,0.27550955227024343
3.272,0.2692792334644819
3.276,0.2732890008692912
3.28,0.2521123294436447
3.284,0.2432810560081082
3.288,0.24282374329850187
3.292,0.24189053836363814
3.296,0.20558930356151064
3.3,0.19009515734809215
3.304,0.1582961923996352
3.308,0.1594312744850984
3.312,0.14227916434649202
3.316,0.13694693337140007
3.32,0.11104544472421855
3.324,0.10458433067338627
3.328,0.09699344747125843
3.332,0.09909611744907672
3.336,0.08575759722931386
3.34,0.0736442246133067
3.344,0.05997039754983539
3.348,0.040936495347074116
3.352,0.04587087320550313
3.356,0.025004025660743175
3.36,0.025503957267296606
3.364,0.04085489641320805
3.368,0.024565848054763292
3.372,0.018123459026902215
3.376,0.016573071017816007
3.38,0.009679963608158494
3.384,-0.01295122975798273
3.388,-0.005711738727853378
3.392,0.011719978700974082
3.396,-0.004794186261731855
3.4,0.0024094580755074394
3.404,-0.00953827093959544
3.408,-0.005052146477519136
3.412,0.0016116377788647235
3.416,0.01051258733915139
3.42,0.012218138614296381
3.424,-0.006605153485271985
3.428,0.003627007836171172
3.432,-0.013833936171486049
3.436,0.0008776334608248237
3.44,0.00976553829964613
3.444,-0.000499368315418437
3.448,0.013282068097353836
3.452,0.008460212639943903
3.456,0.0024789962970954093
3.46,-0.0024498536983261383
3.464,-0.005309639383490207
3.468,-0.014555816786311068
3.472,-0.012934778452296253
3.476,0.009961096603255122
3.48,0.01514507631299301
3.484,-0.010804724464576027
3.488,0.000685741589969104
3.492,-0.015742093342561554
3.496,-0.009766045981706387
3.5,0.0025994990177119247
3.504,-0.005186161924055467
3.508,-0.019161393107459637
3.512,0.017189017636089918
3.516,-0.000491194734441751
3.52,-0.011043810100239687
3.524,0.001280658364863138
3.528,-0.0008081149742440026
3.532,0.004219385508212972
3.536,-0.0033961801284669644
3.54,0.003147509940453574
3.544,0.009446398133722934
3.548,-0.013161866423297005
3.552,-0.006893779217875472
3.556,0.008465945477799613
3.56,-0.005378638431631674
3.564,-0.0005736908154186738
3.568,-0.004278129824409665
3.572,-0.0033531120826724888
3.576,-0.0037189878357349986
3.58,-0.010623085589562627
3.584,0.007697664791946179
3.588,0.015410475275183756
3.592,0.005428432496425394
3.596,0.02002974874258988
3.6,0.010128570638452794
3.604,0.01542567547451394
3.608,0.032489991966979305
3.612,0.041796597783101366
3.616,0.04722448340850278
3.62,0.06749771343627788
3.624,0.061483446346300916
3.628,0.08568919657187189
3.632,0.11285601422143077
3.636,0.12663644753609618
3.64,0.13767672560272673
3.644,0.14950623511936487
3.648,0.1425338122609107
3.652,0.13263397096491739
3.656,0.14673314004623744
3.66,0.1515520017466232
3.664,0.14560335543372627
3.668,0.12186283451755049
3.672,0.10479228389754035
3.676,0.09178830903476257
3.68,0.08052072561154505
3.684,0.05270854309433402
3.688,0.05299169326606606
3.692,0.046639466615350456
3.696,0.03466896651975977
3.7,0.02353067418458064
3.704,0.012795326174158806
3.708,0.008352057233998286
3.712,0.004263867270203946
3.716,0.01372388466382934
3.72,0.004407624833512974
3.724,0.034519778639713616
3.728,-0.001529168652632213
3.732,0.00547918029681328
3.736,-0.002442451412131077
3.74,-0.002959984275700655
3.744,0.015841466234535785
3.748,0.010096039052957681
3.752,-0.017481841681816785
3.756,-0.010191048571634463
3.76,-0.0013449565001023387
3.764,-0.005163035177540809
3.768,-0.01508354071114649
3.772,0.0011340842388549428
3.776,-0.018907110619456702
3.78,0.0007408819187403828
3.784,0.005433002229985293
3.788,0.00309231492475649
3.792,-0.015936454172703368
3.796,-0.016653256686454107
3.8,-0.05597887131715009
3.804,-0.08579594328305562
3.808,-0.13473277626171662
3.812,-0.1303879340171679
3.816,-0.13849098626009718
3.82,-0.08684381003125266
3.824,-0.026382889895370826
3.828,0.05164672528545181
3.832,0.17370954730436866
3.836,0.3262789540727606
3.84,0.51238546549221
3.844,0.7297152831421214
3.848,0.9012079205767582
3.852,0.974620691092692
3.856,0.9794445595722765
3.86,0.8759447430340832
3.864,0.6993775998301521
3.868,0.48552227483711674
3.872,0.27005603197878575
3.876,0.11215046118886361
3.88,-0.013123626176596447
3.884,-0.10284560026167316
3.888,-0.20304030205611331
3.892,-0.23011621771628873
3.896,-0.24723167817264913
3.9,-0.19797312865282496
3.904,-0.15499973729615119
3.908,-0.0906453563626745
3.912,-0.05727321808036834
3.916,-0.005731121164875218
3.92,-0.014297276602823063
3.924,-0.017473658330565592
3.928,-0.016312544949178238
3.932,-0.00018287319751458982
3.936,-0.003523863224981789
3.94,0.00790037235466483
3.944,-0.0005148780467712152
3.948,0.014023564338270213
3.952,-0.0008314928307706715
3.956,0.0141050524871228
3.96,-0.004677779907015482
3.964,-0.008952675670358365
3.968,-0.000654981254229023
3.972,-0.0019026199186184707
3.976,-0.0008586613172275014
3.98,0.018254819252562646
3.984,0.014507918036584466
3.988,0.022120184890801354
3.992,0.030105202228933772
3.996,0.012732858711680735
4.0,0.04073685367033548
4.004,0.029171516191194253
4.008,0.04242412517230236
4.012,0.03705846591900767
4.016,0.0711564503496452
4.02,0.057205920958834894
4.024,0.07243194492582716
4.028,0.0843218579855609
4.032,0.10626049904054509
4.036,0.11862785059364782
4.04,0.14164784224360571
4.044,0.14631855029208313
4.048,0.17125333563239528
4.052,0.1798641602089597
4.056,0.18116418952205596
4.06,0.19838061053388406
4.064,0.2342776666009403
4.068,0.2450431286334951
4.072,0.2538730397315998
4.076,0.2671078205086913
4.08,0.27298056099041773
4.084,0.28112419990274296
4.088,0.28621204453091426
4.092,0.30899736253455695
4.096,0.2918909826563645
4.1,0.3016183794030167
4.104,0.2829085671300825
4.108,0.284543228126944
4.112,0.31396620420275745
4.116,0.2971094081289405
4.12,0.28219641180970956
4.124,0.2768663838925669
4.128,0.2527902327088071
4.132,0.25108063793613195
4.136,0.22866413789297924
4.14,0.22727284028875944
4.144,0.22331623106264475
4.148,0.20685095519550986
4.152,0.20373864052576238
4.156,0.1762465911332143
4.16,0.1340730045854121
4.164,0.1641975172925758
4.168,0.12253960143323396
4.172,0.1193728120284128
4.176,0.10622935783329215
4.18,0.09581524191001423
4.184,0.08287750691397945
4.188,0.07287826256802409
4.192,0.049682454880302984
4.196,0.08029992390341881
4.2,0.05331547567938674
4.204,0.040503500446399554
4.208,0.05236179793794701
4.212,0.01791135684128172
4.216,0.03267938668765152
4.22,0.014430815737358361
4.224,0.02055776682955448
4.228,0.0178386155850719
4.232,-0.012259491429121529
4.236,-0.005302321534392928
4.24,0.023134741161293906
4.244,0.0033047162136416027
4.248,0.024655195891476925
4.252,0.016771921863775956
4.256,0.0006829397767560133
4.26,-0.0008310383853826109
4.264,0.018233686336208456
4.268,0.022379427159451983
4.272,-0.0018321319703956025
4.276,0.01616883764527304
4.28,0.010895718711670858
4.284,0.012473138638926325
4.288,0.0013458253380394572
4.292,-0.0064760311227893205
4.296,-0.01036075876092604
4.3,-0.01290858805671393
4.304,0.01920650030601709
4.308,0.00018005867503779048
4.312,-0.011397002894061337
4.316,0.010060521546922203
4.32,-0.0047629998226026374
4.324,-0.006491618239507813
4.328,0.020692807120683946
4.332,-0.013298183081464176
4.336,0.002356592307460708
4.34,-0.00590499563202571
4.344,-0.007502171274444697
4.348,-0.014636599678376083
4.352,0.0005971491336272027
4.356,-0.008738129681651741
4.36,0.005914365477775457
4.364,-0.00046968004911979497
4.368,-0.003125994820946321
4.372,-0.008685268553479057
4.376,0.01430719247665727
4.38,0.007356933883313953
4.384,-0.006813239121210039
4.388,-0.013591696764177824
4.392,-0.01887914673349425
4.396,0.011375129549228691
4.4,0.009095100982291235
4.404,0.010472671967615987
4.408,-0.00118882752306985
4.412,0.008087757981018441
4.416,0.010324918738568707
4.42,-0.0005989653767040806
4.424,-0.0034011963876248523
4.428,-0.009442787760118249
4.432,0.00481529329178792
4.436,0.0065262065165636405
4.44,-0.002529730807414711
4.444,-0.0004266571954118529
4.448,0.0016706437635275622
4.452,0.013764189602442118
4.456,-0.005059244934235768
4.46,0.0015087760411998177
4.464,0.006853078149019115
4.468,0.02285410286011681
4.472,0.03575678077914187
4.476,0.03188223776228414
4.48,0.06327001699286455
4.484,0.081838304425309
4.488,0.08540878389968712
4.492,0.1070146917925259
4.496,0.10089034429149982
4.5,0.11431000503235336
4.504,0.13964278562942153
4.508,0.14270634815937652
4.512,0.13945340487060065
4.516,0.16423801880460895
4.52,0.15076279960991365
4.524,0.14893671752995283
4.528,0.12610021817352082
4.532,0.13800657536167937
4.536,0.1062368428109185
4.54,0.10363619059825326
4.544,0.07312984329125777
4.548,0.06671692136593325
4.552,0.05778415089455604
4.556,0.06080507225249624
4.56,0.026760672997566067
4.564,0.02518980702676576
4.568,0.022704550055779905
4.572,-0.002291820787577845
4.576,-0.013580323972481323
4.58,-0.004480270768449473
4.584,0.013255143792688254
4.588,0.019448768784084053
4.592,-0.007809974647364478
4.596,-0.011307130394070488
4.6,0.015855318626901566
4.604,-0.005361978635248788
4.608,-0.003553938121378048
4.612,0.014680999031674108
4.616,0.012994792011623613
4.62,0.009365453358704924
4.624,-0.01710237792259028
4.628,-0.012580084887456803
4.632,0.01119726527463768
4.636,0.003123090886866487
4.64,-0.008034938306858353
4.644,-0.004438529328598548
4.648,0.007854645358373491
4.652,0.006184471151608879
4.656,-0.02169573339061344
4.66,-0.05073723102584268
4.664,-0.0785127119310809
4.668,-0.09790442581719351
4.672,-0.12562751586065385
4.676,-0.1437532424820787
4.68,-0.12988174082551662
4.684,-0.06459311629023917
4.688,0.0159751803632526
4.692,0.08862556085646195
4.696,0.23932255136577174
4.7,0.42971343008291146
4.704,0.6208308144270763
4.708,0.8092095237672263
4.712,0.9557497477819762
4.716,1.003208233297788
4.72,0.9254877916539949
4.724,0.7855019826906197
4.728,0.5885002292821871
4.732,0.37645463295545917
4.736,0.1944995241794045
4.74,0.04969694883430283
4.744,-0.074397788376326
4.748,-0.15106944165429534
4.752,-0.2332097057634528
4.756,-0.24440061734733232
4.76,-0.23029355492555134
4.764,-0.18349861530557374
4.768,-0.10310336937278397
4.772,-0.06710831699746445
4.776,-0.03817161754907499
4.78,-0.020329479121359205
4.784,-0.0007317228118912385
4.788,0.0074622468607705595
4.792,0.01308590315431421
4.796,-0.0008031277894230782
4.8,-0.0010522995650975686
4.804,0.002916784096273969
4.808,0.003748794296749872
4.812,-0.005055052004350647
4.816,0.018021799970985217
4.82,0.004525500639594888
4.824,0.010762886864360274
4.828,0.011016212377899877
4.832,0.012452780730988263
4.836,0.00034562913769245994
4.84,0.012676683561565856
4.844,0.038336068904725504
4.848,0.034677568112182075
4.852,0.024199570921715846
4.856,0.02338816173256172
4.86,0.00996611601144775
4.864,0.03297049235784649
4.868,0.043720385226715675
4.872,0.04869351120314776
4.876,0.057584191647257754
4.88,0.07533058272579884
4.884,0.06900292719998347
4.888,0.09247529481316773
4.892,0.10019867494644429
4.896,0.10478830903716861
4.9,0.14334552052345897
4.904,0.14766160413296497
4.908,0.14636473721971616
4.912,0.17377119998867185
4.916,0.16923711094215202
4.92,0.19101371302986325
4.924,0.22523084927572717
4.928,0.229362464995274
4.932,0.24182674564257894
4.936,0.2614162487920341
4.94,0.2690492948627011
4.944,0.27042830375852356
4.948,0.29118770885996553
4.952,0.2720929180620374
4.956,0.28775797242148854
4.96,0.2971024689394942
4.964,0.3053084371998891
4.968,0.29642662467656145
4.972,0.27977073958950155
4.976,0.2744299793804398
4.98,0.28726058646444225
4.984,0.27574135675395917
4.988,0.26244481106616646
4.992,0.2504075452762842
4.996,0.250946659838167
5.0,0.2500509658835447
5.004,0.21895275946925127
5.008,0.2107656723781559
5.012,0.17348487283656497
5.016,0.16109731148371156
5.02,0.1496364473268373
5.024,0.11418259061446902
5.028,0.09601732753886426
5.032,0.07249841787222147
5.036,0.06325979819159376
5.04,0.04814859645493057
5.044,0.02520076774382264
5.048,0.002776094823002173
5.052,-0.025694676634354305
5.056,-0.02608984813685638
5.06,-0.0415795748643782
5.064,-0.05052140266894128
5.068,-0.06413386351150144
5.072,-0.06123882139270134
5.076,-0.09487738579495955
5.08,-0.1139588958394091
5.084,-0.1193232641464477
5.088,-0.12338150155296906
5.092,-0.11488480682952051
5.096,-0.146903936374153
5.1,-0.15341526214959775
5.104,-0.14515166457257841
5.108,-0.14802368007795336
5.112,-0.17898828104511508
5.116,-0.18798508255851268
5.12,-0.1847201646482087
5.124,-0.17672113030596626
5.128,-0.18817636537154497
5.132,-0.20331688060017433
5.136,-0.19454346564651395
5.14,-0.206742080990164
5.144,-0.2150472849251873
5.148,-0.2360497413438285
5.152,-0.23350309985332762
5.156,-0.21208345682278051
5.16,-0.2408387140483013
5.164,-0.2528389688664595
5.168,-0.2528640526396084
5.172,-0.2535987732406331
5.176,-0.25168355734456904
5.18,-0.2600140702781354
5.184,-0.2786802291131352
5.188,-0.2648698577959382
5.192,-0.2750924665669473
5.196,-0.2933269598370642
5.2,-0.2957764768552653
5.204,-0.294089206847419
5.208,-0.2949326396119719
5.212,-0.32643224243300406
5.216,-0.3160886734452704
5.22,-0.322633143062945
5.224,-0.3335371124951612
5.228,-0.3390762166982642
5.232,-0.3282377328710126
5.236,-0.3388693117014324
5.24,-0.3285480381074008
5.244,-0.3606618577146265
5.248,-0.35887357770071243
5.252,-0.36232976653791626
5.256,-0.361502917136475
5.26,-0.36170585052181975
5.264,-0.3788778360698918
5.268,-0.39486159543346294
5.272,-0.39454330446218655
5.276,-0.3887609608243926
5.28,-0.3807331056694455
5.284,-0.40698864054245304
5.288,-0.40336099753525195
5.292,-0.38161796424331956
5.296,-0.39794064213445657
5.3,-0.3903630140915828
5.304,-0.3603043586552147
5.308,-0.3652152410241133
5.312,-0.3565926015158392
5.316,-0.33048988510238053
5.32,-0.34609070441847517
5.324,-0.3409546122613698
5.328,-0.3072475819689524
5.332,-0.3194893173502633
5.336,-0.31685410302929273
5.34,-0.33236587157438324
5.344,-0.33964263090292457
5.348,-0.3583162655954987
5.352,-0.3636042062282826
5.356,-0.3760388089313134
5.36,-0.40119167382477433
5.364,-0.4117481034512159
5.368,-0.434601137175505
5.372,-0.4696332730223443
5.376,-0.47714014066151555
5.38,-0.49508296040962674
5.384,-0.4962399037454069
5.388,-0.510643897849414
5.392,-0.5239210513597392
5.396,-0.5236427350709683
5.4,-0.5598926190263055
5.404,-0.5538215420646554
5.408,-0.5588291734135005
5.412,-0.5564613713669605
5.416,-0.5584006445637072
5.42,-0.5686182919537625
5.424,-0.5862379250140916
5.428,-0.5733671168430151
5.432,-0.580402749181374
5.436,-0.6005463897166841
5.44,-0.5929325224496633
5.444,-0.5903106923114957
5.448,-0.581550708253051
5.452,-0.6129712679547402
5.456,-0.598161460768214
5.46,-0.6208656091998216
5.464,-0.6271494054241411
5.468,-0.6319112297661884
5.472,-0.6217069669784784
5.476,-0.6398047555399312
5.48,-0.6662789809934432
5.484,-0.6907903145730004
5.488,-0.7339312223702923
5.492,-0.7690782072950233
5.496,-0.7928423953175694
5.5,-0.7935968889465541
5.504,-0.7312285182813018
5.508,-0.672352157877334
5.512,-0.5819750688469729
5.516,-0.48245916009572454
5.52,-0.3249085634053637
5.524,-0.13054428003765806
5.528,0.08318309420014858
5.532,0.23530138456176752
5.536,0.3117556193801674
5.54,0.2959204150149447
5.544,0.1597654299118375
5.548,-0.036625461248823266
5.552,-0.23134887588023928
5.556,-0.4311787938988542
5.56,-0.5883883751080176
5.564,-0.7476596054966826
5.568,-0.8373049664295762
5.572,-0.908617963375835
5.576,-0.965633433333759
5.58,-0.9640016961573482
5.584,-0.9108290480994411
5.588,-0.848401940379034
5.592,-0.811128214892954
5.596,-0.7664725250123046
5.6,-0.7446063558222362
5.604,-0.7485780068598653
5.608,-0.7187742778660302
5.612,-0.733151947275165
5.616,-0.7348081926872052
5.62,-0.7313636351327271
5.624,-0.7526727587314399
5.628,-0.7297387811206826
5.632,-0.7301478716879146
5.636,-0.7407884223479666
5.64,-0.7389072429380422
5.644,-0.7478898122352755
5.648,-0.7368239997576134
5.652,-0.7542023704218443
5.656,-0.7464567829014319
5.66,-0.7456155041030188
5.664,-0.7455740201529288
5.668,-0.7332839494648397
5.672,-0.7203135128969713
5.676,-0.7408891025643727
5.68,-0.7320002729939349
5.684,-0.7409046466440015
5.688,-0.7179508369272128
5.692,-0.7280039526381268
5.696,-0.6850712818180935
5.7,-0.726034097433801
5.704,-0.6797570441241442
5.708,-0.682330783016768
5.712,-0.6936079449320489
5.716,-0.6485089864455239
5.72,-0.6695468907280127
5.724,-0.6512951619334686
5.728,-0.6484476388063979
5.732,-0.6238500953779217
5.736,-0.6095445018717294
5.74,-0.587250111181383
5.744,-0.5577897784518915
5.748,-0.574215416159297
5.752,-0.584023910588283
5.756,-0.5381345784718191
5.76,-0.539163402635898
5.764,-0.5056356712100887
5.768,-0.5156316740050354
5.772,-0.5158153363541655
5.776,-0.5129086855406537
5.78,-0.4928350212324633
5.784,-0.49991361072151136
5.788,-0.48244135603853616
5.792,-0.501052409752839
5.796,-0.48847373131426314
5.8,-0.5218786248335647
5.804,-0.53260947188651
5.808,-0.5156398410352143
5.812,-0.5386936665433327
5.816,-0.5480363028155801
5.82,-0.5679150753578975
5.824,-0.5818770706404033
5.828,-0.5785205022922004
5.832,-0.5993361062118159
5.836,-0.6242293654895783
5.84,-0.6202143439489421
5.844,-0.6306929011767677
5.848,-0.6575166313279506
5.852,-0.6599004978065292
5.856,-0.6928480206065317
5.86,-0.6892464768007573
5.864,-0.7048012631237124
5.868,-0.7248888164352449
5.872,-0.7061149712265977
5.876,-0.7330911592886533
5.88,-0.749201972755813
5.884,-0.7500895628067054
5.888,-0.7651203526341844
5.892,-0.7733140511607506
5.896,-0.7707921237586866
5.9,-0.7739506489346524
5.904,-0.7813494203595286
5.908,-0.763366518387804
5.912,-0.7855584715028752
5.916,-0.7887551007957879
5.92,-0.7923847636535506
5.924,-0.7940552157367937
5.928,-0.7713284622390183
5.932,-0.7790912920601889
5.936,-0.7745804462757458
5.94,-0.7708853380755137
5.944,-0.7837929659563062
5.948,-0.7649591398198837
5.952,-0.7850254225138242
5.956,-0.788661265882492
5.96,-0.7728039135290059
5.964,-0.7738326977802886
5.968,-0.7724998106420877
5.972,-0.7623496759600891
5.976,-0.7699439227221481
5.98,-0.766314298867673
5.984,-0.7542280049491527
5.988,-0.763480669915178
5.992,-0.7594755795480383
5.996,-0.77681560587418
6.0,-0.7236186880271697
6.004,-0.7748432525075611
6.008,-0.7624067548710793
6.012,-0.7607426426064542
6.016,-0.7319558806303675
6.02,-0.7569871894530268
6.024,-0.7444640822360715
6.028,-0.7523690821864153
6.032,-0.754958095028172
6.036,-0.73662666542093
6.04,-0.747250581506545
6.044,-0.7356735094491293
6.048,-0.7291289346286235
6.052,-0.7139328770811284
6.056,-0.7431849928281433
6.06,-0.729612571526597
6.064,-0.7266787060655335
6.068,-0.7229926978475623
6.072,-0.6947100743969481
6.076,-0.7194850762194547
6.08,-0.7402676289594265
6.084,-0.7143099720981655
6.088,-0.7107230121338391
6.092,-0.7091054114602814
6.096,-0.7109669015986172
6.1,-0.7139885753311935
6.104,-0.6760542087880467
6.108,-0.6911715292092281
6.112,-0.6927466908510364
6.116,-0.6656890392780027
6.12,-0.6913400943132468
6.124,-0.671707492750663
6.128,-0.6845003568067763
6.132,-0.6577649827790433
6.136,-0.6686378517798717
6.14,-0.643149640849647
6.144,-0.6172490357122491
6.148,-0.6230421530509586
6.152,-0.6313842719355096
6.156,-0.5930377466165107
6.16,-0.5713248572918026
6.164,-0.5491696369131647
6.168,-0.5254875060395124
6.172,-0.5078068114920131
6.176,-0.5088133452789829
6.18,-0.5009716540711242
6.184,-0.49553158277884524
6.188,-0.48328043400447396
6.192,-0.4704227544075472
6.196,-0.4896739367374475
6.2,-0.48978964085002386
6.204,-0.4819742884102165
6.208,-0.503126986255585
6.212,-0.5031847565630767
6.216,-0.5255871409407175
6.22,-0.5247277305151787
6.224,-0.5444954062937184
6.228,-0.5635557439021268
6.232,-0.5410810494583285
6.236,-0.5619685680034302
6.24,-0.5601804989163098
6.244,-0.5657517480729357
6.248,-0.5532060489136064
6.252,-0.5540201092243984
6.256,-0.5497455862171019
6.26,-0.5577932141627487
6.264,-0.5494154360630779
6.268,-0.5409963629645838
6.272,-0.5256981760120589
6.276,-0.5338820377081646
6.28,-0.5426471739453953
6.284,-0.5255081362791748
6.288,-0.5253424548379036
6.292,-0.5391331235913908
6.296,-0.5330084887734833
6.3,-0.510597354238486
6.304,-0.5051017126346218
6.308,-0.5035671917517796
6.312,-0.48719092431260763
6.316,-0.5011428525862701
6.32,-0.5025182551926056
6.324,-0.49657598628158545
6.328,-0.4997383913240722
6.332,-0.5084650381858361
6.336,-0.540264881514456
6.34,-0.5842861407032811
6.344,-0.6150124289063393
6.348,-0.5973238006905591
6.352,-0.592491515171026
6.356,-0.5552952122077628
6.36,-0.4566021208920599
6.364,-0.3480668774143033
6.368,-0.23221639524354912
6.372,-0.05804652504924196
6.376,0.14401681190400345
6.38,0.3242691272527723
6.384,0.5226018789594453
6.388,0.608379268588445
6.392,0.5890665598547957
6.396,0.4427297461312525
6.4,0.25069281313986647
6.404,0.0746591804887966
6.408,-0.11672562618240745
6.412,-0.26428636103157577
6.416,-0.40161755269980365
6.42,-0.48970591322744916
6.424,-0.5718357328709321
6.428,-0.5919790950586629
6.432,-0.5824664518922305
6.436,-0.5071424950305341
6.44,-0.4606180480325741
6.444,-0.42714263708945577
6.448,-0.36053423005105045
6.452,-0.3282841011797777
6.456,-0.3200951266318688
6.46,-0.3163292375918655
6.464,-0.2914938509230392
6.468,-0.30149007251470333
6.472,-0.2801329209941913
6.476,-0.29034347484309153
6.48,-0.2791292315816745
6.484,-0.258008986505713
6.488,-0.25630766080672684
6.492,-0.254334869314604
6.496,-0.24818695917067166
6.5,-0.23997462471283698
6.504,-0.24150118347019545
6.508,-0.24112751785201605
6.512,-0.2122646195349555
6.516,-0.19422054183616513
6.52,-0.19455933579261203
6.524,-0.1885986352921993
6.528,-0.1931657962895992
6.532,-0.16159419095826077
6.536,-0.15412871020867286
6.54,-0.13915986986712453
6.544,-0.12344033333614633
6.548,-0.10410257931111386
6.552,-0.11643648543266899
6.556,-0.10264047921142685
6.56,-0.0718733047721704
6.564,-0.06535313082826272
6.568,-0.0490735799259253
6.572,-0.007187803767909118
6.576,-0.010125863404526841
6.58,0.019720092520228272
6.584,0.023759624368447793
6.588,0.06116841162738369
6.592,0.09287671124926103
6.596,0.11354616036259267
6.6,0.13188603761322215
6.604,0.14011816574626546
6.608,0.17071594216391117
6.612,0.18162540117786058
6.616,0.18948362704271593
6.62,0.21287784946713162
6.624,0.23157868762620537
6.628,0.22143805102373032
6.632,0.2343242457164191
6.636,0.25184558989570277
6.64,0.2475126937438161
6.644,0.25190531593712423
6.648,0.2627099876186651
6.652,0.2776647644090165
6.656,0.27658170947256716
6.66,0.2675708023118941
6.664,0.2622319107973422
6.668,0.2761090726972419
6.672,0.24357557855691914
6.676,0.2442489614774967
6.68,0.2281620791398474
6.684,0.2129463992850341
6.688,0.22919813040611703
6.692,0.2057812775543132
6.696,0.20740215053987082
6.7,0.1899137897484461
6.704,0.19720724574284368
6.708,0.16770145380825954
6.712,0.1829130548629076
6.716,0.17456062258807598
6.72,0.14281666382368563
6.724,0.1515731350352245
6.728,0.1637779901915543
6.732,0.16761815093106125
6.736,0.15690509730053434
6.74,0.14509027066921157
6.744,0.1394389232616839
6.748,0.15556869228388712
6.752,0.1470823397321572
6.756,0.1495517960002614
6.76,0.1537375478478655
6.764,0.1678777461546596
6.768,0.18063893374138215
6.772,0.17673718341623224
6.776,0.17078698538411016
6.78,0.166205128200769
6.784,0.18661873273133164
6.788,0.20154426076820192
6.792,0.20004000353309323
6.796,0.19733435751327907
6.8,0.19573094163164662
6.804,0.2095260317048591
6.808,0.22314341743175625
6.812,0.21949808003761173
6.816,0.22175851639429772
6.82,0.22156757702146748
6.824,0.26000158458842926
6.828,0.23087788786209526
6.832,0.23563998665567235
6.836,0.2528024337596598
6.84,0.25482765645194083
6.844,0.2727597640131202
6.848,0.27876965591084907
6.852,0.2617171312256285
6.856,0.2719542141863135
6.86,0.27639238888901313
6.864,0.2986142585966214
6.868,0.3006598129112609
6.872,0.2982531504910208
6.876,0.3097073356842438
6.88,0.3018390896246403
6.884,0.31121719031085743
6.888,0.3111658343292491
6.892,0.3311263322274927
6.896,0.3365758146512211
6.9,0.3307849670615337
6.904,0.3502937263314418
6.908,0.36209092039221047
6.912,0.34664187226861093
6.916,0.3591057972990837
6.92,0.3729340105189903
6.924,0.3731875646143757
6.928,0.3650374745005478
6.932,0.37995276914453063
6.936,0.38538249833918264
6.94,0.3944261490299349
6.944,0.40122383909792014
6.948,0.4250484567655286
6.952,0.41488737981647733
6.956,0.4082845301137329
6.96,0.43600470898084226
6.964,0.4635547470343738
6.968,0.45693187965181487
6.972,0.46840601826476086
6.976,0.4855851356072318
6.98,0.5118564639075078
6.984,0.5215228046123944
6.988,0.528800238103549
6.992,0.556667663083565
6.996,0.581483465368293
7.0,0.6047130002710367
7.004,0.6084234198977639
7.008,0.6231431711674645
7.012,0.6348551635198495
7.016,0.6311150300230234
7.02,0.6386604804775724
7.024,0.6414492502013154
7.028,0.6191717204141087
7.032,0.6261493212908552
7.036,0.6028409509859399
7.04,0.5931408619766639
7.044,0.5875130300999029
7.048,0.598914353896966
7.052,0.5605058614896969
7.056,0.5669718558042619
7.06,0.5669679251112079
7.064,0.576164993562566
7.068,0.5827429305034711
7.072,0.5591286834093908
7.076,0.5699192761062216
7.08,0.5656227065793963
7.084,0.5682589442325611
7.088,0.5751806651613277
7.092,0.5601057563803492
7.096,0.5792141183368442
7.1,0.5880693946679522
7.104,0.5789095781884304
7.108,0.5960623204550336
7.112,0.5781931294674724
7.116,0.6003938109166904
7.12,0.6168405564022299
7.124,0.6051666648586236
7.128,0.6014712149280903
7.132,0.6008524263157959
7.136,0.6227485661494333
7.14,0.6315350424099393
7.144,0.624147035935653
7.148,0.6200945013069122
7.152,0.6003730039335021
7.156,0.6074787218078375
7.16,0.575601553970825
7.164,0.5448704961514046
7.168,0.537653283234913
7.172,0.4884038090538599
7.176,0.49989184689404853
7.18,0.5577045845665717
7.184,0.6171591328103241
7.188,0.7077574905022535
7.192,0.838994885560628
7.196,0.9998986851384162
7.2,1.1829170456080549
7.204,1.393262084006658
7.208,1.575764568026171
7.212,1.676705212303597
7.216,1.6742559220064044
7.22,1.5551427222831948
7.224,1.385706978390986
7.228,1.1883127418096564
7.232,0.9887531057918553
7.236,0.8270830586568433
7.24,0.6958021816102266
7.244,0.5872257676553465
7.248,0.5061473885826888
7.252,0.4708641715816201
7.256,0.48003298050817395
7.26,0.5064815370816225
7.264,0.5747815514164486
7.268,0.6332408706453798
7.272,0.6985021941694654
7.276,0.7165000871009433
7.28,0.7317718021939232
7.284,0.7417478579350363
7.288,0.731445127119305
7.292,0.7537270065098712
7.296,0.7442223836285877
7.3,0.7447813360386796
7.304,0.735701671950216
7.308,0.746515383211362
7.312,0.7356428665307352
7.316,0.7537068064968471
7.32,0.7534587009912375
7.324,0.7584530584758623
7.328,0.7520130652034595
7.332,0.7766094931547471
7.336,0.7795120146502157
7.34,0.7948613108241255
7.344,0.799372818410941
7.348,0.7895888997831237
7.352,0.8040609239544938
7.356,0.8028281927531451
7.36,0.8029727504303179
7.364,0.812189815797455
7.368,0.8298230319954587
7.372,0.8735499116762382
7.376,0.8543753319936191
7.38,0.8560172436544845
7.384,0.870044138802881
7.388,0.8823922500707191
7.392,0.889920217241104
7.396,0.9122460684352867
7.4,0.9175778804171661
7.404,0.9239529309753012
7.408,0.9541738233382981
7.412,0.9710015303820698
7.416,0.9789119760057505
7.42,0.9988343051652426
7.424,1.0203544656753747
7.428,1.024673513273092
7.432,1.0343925154047249
7.436,1.044455909060891
7.44,1.060511544868324
7.444,1.0885239040395445
7.448,1.0797723279710467
7.452,1.092240512747435
7.456,1.0904824530414798
7.46,1.0928110922563814
7.464,1.089359832338681
7.468,1.09843285391183
7.472,1.0895955087061955
7.476,1.1029554531985624
7.48,1.082803760619791
7.484,1.0754236681708156
7.488,1.0645377607364765
7.492,1.0591743720445483
7.496,1.0583414944664058
7.5,1.0200510905388889
7.504,1.0195011470386248
7.508,0.9867782632053187
7.512,1.000116894093717
7.516,0.9720958292629048
7.52,0.9435788348270693
7.524,0.9313473475366352
7.528,0.9381960378062226
7.532,0.8998650863219847
7.536,0.9063556635025805
7.54,0.8870380133226042
7.544,0.8778759152761848
7.548,0.8623731810459698
7.552,0.8496785737336776
7.556,0.8452369331569879
7.56,0.8475300975630946
7.564,0.8313515770906668
7.568,0.8316871656509293
7.572,0.8189346140264253
7.576,0.8219848806819362
7.58,0.8151153024205925
7.584,0.8011730894187987
7.588,0.7931216646112086
7.592,0.8087007592202954
7.596,0.7878499732104646
7.6,0.7981344458373233
7.604,0.7908363317805325
7.608,0.7835066621332495
7.612,0.7902181636241057
7.616,0.7975282948109387
7.62,0.7881401268864917
7.624,0.7812964871218067
7.628,0.7943973747338577
7.632,0.7596599582218698
7.636,0.7635254538831179
7.64,0.7682591442730412
7.644,0.7853530693407831
7.648,0.778835293766132
7.652,0.7504746084412826
7.656,0.761481794012739
7.66,0.7507881484780301
7.664,0.7617718539290819
7.668,0.769310815149182
7.672,0.7681291193432492
7.676,0.7590950281579993
7.68,0.7501680961463137
7.684,0.7514277312964507
7.688,0.7571373522380701
7.692,0.7716593351867687
7.696,0.7341756614377756
7.7,0.75971391380481
7.704,0.7440230443604086
7.708,0.7475003333791624
7.712,0.7388230421880975
7.716,0.7486452122989296
7.72,0.7354903718385744
7.724,0.7232547183689328
7.728,0.7317508902728496
7.732,0.7359837323241415
7.736,0.7221434385380973
7.74,0.6987852941823542
7.744,0.7157217292198237
7.748,0.7151578542322627
7.752,0.710997692131972
7.756,0.7037286599831106
7.76,0.7191228974954338
7.764,0.6793551391056896
7.768,0.7012156261108081
7.772,0.6985710165470813
7.776,0.715717910507146
7.78,0.692022514543169
7.784,0.6942197254757952
7.788,0.6889174241613484
7.792,0.6869633265962987
7.796,0.7026223230571216
7.8,0.6736758146732117
7.804,0.6789696693532512
7.808,0.6953081444463469
7.812,0.6939357492963303
7.816,0.6937544712124095
7.82,0.7027647565036963
7.824,0.7210691972561907
7.828,0.726565063531268
7.832,0.7252639537476155
7.836,0.745745258086858
7.84,0.7533976303365274
7.844,0.7678591667502881
7.848,0.7671053070497408
7.852,0.7625477901454674
7.856,0.7822411933339339
7.86,0.7781165314246828
7.864,0.7800558509814601
7.868,0.7423935552681957
7.872,0.7413661390936125
7.876,0.7238231359608398
7.88,0.7045686103954725
7.884,0.6747074660279682
7.888,0.6610122736983977
7.892,0.6565792832287976
7.896,0.6322280775887306
7.9,0.6137987400568569
7.904,0.622850693068268
7.908,0.6204265582395587
7.912,0.5858242188374339
7.916,0.5624444688912322
7.92,0.5736690278788372
7.924,0.5420240459812856
7.928,0.5432684602960454
7.932,0.5553304285368298
7.936,0.5321561150646321
7.94,0.5380860051619907
7.944,0.5214244706757852
7.948,0.5321331471204379
7.952,0.5381624326824272
7.956,0.5161802286570756
7.96,0.5174929058621234
7.964,0.5048945243677737
7.968,0.5009411518007381
7.972,0.4954059158193791
7.976,0.5068632838011022
7.98,0.4800768696746508
7.984,0.48587567118376235
7.988,0.4875862261548718
7.992,0.4850304193368281
7.996,0.4686574640775689
8.0,0.44446681621950496
8.004,0.4104016113359844
8.008,0.3871729761697228
8.012,0.32922738803434826
8.016,0.29990970094005776
8.02,0.3150904381807961
8.024,0.32671635450590497
8.028,0.3762017395469825
8.032,0.4533021077978491
8.036,0.5507510417976158
8.04,0.677972299663663
8.044,0.8726244057664148
8.048,1.068346107425138
8.052,1.2421614882461127
8.056,1.359147514460179
8.06,1.3895266557870303
8.064,1.2891196057859573
8.068,1.1312416002872245
8.072,0.9211939766457802
8.076,0.7169677447379517
8.08,0.5437645427402403
8.084,0.39902174400952933
8.088,0.26519281645734105
8.092,0.18586230673757898
8.096,0.11280673025388166
8.1,0.11250819215197569
8.104,0.11047800582899411
8.108,0.14831697693136675
8.112,0.22638926256305958
8.116,0.2649307051355909
8.12,0.298244717234855
8.124,0.30018694401974655
8.128,0.3221468446187704
8.132,0.2940006568367606
8.136,0.3017199014114441
8.14,0.280817654304062
8.144,0.28569588375908794
8.148,0.28229462630478386
8.152,0.2786553161251691
8.156,0.2730156102858906
8.16,0.22794218681486908
8.164,0.25484475278208396
8.168,0.24520150715260694
8.172,0.2428323664266576
8.176,0.2397160832431932
8.18,0.24859104778073693
8.184,0.23748597656288026
8.188,0.2274603583711812
8.192,0.2154160623400534
8.196,0.24353765233316307
8.2,0.22044507023171056
8.204,0.22498116529831597
8.208,0.24775827802138822
8.212,0.22100831766451584
8.216,0.22609012731254546
8.22,0.2336330420968011
8.224,0.2185593443989108
8.228,0.22155296496359012
8.232,0.23893555989922086
8.236,0.24505564563171195
8.24,0.2573788381936881
8.244,0.2534259950593887
8.248,0.27527247121382814
8.252,0.25752602377981304
8.256,0.2868395081846418
8.26,0.29971725940770066
8.264,0.3079148230969721
8.268,0.3112634849467294
8.272,0.31408921869642614
8.276,0.3259053099183783
8.28,0.3464149315012527
8.284,0.33324759069586085
8.288,0.35291304759210274
8.292,0.35694095599823816
8.296,0.3290394009092299
8.3,0.34421307274075
8.304,0.33298388736119194
8.308,0.3231179604255389
8.312,0.3395134751519008
8.316,0.3278753752707227
8.32,0.31546439119659525
8.324,0.28988256701812376
8.328,0.28908372615644884
8.332,0.258592304891847
8.336,0.25583064386029813
8.34,0.2306332152170682
8.344,0.2289773587363443
8.348,0.19529759303376973
8.352,0.18115157414408634
8.356,0.16074253623747578
8.36,0.13708167481221334
8.364,0.11837445636186533
8.368,0.100064877218864
8.372,0.06814869991308034
8.376,0.061741558890629
8.38,0.04757649048113202
8.384,0.024852710863507932
8.388,6.167253026798103e-05
8.392,-0.011100086842080359
8.396,-0.032075554590525544
8.4,-0.04435846545244306
8.404,-0.06892944717743128
8.408,-0.05630468728120837
8.412,-0.06300872126231116
8.416,-0.1009097257333555
8.42,-0.09681373776619304
8.424,-0.1002539975268914
8.428,-0.13397477060722088
8.432,-0.155014295492806
8.436,-0.12681537561149311
8.44,-0.15021628326424413
8.444,-0.16306535431652028
8.448,-0.16483016128651312
8.452,-0.17614715340284373
8.456,-0.14977409859134544
8.46,-0.19138312056905846
8.464,-0.18933656703724455
8.468,-0.1860748698957915
8.472,-0.19238784325375438
8.476,-0.2004643715226308
8.48,-0.2217574127221466
8.484,-0.22502643465436764
8.488,-0.25119493007764193
8.492,-0.236089634787693
8.496,-0.24086826303183578
8.5,-0.23959414614655858
8.504,-0.2348398032694643
8.508,-0.25143691240147115
8.512,-0.2535738291708408
8.516,-0.2701623498171427
8.52,-0.2628308866547759
8.524,-0.2812286506976847
8.528,-0.2755807808337363
8.532,-0.2845700130934447
8.536,-0.29429754132998287
8.54,-0.31922366270868
8.544,-0.29845629698753007
8.548,-0.3111635684049814
8.552,-0.3134559683258372
8.556,-0.322864556112664
8.56,-0.3266401585288926
8.564,-0.32397341002219265
8.568,-0.34718040802662303
8.572,-0.3432064661648303
8.576,-0.36107904924458684
8.58,-0.35293961456998635
8.584,-0.3615748204005126
8.588,-0.37575788287172673
8.592,-0.3738509185985875
8.596,-0.385792427517826
8.6,-0.38918094210715454
8.604,-0.3871254135574959
8.608,-0.3932376125540084
8.612,-0.42034777360797715
8.616,-0.4026288952213677
8.62,-0.4145208251184286
8.624,-0.4207365283770727
8.628,-0.43290604753165013
8.632,-0.4270378023818813
8.636,-0.4366313885052433
8.64,-0.42329229547726
8.644,-0.45787430565953335
8.648,-0.453986050572598
8.652,-0.4580998375926086
8.656,-0.4479257179857903
8.66,-0.44059491457538946
8.664,-0.44796881962357166
8.668,-0.4632559124426605
8.672,-0.45435054329348784
8.676,-0.4542047177757365
8.68,-0.4353637803417181
8.684,-0.4376434837623232
8.688,-0.4386319581982685
8.692,-0.40911195445826837
8.696,-0.3924986846181122
8.7,-0.39756019838393986
8.704,-0.3865094898250011
8.708,-0.3968388994250991
8.712,-0.39928657282721414
8.716,-0.3975175699862535
8.72,-0.3835364708743561
8.724,-0.39399518683504187
8.728,-0.3967919247185091
8.732,-0.41857451945432717
8.736,-0.4233695140411392
8.74,-0.4426674419494728
8.744,-0.47341630994712247
8.748,-0.49890914574128775
8.752,-0.5259461563042916
8.756,-0.5090938499839104
8.76,-0.5479218047322872
8.764,-0.5668071688508408
8.768,-0.562172416284222
8.772,-0.5883690360244965
8.776,-0.5808063844904219
8.78,-0.5928579050927444
8.784,-0.5866830438640974
8.788,-0.593215061809726
8.792,-0.5956329294365452
8.796,-0.6092615305393659
8.8,-0.624258168240536
8.804,-0.6301756128799327
8.808,-0.6290906634431088
8.812,-0.607706665254913
8.816,-0.6339248581371257
8.82,-0.6335428347402126
8.824,-0.6236349971019289
8.828,-0.63989784076006
8.832,-0.6535143276559692
8.836,-0.6422832278967987
8.84,-0.6574466789404888
8.844,-0.6540389995174754
8.848,-0.6562872780247528
8.852,-0.6728094685632885
8.856,-0.6768507534230986
8.86,-0.6812494460854467
8.864,-0.7321658964898216
8.868,-0.7499092700750952
8.872,-0.8067419611886447
8.876,-0.8084583927357707
8.88,-0.8369745961918429
8.884,-0.8056483356620521
8.888,-0.7325531952422165
8.892,-0.6519633780431298
8.896,-0.5490528566638775
8.9,-0.4208473452965056
8.904,-0.22564400070429058
8.908,-0.025371203661539332
8.912,0.14593629706491518
8.916,0.27345798475404126
8.92,0.26891182105668465
8.924,0.16802007646250472
8.928,-0.009364844243462955
8.932,-0.18367272442613292
8.936,-0.4065424498923391
8.94,-0.5783053141814829
8.944,-0.72451333759641
8.948,-0.8153343345491302
8.952,-0.9317496805837067
8.956,-0.9847084228084789
8.96,-0.9878210387857831
8.964,-0.956309922840721
8.968,-0.8964664656334702
8.972,-0.8534506700996747
8.976,-0.7870574164947366
8.98,-0.7820642453218831
8.984,-0.7724114587551631
8.988,-0.7688487313582758
8.992,-0.7650838545307221
8.996,-0.7700815007729087
9.0,-0.7523535944035731
9.004,-0.7713626450240003
9.008,-0.764076592408408
9.012,-0.7742962819965893
9.016,-0.7768287759155698
9.02,-0.7549058850661876
9.024,-0.7506038299676094
9.028,-0.7543406497114308
9.032,-0.7818430866935779
9.036,-0.7802116775361507
9.04,-0.7464680643650022
9.044,-0.7677204767924567
9.048,-0.7773557962867811
9.052,-0.7506654276261155
9.056,-0.7580858093576156
9.06,-0.7496712471637935
9.064,-0.7736309279279995
9.068,-0.7496280301272338
9.072,-0.731171915597814
9.076,-0.7405016681472525
9.08,-0.7143020613616431
9.084,-0.7314749786522154
9.088,-0.7101907035278523
9.092,-0.6824936232371532
9.096,-0.6994877465028267
9.1,-0.6735181441039817
9.104,-0.6579343918528209
9.108,-0.6498264777122054
9.112,-0.6397251226795312
9.116,-0.6321486711587476
9.12,-0.6074248242137397
9.124,-0.5964496832165884
9.128,-0.5960443613345918
9.132,-0.5573733179144557
9.136,-0.5648057444051688
9.14,-0.5579949886368267
9.144,-0.5390920270824362
9.148,-0.5325541003229394
9.152,-0.5181232742555419
9.156,-0.5214527869019766
9.16,-0.4997332667599231
9.164,-0.48737714073874766
9.168,-0.49895221466370615
9.172,-0.5151481312291286
9.176,-0.5123890708245278
9.18,-0.5054026384532548
9.184,-0.533365668500306
9.188,-0.5337099813269557
9.192,-0.5470034469993821
9.196,-0.5398115728285124
9.2,-0.530884869165277
9.204,-0.5775593963366122
9.208,-0.5699220710084663
9.212,-0.5973417191769869
9.216,-0.6187959120412434
9.22,-0.6039177563810765
9.224,-0.6118115245664306
9.228,-0.6428568454038581
9.232,-0.6564779212301043
9.236,-0.6720384169227169
9.24,-0.6860229401284638
9.244,-0.69225369029253
9.248,-0.6991777144726212
9.252,-0.698717549430975
9.256,-0.7290951745041506
9.26,-0.7302109676169646
9.264,-0.7390976191902054
9.268,-0.7338366926461921
9.272,-0.7251124024269192
9.276,-0.7427794957701459
9.28,-0.7489013031256357
9.284,-0.7506450383006129
9.288,-0.7492679876650296
9.292,-0.7394520199160112
9.296,-0.781597004715106
9.3,-0.7594407161516993
9.304,-0.7915406576985061
9.308,-0.7561532554762509
9.312,-0.7597849366232228
9.316,-0.7701221656149937
9.32,-0.7904783352357398
9.324,-0.7628429809488008
9.328,-0.7592158063474166
9.332,-0.7606682686806248
9.336,-0.7647123316870521
9.34,-0.7658117262345755
9.344,-0.7556066751445085
9.348,-0.7612635965019363
9.352,-0.7432286090241695
9.356,-0.7501141406791807
9.36,-0.7645144276727908
9.364,-0.7433817517497874
9.368,-0.7388322568962311
9.372,-0.7245674348350769
9.376,-0.7291893604733597
9.38,-0.7451334177193272
9.384,-0.7195179072174968
9.388,-0.7452213012667576
9.392,-0.7286202319778083
9.396,-0.7188590160888636
9.4,-0.709268007309781
9.404,-0.7023791479710265
9.408,-0.7058923920942151
9.412,-0.7173357436338693
9.416,-0.7074613975027262
9.42,-0.7082609454673097
9.424,-0.7148039145774874
9.428,-0.7060267083236166
9.432,-0.6840067417823096
9.436,-0.6925865197567282
9.44,-0.6754578934522998
9.444,-0.7038062213381971
9.448,-0.6936303327940683
9.452,-0.6823650908038325
9.456,-0.6756152689943724
9.46,-0.6804730450675718
9.464,-0.6672114455117519
9.468,-0.6627111454990688
9.472,-0.6792918246777688
9.476,-0.6518008693544757
9.48,-0.6414563050051175
9.484,-0.6407850957801087
9.488,-0.6521983813770335
9.492,-0.6249536019251029
9.496,-0.6044535211797821
9.5,-0.602450640065037
9.504,-0.5680929829767596
9.508,-0.552369307960555
9.512,-0.5401762991414512
9.516,-0.5233795929815395
9.52,-0.504644133172771
9.524,-0.49145490818356086
9.528,-0.49171008666702953
9.532,-0.4738281043176764
9.536,-0.4631155140602763
9.54,-0.4477480564565005
9.544,-0.45673851425882517
9.548,-0.45387219748164387
9.552,-0.49015500747540475
9.556,-0.4889702939218018
9.56,-0.47492979631341825
9.564,-0.5135083958589024
9.568,-0.5235640805984784
9.572,-0.5274008328113253
9.576,-0.5117653826741504
9.58,-0.5442377012642428
9.584,-0.5357903502298786
9.588,-0.5396319307011685
9.592,-0.563531621148005
9.596,-0.5438165975194402
9.6,-0.5475482982622082
9.604,-0.5327643273111853
9.608,-0.519040261199399
9.612,-0.5362898790352402
9.616,-0.5323613081234945
9.62,-0.4995653079559892
9.624,-0.5275169559999134
9.628,-0.5293701267995594
9.632,-0.4976179416239508
9.636,-0.5072909687582629
9.64,-0.4992940508914795
9.644,-0.4751153150633043
9.648,-0.5067300533491629
9.652,-0.48990030724780836
9.656,-0.49555836567584693
9.66,-0.475207890001375
9.664,-0.4799235458723273
9.668,-0.4833689755337413
9.672,-0.46494866853007966
9.676,-0.4792714563115074
9.68,-0.5085241629550369
9.684,-0.5343286488538811
9.688,-0.5509869458429081
9.692,-0.593156643707965
9.696,-0.5775150414092889
9.7,-0.5419905353054848
9.704,-0.49609941361857346
9.708,-0.4303114045354538
9.712,-0.3146854229321479
9.716,-0.1886296667258256
9.72,0.004767788818471452
9.724,0.20649335981925115
9.728,0.40039001851097183
9.732,0.5667634736151519
9.736,0.5981970385799478
9.74,0.5551336351785708
9.744,0.4139496122615145
9.748,0.22672169723133168
9.752,0.04587116171160993
9.756,-0.13516288237356908
9.76,-0.28534350995806923
9.764,-0.401685587033542
9.768,-0.4934424073303262
9.772,-0.540149867210969
9.776,-0.5921561652592474
9.78,-0.5434467054714684
9.784,-0.5019015426676094
9.788,-0.42660336587507197
9.792,-0.36909563794748246
9.796,-0.3258677859309488
9.8,-0.2921452328250476
9.804,-0.30704922636208043
9.808,-0.27411996570976666
9.812,-0.2779051943605586
9.816,-0.2756945337884268
9.82,-0.24471465668550074
9.824,-0.2519595337460886
9.828,-0.25697645419870185
9.832,-0.23692652610270554
9.836,-0.24049880531321205
9.84,-0.2377202775060069
9.844,-0.2325875636548685
9.848,-0.21636159439997837
9.852,-0.21813071052346197
9.856,-0.2026815168759268
9.86,-0.18721948205990566
9.864,-0.1863960004544108
9.868,-0.15865019991061619
9.872,-0.16864322884253047
9.876,-0.14503393689784305
9.88,-0.13784346264452474
9.884,-0.12071560701214934
9.888,-0.10384190331342984
9.892,-0.12796197755415192
9.896,-0.09364276826049842
9.9,-0.08249988238062375
9.904,-0.06448994848577358
9.908,-0.05294977482243185
9.912,-0.03696124794785245
9.916,-0.02430449529821041
9.92,0.006578745335216782
9.924,0.03445797830039275
9.928,0.040174493293644004
9.932,0.06216019854390857
9.936,0.07897778295239416
9.94,0.09652895538597386
9.944,0.12443228179489588
9.948,0.15015027083452187
9.952,0.1786087323380416
9.956,0.17261277783691903
9.96,0.20170288814775253
9.964,0.23003847617392126
9.968,0.2213152504789247
9.972,0.2590560930586632
9.976,0.253579859431312
9.98,0.27486270113928685
9.984,0.2734734434491394
9.988,0.28623507930981784
9.992,0.30182052358962713
9.996,0.2867244148521659
10.0,0.2983100859875396
10.004,0.2898013128057977
10.008,0.27634290311920295
10.012,0.2784942541410052
10.016,0.27239628531962307
10.02,0.25386335392407766
10.024,0.2652594247576501
10.028,0.25933061462470464
10.032,0.25256045563465557
10.036,0.25022704480129837
10.04,0.2369601888884678
10.044,0.21305903676417964
10.048,0.20719162385970818
10.052,0.2119605272020756
10.056,0.20054147398861932
10.06,0.19022425870592125
10.064,0.1761720936544447
10.068,0.17493770247566726
10.072,0.18223691269738773
10.076,0.15391341472845382
10.08,0.1478784416784574
10.084,0.17689100295517338
10.088,0.16409208338750847
10.092,0.17433071076646806
10.096,0.18633041886703805
10.1,0.1619975318610952
10.104,0.15758625407789695
10.108,0.17420399628548014
10.112,0.1732802759128113
10.116,0.18345391678294426
10.12,0.19303305332300624
10.124,0.1951813245983581
10.128,0.19690929720515465
10.132,0.21178996451702814
10.136,0.2128688924946184
10.14,0.20946028494519156
10.144,0.22286903337540612
10.148,0.2064074263499571
10.152,0.23793125969766563
10.156,0.2330107205436973
10.16,0.22632646649479748
10.164,0.23974781549719582
10.168,0.2598963575396415
10.172,0.24746815442528
10.176,0.2648843993983685
10.18,0.2752039349457837
10.184,0.27229768425584255
10.188,0.26904014806343024
10.192,0.28267245861960105
10.196,0.27483321817508316
10.2,0.289644585490954
10.204,0.28904970206358377
10.208,0.305229473641839
10.212,0.2985669407734304
10.216,0.3176402852211011
10.22,0.33366548235371624
10.224,0.3398097373580654
10.228,0.3209028832998327
10.232,0.332192957839515
10.236,0.3528785778368439
10.24,0.3569021674345382
10.244,0.3492559859599446
10.248,0.35615855303841554
10.252,0.3675800763843913
10.256,0.3543492024559903
10.26,0.38414919669613473
10.264,0.3963593720877703
10.268,0.3888527940594383
10.272,0.38654456040540947
10.276,0.4238521228566746
10.28,0.4221329079983469
10.284,0.43867544994948887
10.288,0.4316199815245306
10.292,0.44657893793793446
10.296,0.4804502555580322
10.3,0.5045731287458282
10.304,0.5020514900379133
10.308,0.5318791247382936
10.312,0.536382017542761
10.316,0.5635938944524178
10.32,0.5845557912299446
10.324,0.6059090432755201
10.328,0.5905951630364653
10.332,0.6318016430732629
10.336,0.6199949225502066
10.34,0.6340389504616646
10.344,0.6241744110073023
10.348,0.6191282243223549
10.352,0.62232643483342
10.356,0.5847614439506723
10.36,0.5841319265772473
10.364,0.563527833411366
10.368,0.5640902061446293
10.372,0.5653980062080161
10.376,0.5641737424745925
10.38,0.5454533617561604
10.384,0.5352041230546246
10.388,0.5474021350220576
10.392,0.5387960291166339
10.396,0.5431917650287755
10.4,0.5581244235714915
10.404,0.5592859002018403
10.408,0.5662136991946466
10.412,0.5582282726337838
10.416,0.5756044771662527
10.42,0.5696841009087147
10.424,0.5707846408751184
10.428,0.5667483440370383
10.432,0.5609488217810017
10.436,0.5703077752190168
10.44,0.5921785526274921
10.444,0.584997350592988
10.448,0.5816319392530659
10.452,0.597839306540112
10.456,0.608613715426653
10.46,0.6132486624409782
10.464,0.6106916258301036
10.468,0.6089459752577444
10.472,0.5963972221754891
10.476,0.5908812128533534
10.48,0.5555740824518345
10.484,0.5246191506122019
10.488,0.5102769204313353
10.492,0.5016993013727052
10.496,0.51327608618994
10.5,0.5614567809694099
10.504,0.6370563178568317
10.508,0.7235056719022669
10.512,0.8922173127890618
10.516,1.0501662130390632
10.52,1.2692562805935768
10.524,1.461661661959206
10.528,1.6269365114436853
10.532,1.6794758713234823
10.536,1.6360005247378342
10.54,1.4804915300187222
10.544,1.2800583850554121
10.548,1.0926155258407209
10.552,0.8923967707325354
10.556,0.7591278755859481
10.56,0.6322248742295467
10.564,0.5407451430770012
10.568,0.49006639373771443
10.572,0.46427486615751645
10.576,0.4753413230111543
10.58,0.5305462642464629
10.584,0.5842852002831642
10.588,0.6693137440079266
10.592,0.687064397821614
10.596,0.7011434569757439
10.6,0.727847814629327
10.604,0.7377732539943664
10.608,0.7214665941890034
10.612,0.7180238361243395
10.616,0.722783642907715
10.62,0.731044915608203
10.624,0.7399999252979057
10.628,0.7271220509885814
10.632,0.7422005285909551
10.636,0.7474008755688315
10.64,0.7559862671551143
10.644,0.7623098319540278
10.648,0.76389972462983
10.652,0.7817814136276798
10.656,0.7791084611855013
10.66,0.775078985061173
10.664,0.7682863238933678
10.668,0.7768645696988872
10.672,0.775515014113295
10.676,0.7981272478870062
10.68,0.8073629538599746
10.684,0.8211459432176785
10.688,0.8238109065726187
10.692,0.8413839709663951
10.696,0.852101007352848
10.7,0.8423983456060201
10.704,0.8596224246910976
10.708,0.8775872224456577
10.712,0.8842520064790556
10.716,0.9031432330566956
10.72,0.923406747897942
10.724,0.9344178926839382
10.728,0.9512039580032552
10.732,0.9574649302561996
10.736,0.9876069179896205
10.74,1.0022945920858402
10.744,1.0053213255739886
10.748,1.0143534252945305
10.752,1.0530713322271579
10.756,1.0706705552328746
10.76,1.06669520632237
10.764,1.0704479574963526
10.768,1.0926403304441403
10.772,1.0932540142774334
10.776,1.090970484991334
10.78,1.1053662764870875
10.784,1.0882402638013535
10.788,1.088121357574388
10.792,1.0954354902481387
10.796,1.087858932276993
10.8,1.086258058207997
10.804,1.0833725061707176
10.808,1.0460134253399767
10.812,1.050751582255012
10.816,1.057118808969514
10.82,1.019016711714712
10.824,1.0040483437028795
10.828,0.9745489124901909
10.832,0.9834926010272079
10.836,0.9737441794397659
10.84,0.959311890793706
10.844,0.9290301435128558
10.848,0.9256144092751863
10.852,0.9147631919818409
10.856,0.9005564214415442
10.86,0.8772898980965944
10.864,0.8779802540174874
10.868,0.8588284143186874
10.872,0.8388316147217751
10.876,0.8557453941513424
10.88,0.842500092993986
10.884,0.8399405324814772
10.888,0.8223123732893716
10.892,0.8282229877177312
10.896,0.8270916210200766
10.9,0.829878974012778
10.904,0.8164450404283794
10.908,0.8085634953344183
10.912,0.7877122493708816
10.916,0.7975749852510907
10.92,0.7818270660637465
10.924,0.7855171348348483
10.928,0.8111060789942682
10.932,0.7793350301846476
10.936,0.7642766864681856
10.94,0.7940701001729789
10.944,0.7775172360078001
10.948,0.7902897339002297
10.952,0.7693042893107875
10.956,0.7751613685127764
10.96,0.789800599429665
10.964,0.7630388373150063
10.968,0.7729711469219805
10.972,0.7759622978984776
10.976,0.7642175692967539
10.98,0.7721611841402815
10.984,0.7681970283949642
10.988,0.7716499294726382
10.992,0.7829532704441785
10.996,0.7894715864761747
11.0,0.7655011314739546
11.004,0.7578716325532278
11.008,0.7614512697282446
11.012,0.7527445227621318
11.016,0.7371760645393205
11.02,0.7505248371226063
11.024,0.7597105835686674
11.028,0.7320984001162042
11.032,0.7347142322828557
11.036,0.7365127210427205
11.04,0.7437857074396714
11.044,0.7615203029297303
11.048,0.7273033071025574
11.052,0.7339130117746928
11.056,0.7306213959580796
11.06,0.7250723900268752
11.064,0.7250876938904204
11.068,0.7183560071993599
11.072,0.7478307763287639
11.076,0.7252545531001315
11.08,0.7105126340793404
11.084,0.724186089103054
11.088,0.712154034399923
11.092,0.7073653308152998
11.096,0.7021285144869418
11.1,0.6985789732186439
11.104,0.6859844596023331
11.108,0.6785372260829013
11.112,0.6960728589105252
11.116,0.687564952174748
11.12,0.6954495780097655
11.124,0.6750939663780173
11.128,0.6705425428289227
11.132,0.6871360752714308
11.136,0.6747412709519793
11.14,0.6852185006536522
11.144,0.6768155595166881
11.148,0.696154431881147
11.152,0.6871374913794928
11.156,0.6873766328224029
11.16,0.6966081490818501
11.164,0.6928713505830602
11.168,0.6877174078391415
11.172,0.7175838094578451
11.176,0.7440487380317421
11.18,0.7125968876157679
11.184,0.7505173435478337
11.188,0.7394263512787362
11.192,0.7613012483180377
11.196,0.7661565723637345
11.2,0.7731738950017569
11.204,0.7643533010475205
11.208,0.7687053423756469
11.212,0.7557799308184933
11.216,0.7282315132755218
11.22,0.7248626328525134
11.224,0.6929617836550372
11.228,0.6726973024524808
11.232,0.64701983226448
11.236,0.6544156173718099
11.24,0.6217321005260568
11.244,0.5854689347364996
11.248,0.6017124239283905
11.252,0.5802114964152234
11.256,0.571363926893074
11.26,0.5631620465723102
11.264,0.5544223862545512
11.268,0.5782584109840085
11.272,0.5614959889435808
11.276,0.5462598261213646
11.28,0.5364399895949091
11.284,0.5403140808673556
11.288,0.5266155020086312
11.292,0.5275794083400176
11.296,0.5202906380294996
11.3,0.5112964892723039
11.304,0.5147192795782687
11.308,0.49640463634298415
11.312,0.4964612452677196
11.316,0.48132705251954766
11.32,0.4776883723759192
11.324,0.45615757464465345
11.328,0.4808766918974118
11.332,0.4777041782103877
11.336,0.4732573604070991
11.34,0.43890430926562907
11.344,0.43406411702819625
11.348,0.3992041722722677
11.352,0.3675951006984179
11.356,0.3141932277422249
11.36,0.29003628826073036
11.364,0.2742933171960865
11.368,0.307687702768279
11.372,0.36718832366738635
11.376,0.4472232558483004
11.38,0.5370587358787037
11.384,0.6941938346205268
11.388,0.8824954247825949
11.392,1.093680442564576
11.396,1.2480697196568409
11.4,1.369898122562215
11.404,1.365756534749095
11.408,1.2674338706558483
11.412,1.0856942714856976
11.416,0.873507315420031
11.42,0.6759856057082592
11.424,0.5167262947266051
11.428,0.3552806135043617
11.432,0.23618725340096955
11.436,0.15571564755132694
11.44,0.09627793634171111
11.444,0.08091916298857682
11.448,0.10978967648746768
11.452,0.14704158249194865
11.456,0.20106762340891043
11.46,0.26049863506740467
11.464,0.27262641695389406
11.468,0.28942438358755557
11.472,0.2965398129111912
11.476,0.2895277638078986
11.48,0.2625861802563741
11.484,0.2698658105696416
11.488,0.2761045694434624
11.492,0.2656290336296016
11.496,0.25703008947501454
11.5,0.23369574009270755
11.504,0.2389655196017031
11.508,0.2410330871885144
11.512,0.2214943591353098
11.516,0.23934670668912392
11.52,0.22617802781224441
11.524,0.20383536601269003
11.528,0.21462864197565262
11.532,0.21453356906213517
11.536,0.213695784846402
11.54,0.22734166053853716
11.544,0.21769167544604984
11.548,0.19768050842064266
11.552,0.19658637666436654
11.556,0.20972430273018164
11.56,0.2153683486175899
11.564,0.22657429095274143
11.568,0.2373386957419633
11.572,0.24211575067012325
11.576,0.22490995442121176
11.58,0.2445272038031291
11.584,0.24601550375288667
11.588,0.23807693437220437
11.592,0.23787559271629352
11.596,0.26638322634539613
11.6,0.25844827221338745
11.604,0.27344626162925095
11.608,0.28359256100407015
11.612,0.30083031659093806
11.616,0.31916643510129383
11.62,0.3135098976923164
11.624,0.3141109762578127
11.628,0.30382436582224054
11.632,0.3328028545971658
11.636,0.3307422851614624
11.64,0.3255742475384936
11.644,0.3416002006000591
11.648,0.3150611703229785
11.652,0.3152542377184489
11.656,0.31286863396924314
11.66,0.30100972935519527
11.664,0.3015995208790529
11.668,0.2884248582144176
11.672,0.2803399802745018
11.676,0.2593946286465241
11.68,0.23642503145976707
11.684,0.21624254142824578
11.688,0.20531182223805503
11.692,0.179240169549327
11.696,0.16147716592527375
11.7,0.14564926941191328
11.704,0.12137168104664434
11.708,0.10257968571342205
11.712,0.07133771490117094
11.716,0.0728954485596156
11.72,0.0290130391660227
11.724,0.02579244525572047
11.728,-0.0014111751251616456
11.732,-0.002892110852047991
11.736,-0.021207593115979917
11.74,-0.04553857227673182
11.744,-0.04458265885787714
11.748,-0.0757652953754172
11.752,-0.07800989262594593
11.756,-0.10623413653146185
11.76,-0.10632064501241514
11.764,-0.13039737009027366
11.768,-0.13093865961597403
11.772,-0.14112287847912075
11.776,-0.14077037071374093
11.78,-0.1647385802654065
11.784,-0.13535464642468584
11.788,-0.18759910545850852
11.792,-0.17881934039583194
11.796,-0.18536551889198735
11.8,-0.18972036526090147
11.804,-0.2069114172503499
11.808,-0.20582512572943465
11.812,-0.22022865056953478
11.816,-0.20207320307670273
11.82,-0.2332748823077806
11.824,-0.23443853833674802
11.828,-0.24555530917596713
11.832,-0.25282875664266996
11.836,-0.2646908827871941
11.84,-0.24977051905737074
11.844,-0.26899377175421935
11.848,-0.27597944039605377
11.852,-0.28335359070037014
11.856,-0.27636644886479345
11.86,-0.2848584735154132
11.864,-0.29045568228833574
11.868,-0.30395415834908013
11.872,-0.297590538797818
11.876,-0.3141492046293165
11.88,-0.3123875987986505
11.884,-0.32003142633259307
11.888,-0.3410446390445736
11.892,-0.30937859854092675
11.896,-0.32940602682509834
11.9,-0.33881994238082846
11.904,-0.34269015750917653
11.908,-0.33097589032048585
11.912,-0.3455390853361014
11.916,-0.3588082357966471
11.92,-0.3747462889645337
11.924,-0.3785146853006005
11.928,-0.39636600938999295
11.932,-0.3873175851757855
11.936,-0.38229328136239193
11.94,-0.3878252708636241
11.944,-0.3932186073104867
11.948,-0.40971351520108723
11.952,-0.40417856820368037
11.956,-0.4065065032828166
11.96,-0.44197783493028625
11.964,-0.421480297674491
11.968,-0.4083223846222513
11.972,-0.43635877398949086
11.976,-0.4625571153044749
11.98,-0.44879137856710355
11.984,-0.46138180507542215
11.988,-0.45118482907462004
11.992,-0.45749287356415125
11.996,-0.4349403360617766
12.0,-0.22924335651595862
12.004,-0.3327214458442573
12.008,-0.5285100787240223
12.012,-0.33263180838010337
12.016,-0.3885886865778066
12.02,-0.7363408718925241
12.024,-0.4068916736224447
12.028,-0.6301902557151523
12.032,-0.2848130762784533
12.036,-0.4057610071705099
12.04,-0.20547806234911575
12.044,-0.4946196284524127
12.048,-0.6517186070971113
12.052,-0.5916487987743194
12.056,0.012301803897604935
12.06,0.17742544550587525
12.064,-0.01755564188359454
12.068,-0.7580282202991966
12.072,-0.7546213533032073
12.076,-0.6936941043397069
12.08,-0.3550681140101707
12.084,-0.09811775152234886
12.088,-0.3560497216806441
12.092,-0.5152950794641585
12.096,-0.7520855576072301
12.1,-0.6136806774787263
12.104,-0.5513463723975984
12.108,-0.39980474224431295
12.112,-0.6880656275275565
12.116,-0.5087748760859865
12.12,-0.5462101841127287
12.124,-0.5852439558035055
12.128,-0.6633619072736843
12.132,-0.5716953915806862
12.136,-0.6327107462070285
12.14,-0.782296867630742
12.144,-0.4540156500376338
12.148,-0.30816734720062394
12.152,-0.5844347172607948
12.156,-0.6302525412823766
12.16,-0.4716412317393538
12.164,-0.5870725336057755
12.168,-0.4124044094654498
12.172,-0.596611779609642
12.176,-0.5214750744881439
12.18,-0.29328999002053374
12.184,-0.40727297633697684
12.188,-0.7022502502903684
12.192,-0.46691334371108417
12.196,-0.9646229456909281
12.2,-0.8275424417842947
12.204,-0.637927283394466
12.208,-0.48758671596588826
12.212,-0.911194669341409
12.216,-0.7102742842228407
12.22,-0.6065304093236134
12.224,-0.48996180001076767
12.228,-0.5744216980706
12.232,-0.0392723406272614
12.236,-0.18903148494362276
12.24,0.4655095940781598
12.244,0.6060599665440404
12.248,0.1820646122311689
12.252,-0.06347281803554128
12.256,-0.011485175543274474
12.26,-0.3000687835358902
12.264,-0.4481555435524642
12.268,-0.5518585390592282
12.272,-0.8791432465813431
12.276,-0.45630300238491517
12.28,-1.0058354069125597
12.284,-0.7428722738870539
12.288,-1.1186431901192138
12.292,-0.8669813386724696
12.296,-0.7491527323659322
12.3,-0.7598838853030955
12.304,-0.7891782434295034
12.308,-0.8238243216744645
12.312,-0.7993374154373636
12.316,-0.8491607569890243
12.32,-0.6480385767149042
12.324,-0.35482102477396654
12.328,-0.6524699682822597
12.332,-0.5852970079231887
12.336,-0.49327353756746384
12.34,-0.8170550916643605
12.344,-1.0727575548105697
12.348,-0.7191653780591851
12.352,-0.557053410502159
12.356,-0.3368255045552481
12.36,-0.9208945012871583
12.364,-0.4910699313342256
12.368,-0.6784780446869535
12.372,-0.7994319789462426
12.376,-0.9434219005600286
12.38,-0.8396941118194394
12.384,-0.6185193800579291
12.388,-0.510172061992705
12.392,-1.2811406439592126
12.396,-0.6230151335224465
12.4,-0.8277810523769088
12.404,-0.817811766813537
12.408,-0.6322275139792938
12.412,-0.332304001651131
12.416,-0.8326756579515717
12.42,-0.7021578303736468
12.424,-1.0125271197976207
12.428,-0.6101276047427472
12.432,-0.8301798635166484
12.436,-0.3438638240397393
12.44,-0.582379448310588
12.444,-0.7107842219612408
12.448,-0.6893843610271636
12.452,-0.5669202245733577
12.456,-0.47249474836135064
12.46,-0.8479443515353249
12.464,-0.6433764840066337
12.468,-0.6005315228381501
12.472,-0.552691183104426
12.476,-0.3222666327526522
12.48,-0.858142882275359
12.484,-0.3816693686527458
12.488,-0.5106148878527415
12.492,-0.6894917378474529
12.496,-0.43737693916241627
12.5,-0.6940678025266803
12.504,-0.9711409705770733
12.508,-1.3142967625990734
12.512,-0.8624020633637505
12.516,-0.7560281424925432
12.52,-0.6186990251779584
12.524,-0.5624613446114473
12.528,-0.7531119725308992
12.532,-0.9892205453832508
12.536,-0.8057091337055402
12.54,-0.7923626646845452
12.544,-0.4251074207848541
12.548,-0.6721600740847289
12.552,-1.1358102141522475
12.556,-0.9149086647165199
12.56,-0.7120452968319888
12.564,-0.8523907183626025
12.568,-1.2188795124767156
12.572,-0.7534907521569215
12.576,-0.8443239293355794
12.58,-0.9562161862168088
12.584,-1.1092840831111221
12.588,-0.7401711949532266
12.592,-1.3114720164359155
12.596,-1.3075585478822889
12.6,-1.1376303498232263
12.604,-0.9576343749783363
12.608,-1.2690185546118176
12.612,-1.1252574449795654
12.616,-1.0884495850436973
12.62,-0.9404596434561256
12.624,-1.0936772958984031
12.628,-1.0992397528193196
12.632,-1.1959527391287528
12.636,-0.8041139869901315
12.64,-0.8943602380586022
12.644,-0.9164287482166575
12.648,-1.2076774605910239
12.652,-1.1341085595122467
12.656,-0.9172671629310164
12.66,-1.1596905977881153
12.664,-1.2364863626069362
12.668,-0.9679104552107962
12.672,-1.3094833805787411
12.676,-1.0802508651931035
12.68,-0.8803585218240995
12.684,-1.003737317451882
12.688,-1.2489097496450159
12.692,-0.9161410188702236
12.696,-1.1493786379842177
12.7,-0.8382577279010547
12.704,-0.9097753597783227
12.708,-1.0737014972857366
12.712,-1.1448564764021973
12.716,-1.1646625729872744
12.72,-0.47658195675138837
12.724,-1.4477934810859026
12.728,-1.3213161306305397
12.732,-0.7654164203035805
12.736,-0.7649236994022153
12.74,-0.8773684548008002
12.744,-1.3438284076330245
12.748,-0.8225499562698164
12.752,-1.125346334973527
12.756,-0.9351045220298952
12.76,-0.8331828458975165
12.764,-0.7874480868395232
12.768,-1.0123104289771887
12.772,-0.6109953892485732
12.776,-0.6805075364998492
12.78,-1.0456460758167574
12.784,-0.9300540920945158
12.788,-0.9878637332530251
12.792,-0.8129890690335666
12.796,-0.6661490654115807
12.8,-1.1470597864423917
12.804,-1.1601347596389926
12.808,-0.9177869438839719
12.812,-0.4330385972266059
12.816,-0.6624880506547761
12.82,-0.3725166564917035
12.824,-0.7124679161535193
12.828,-0.8067538300913508
12.832,-0.9590970842006633
12.836,-0.7573497621860765
12.84,-0.6824408040966276
12.844,-1.0232113805708298
12.848,-0.6804239880975592
12.852,-0.6661379858148376
12.856,-0.4397017283455689
12.86,-0.4233736066794713
12.864,-0.3249863266657477
12.868,-0.6593195595637893
12.872,-0.5412275384131731
12.876,-0.13536941965468358
12.88,-0.3344155094605865
12.884,-0.10840392400667836
12.888,-0.2829150905103055
12.892,-0.22028653890956995
12.896,-0.14267659696373813
12.9,-0.33909214054465986
12.904,-0.35735793345560674
12.908,-0.3473175129190636
12.912,-0.23748692570780305
12.916,-0.11137322178729447
12.92,-0.27410384521450815
12.924,0.0496095613080938
12.928,0.1784230647805325
12.932,-0.34661840601150373
12.936,0.07898503138996471
12.94,-0.1297832671929206
12.944,-0.04714320042204834
12.948,-0.12668456751459783
12.952,0.1939727958714093
12.956,0.029886256254609556
12.96,-0.10444313229661778
12.964,-0.1149686263583154
12.968,-0.25454003299458045
12.972,-0.0966348869143927
12.976,0.2868971905715955
12.98,0.2563888455784079
12.984,-0.0709541371586836
12.988,-0.14071432614843948
12.992,0.2704895441345738
12.996,0.18187240098207952
13.0,-0.2822455585283548
13.004,0.7204129042085317
13.008,0.15671834211008062
13.012,0.5126523624121042
13.016,0.18140024149270695
13.02,-0.06595414147617623
13.024,0.18351243045496934
13.028,-0.18569878072259582
13.032,0.0638638391689933
13.036,-0.11275607952956357
13.04,0.07223441114464912
13.044,0.21576732420671663
13.048,0.3047458084978249
13.052,0.05837867918292461
13.056,0.3668149072471944
13.06,0.25615631907820824
13.064,0.9900273561441978
13.068,1.126227352216116
13.072,1.024127685521316
13.076,1.5828071486297608
13.08,1.3806917871568085
13.084,1.1321056432190924
13.088,0.8701579778184557
13.092,0.6263620404399675
13.096,0.425916692785315
13.1,0.6633643301249565
13.104,0.3752039115374457
13.108,-0.03030550261063758
13.112,0.36022554983166766
13.116,0.08436486632522266
13.12,-0.09607509441441997
13.124,0.51919357932177
13.128,-0.03363725664155576
13.132,0.053857975059445895
13.136,0.26967581063253215
13.14,0.34538141494261576
13.144,0.1453436672917594
13.148,-0.15205299349747226
13.152,0.29035885245327253
13.156,0.058449253369809384
13.16,0.20032679363240816
13.164,0.08949622357322898
13.168,0.012821512526653978
13.172,0.16203902551179977
13.176,0.07807255771415797
13.18,0.036899699418061815
13.184,0.3659644528389422
13.188,-0.02452102388819799
13.192,0.1005146375413383
13.196,0.12547728001692804
13.2,-0.21757341254702411
13.204,-0.10648808572009394
13.208,0.10277777356478018
13.212,0.06666159984073747
13.216,-0.10371569949791667
13.22,0.08703010717866923
13.224,0.1116609268524413
13.228,0.16018761217556
13.232,0.1699878718750601
13.236,0.2505043891150776
13.24,0.01575457463024249
13.244,-0.28034673970212876
13.248,-0.0729500139782614
13.252,-0.28562095579615365
13.256,0.1296914481196807
13.26,0.2043566713010131
13.264,-0.0710374322885196
13.268,0.1731975519890549
13.272,0.14165131606049033
13.276,-0.047913662690618974
13.28,-0.0029363141492272787
13.284,0.0930052513502915
13.288,-0.39641826574115213
13.292,-0.08061889106095116
13.296,-0.030092252957989146
13.3,-0.442765472080535
13.304,0.20902836554632498
13.308,0.02755366763584252
13.312,0.03175970580429255
13.316,-0.13174534796846304
13.32,-0.4175799582181826
13.324,-0.5038663714775653
13.328,-0.28377978322998854
13.332,-0.15815382641876335
13.336,-0.21096901851401229
13.34,-0.011123476071033422
13.344,-0.45496688776021765
13.348,-0.4873300587068321
13.352,-0.4363576681275955
13.356,-0.6998302280784638
13.36,-0.19262767543262566
13.364,-0.5946259051047805
13.368,-0.5197269037444772
13.372,-0.44355560157950025
13.376,-0.7715436217895502
13.38,-0.6095687486569021
13.384,-0.6971461555708229
13.388,-0.5346215507962888
13.392,-0.7585295522575043
13.396,-1.371143042777063
13.4,-1.0106671623050114
13.404,-1.1336816824872236
13.408,-0.47228328495126026
13.412,-0.5945771702742499
13.416,-1.319363582331642
13.42,-1.1175135718907203
13.424,-1.2127028587292399
13.428,-0.9052153465982401
13.432,-1.1476060298611332
13.436,-1.02654214058894
13.44,-1.2435708384836353
13.444,-0.9003442293590052
13.448,-1.3255787165622799
13.452,-0.5042039999944529
13.456,-0.6880595759559708
13.46,-0.4903189527363331
13.464,-0.8934455180576648
13.468,-0.6843472206036547
13.472,-0.8195830302471268
13.476,-1.1910942137397602
13.48,-1.0576417252326553
13.484,-0.9186377455007932
13.488,-0.735178456598111
13.492,-0.9542796854462559
13.496,-0.8305453056464249
13.5,-1.0180907283141656
13.504,-1.0120850113084667
13.508,-1.2149645027974492
13.512,-0.8306505889906936
13.516,-0.9882524156860225
13.52,-1.1338203819437969
13.524,-0.9624486428477181
13.528,-0.7865018616146621
13.532,-0.6822911072108813
13.536,-0.8259150113965004
13.54,-0.5390566428147328
13.544,-0.4099955754363999
13.548,-0.7644445458797052
13.552,-0.4988864296576587
13.556,-0.7956674180273415
13.56,-0.8798859026794357
13.564,-0.7987344419264644
13.568,-0.7271324536067869
13.572,-0.6178304487010957
13.576,-0.10462437895518173
13.58,-0.5871990861462055
13.584,-0.496538748253158
13.588,-0.371213684812881
13.592,-0.6198503516007471
13.596,-0.2916530561335389
13.6,-0.16488478673566326
13.604,0.05356667803624576
13.608,0.05061071330821332
13.612,-0.09253866400017163
13.616,-0.15675403948914168
13.62,-0.09945127206843202
13.624,0.05181020647710721
13.628,-0.002975908617062817
13.632,0.0361550266360553
13.636,-0.08622674141966669
13.64,0.2677112937141095
13.644,0.2640604703320581
13.648,0.08606463669175346
13.652,0.6043176870948772
13.656,0.3863838874936741
13.66,0.11782009955012945
13.664,0.6678058386195359
13.668,0.3973084283759682
13.672,0.4921192125614107
13.676,0.612868248651049
13.68,0.8951224583578106
13.684,0.7665962784186119
13.688,0.9687217288543177
13.692,0.5991551075263257
13.696,0.7520928531062389
13.7,1.026806090707811
13.704,0.9400681153272747
13.708,1.091817363053727
13.712,1.3486983567352708
13.716,1.0635537169370712
13.72,1.119097952611157
13.724,1.326261603200507
13.728,0.9081979795807893
13.732,1.5648219916607946
13.736,1.434546348437405
13.74,1.460843904093971
13.744,1.3848244784712205
13.748,1.652370269060785
13.752,1.5187864253208818
13.756,1.8332635470696972
13.76,1.2700445531055777
13.764,1.6581403842381688
13.768,1.6958501690595462
13.772,1.8060223174033556
13.776,2.071194372372942
13.78,1.5498372877437403
13.784,1.5731413996694457
13.788,1.8376395284226783
13.792,1.5454737433393415
13.796,2.4142289947184543
13.8,2.188579753983422
13.804,2.1496118833530673
13.808,2.214115243154736
13.812,2.334672202109263
13.816,2.0052702747160764
13.82,2.0923715142827994
13.824,2.2233911608190753
13.828,2.1198434929984766
13.832,2.036502290354175
13.836,2.159709029624623
13.84,2.334133005422477
13.844,2.459064263017689
13.848,2.0483927286033197
13.852,2.2638639433913332
13.856,2.2616029394939217
13.86,1.9980942500923478
13.864,2.3209936915152314
13.868,2.2201773431735186
13.872,2.0986075553111165
13.876,2.2526932177561694
13.88,2.5502158265656756
13.884,2.7440238721890835
13.888,2.7798290698789665
13.892,3.2785491884644937
13.896,3.3349875455159452
13.9,3.385913242867897
13.904,3.2622700093280987
13.908,3.648975566651629
13.912,3.1714943502239263
13.916,3.2978269075140765
13.92,2.4272795967200596
13.924,2.627425158817533
13.928,2.266360965849033
13.932,2.326483216091361
13.936,1.9376867320327156
13.94,2.1351252380379835
13.944,2.168675028527028
13.948,1.9062627468859765
13.952,1.9906277519444875
13.956,2.099525782440052
13.96,2.088779075042601
13.964,2.379193574758591
13.968,1.9973114848374305
13.972,2.229242119297311
13.976,2.1554285543187532
13.98,1.740524082723873
13.984,2.044169228975903
13.988,1.9696546312489849
13.992,1.8523051088729825
13.996,2.2615031902064695
14.0,2.1292152247262077
14.004,1.6936290046563682
14.008,1.9116450705257075
14.012,1.8880306985208357
14.016,1.725842681943827
14.02,1.4283738896561422
14.024,1.4154923026523794
14.028,1.6605591836409692
14.032,1.6223313663446697
14.036,1.4150902903915221
14.04,1.6983337128556046
14.044,1.6634607527324927
14.048,1.6155170792244795
14.052,1.5671531519819957
14.056,1.2175471869490755
14.06,0.9143615250039964
14.064,1.0408083575041143
14.068,1.0549633165532142
14.072,0.919455869011289
14.076,0.9154313925560409
14.08,0.7123131963462005
14.084,1.0356341663067754
14.088,1.157881846411626
14.092,1.2613593593915193
14.096,0.7893429131742882
14.1,0.656377737211995
14.104,0.6593484374185383
14.108,0.8994956606834694
14.112,0.8410634981054791
14.116,0.48292353549735123
14.12,0.7214487282724149
14.124,0.4702101885821669
14.128,0.2176897542438867
14.132,0.31119634573051425
14.136,0.6274532374519495
14.14,0.3861345902046469
14.144,0.09310085495544629
14.148,0.32132593654137076
14.152,0.2206471795740237
14.156,-0.03445271905697833
14.16,-0.18362256076677563
14.164,-0.3095675918988692
14.168,-0.47176595036132274
14.172,-0.3357987787543133
14.176,-0.27943559545262686
14.18,-0.06527945893539866
14.184,-0.22151713863211553
14.188,-0.3919606030369711
14.192,-0.8724800350672854
14.196,-0.4718479694140101
14.2,-0.9314703032116525
14.204,-0.5010498850215881
14.208,-0.53108810825956
14.212,-0.7607023833223336
14.216,-0.6637736336026974
14.22,-0.6573616002492431
14.224,-0.9129752474188653
14.228,-0.9907882645584325
14.232,-1.2867510891291176
14.236,-1.1304643726656827
14.24,-1.305980488889999
14.244,-1.344731427365495
14.248,-1.3223001061687945
14.252,-1.6149072371697648
14.256,-1.0339087693955733
14.26,-1.2153737340686135
14.264,-1.0676457019356929
14.268,-1.1398445948914218
14.272,-1.2119882258112753
14.276,-1.1911641936309298
14.28,-1.335663198156553
14.284,-1.0980649427050686
14.288,-1.4780254357258449
14.292,-1.3930876326254693
14.296,-1.4407249488233547
14.3,-0.9899854901666216
14.304,-1.5091310519055452
14.308,-1.138412768452362
14.312,-1.660813443294853
14.316,-1.355877755844682
14.32,-1.4401324298941542
14.324,-1.5625302267415326
14.328,-1.4959639609020825
14.332,-1.2387157960000974
14.336,-1.3792910910746108
14.34,-1.507069249052515
14.344,-1.116354077808281
14.348,-1.2745839811494422
14.352,-1.1946115485381918
14.356,-0.9803461831221945
14.36,-0.8850106079265294
14.364,-1.6054390675748562
14.368,-1.1586148199797273
14.372,-1.4361666865528901
14.376,-0.5120343717553096
14.38,-1.0113955521318454
14.384,-0.7990524344197572
14.388,-1.0694807787559153
14.392,-0.9851778480122539
14.396,-0.6541513911651169
14.4,-0.7106850408193902
14.404,-0.4294249065326926
14.408,-0.8828648715363994
14.412,-0.7330552808551898
14.416,-0.535470090719597
14.42,-0.45198094905232433
14.424,-0.43591098395533
14.428,-0.7484800172128591
14.432,-0.6150459409810177
14.436,-0.2953245554690792
14.44,-0.6139477494681194
14.444,-0.40149345663385816
14.448,-0.15239409582189778
14.452,-0.2604909651192021
14.456,0.013575614004108116
14.46,-0.0010403431539132146
14.464,-0.04497628240036766
14.468,0.05371625382021483
14.472,0.5230486542940307
14.476,0.41767991251319453
14.48,0.49415524273284633
14.484,0.5089661889144392
14.488,0.4195029298761541
14.492,0.575309782892947
14.496,0.24862273989593509
14.5,0.6819691039874166
14.504,0.7195160324854633
14.508,1.0125727119818713
14.512,0.8482244501022655
14.516,1.1966941701899647
14.52,1.032219319522401
14.524,1.1640015314500054
14.528,1.1688805036835106
14.532,1.3790136343625434
14.536,1.5282892724833976
14.54,1.1410975526678215
14.544,1.7449308729327748
14.548,1.2901552676959982
14.552,1.4728995474187538
14.556,1.4691102872407673
14.56,1.9171896240439525
14.564,1.4846199052138012
14.568,1.8959065085035531
14.572,1.3637831973393078
14.576,2.029272003005326
14.58,1.8922533874432803
14.584,1.8870821037325198
14.588,1.89298777079909
14.592,2.0572817570536515
14.596,2.0652388342587287
14.6,1.8849280230279253
14.604,2.077388231812361
14.608,2.450208065132002
14.612,2.2555808165049216
14.616,2.2249610706309855
14.62,2.4201242837993098
14.624,2.560179444988773
14.628,2.6286269948914853
14.632,2.59159200263177
14.636,2.7984407453307156
14.64,2.581946709549799
14.644,2.5460122117963144
14.648,2.757732675516204
14.652,2.4236558199470197
14.656,2.4885280112995236
14.66,2.2912488355437617
14.664,3.029943332787315
14.668,3.152548063266207
14.672,2.8064336321579604
14.676,3.1314621522455752
14.68,3.26985841514651
14.684,3.369919868761931
14.688,3.7920279322874233
14.692,3.4732691694543893
14.696,3.824077718498314
14.7,3.430478248053775
14.704,3.5514681720674925
14.708,3.269852769208522
14.712,2.9794685276035437
14.716,3.0652712324099847
14.72,3.052115190497588
14.724,2.7048575499909204
14.728,2.5924119852029985
14.732,2.462307805011616
14.736,2.573348575625026
14.74,2.3993263263498816
14.744,2.33583963676784
14.748,2.7227207575269823
14.752,2.414889901223354
14.756,2.3506005429881114
14.76,2.750888325789476
14.764,2.2480208314924264
14.768,2.792578689952766
14.772,2.298929638056486
14.776,2.498878973212908
14.78,2.2304396338458066
14.784,2.4024875200720817
14.788,2.2369641241239124
14.792,2.113797993955703
14.796,1.9331823457648383
14.8,2.0958287276924046
14.804,2.244136950542178
14.808,2.228610198375052
14.812,1.8965067722062714
14.816,1.8545090923902585
14.82,1.8778348527813482
14.824,1.8627699424990658
14.828,1.8187524715768824
14.832,1.6691616779220844
14.836,1.626123120103157
14.84,1.5650703663011214
14.844,1.063591703121312
14.848,1.4037937673715875
14.852,1.5852042522438903
14.856,1.653484932487486
14.86,1.5352090406208727
14.864,1.2522652852000888
14.868,0.9387722699238474
14.872,0.9982928442200985
14.876,0.885743965952013
14.88,0.6856482500908088
14.884,0.733460659024019
14.888,0.7119846776154048
14.892,0.4925091260582321
14.896,0.8991261581752722
14.9,0.7793416742097259
14.904,0.5634877050006061
14.908,0.5979989518347248
14.912,0.508551768839522
14.916,0.22357968025029845
14.92,0.6908535625585641
14.924,0.08591674740973554
14.928,-0.1567471219552491
14.932,0.11989952184244013
14.936,0.15307500170742577
14.94,-0.09179675396452369
14.944,0.10596739334353322
14.948,-0.17197338275671603
14.952,-0.437205953665567
14.956,-0.49101473280678176
14.96,-0.41617554734083084
14.964,-0.5341518722648788
14.968,-0.3829556155170315
14.972,-0.5327007767648323
14.976,-1.1074922890886825
14.98,-0.9109236973704685
14.984,-1.2227016934727983
14.988,-0.7457164371354836
14.992,-1.3364192970112152
14.996,-1.1559242280105089
15.0,-1.4403810953597287
15.004,-1.7624992783343827
15.008,-1.697987137093324
15.012,-1.590963691399573
15.016,-1.4985139474806155
15.02,-1.5778766424137962
15.024,-2.020228677239662
15.028,-1.7687298703046954
15.032,-1.6887979448990806
15.036,-1.8515081496600805
15.04,-2.0810492735982757
15.044,-2.045594757150321
15.048,-2.08406999821805
15.052,-1.899369049465513
15.056,-1.8714693463644305
15.06,-2.133404608589668
15.064,-2.309636391377337
15.068,-2.3661969393384674
15.072,-2.369278026382744
15.076,-2.3813213755630587
15.08,-2.582278613864943
15.084,-2.1117210366315704
15.088,-2.675508660699555
15.092,-2.303009626238456
15.096,-3.0057473316760395
15.1,-2.6313372816083276
15.104,-2.678639672826686
15.108,-2.594670905452346
15.112,-2.7164717569637435
15.116,-2.3696357803466874
15.12,-2.7140992939917776
15.124,-2.8747380361878596
15.128,-2.879655137029945
15.132,-2.782712991505525
15.136,-2.5270610954274186
15.14,-2.5048038223934563
15.144,-2.9406098135884453
15.148,-2.8306027756421064
15.152,-2.8684498935923255
15.156,-2.6937097816139874
15.16,-2.424847286626246
15.164,-2.5828652433556716
15.168,-2.4834956247830946
15.172,-2.429481377489359
15.176,-2.67170157429112
15.18,-2.791666702057985
15.184,-2.620864764096923
15.188,-2.3218862749269062
15.192,-2.3080800822530723
15.196,-2.424168078180937
15.2,-2.186276996539343
15.204,-2.313225556814351
15.208,-2.37013571333587
15.212,-2.59318264532468
15.216,-1.9884565266073224
15.22,-2.1957091398716724
15.224,-2.2143598202541965
15.228,-2.1091236746346773
15.232,-1.7347067424360303
15.236,-1.7987372134225919
15.24,-2.0100516185054333
15.244,-1.782383925450785
15.248,-1.5921106074622469
15.252,-1.6974494640502673
15.256,-1.7139959424884452
15.26,-2.087576376291858
15.264,-1.3489133314963402
15.268,-1.7287714855020302
15.272,-1.8531164744721798
15.276,-1.7855287397748363
15.28,-1.4998400488769856
15.284,-1.182890713764859
15.288,-0.9690217878253939
15.292,-1.0694628123940855
15.296,-0.7102560511678611
15.3,-1.067166143419139
15.304,-0.9249768322921647
15.308,-1.1813501664605859
15.312,-0.8353468886555289
15.316,-1.072083153862616
15.32,-0.8611637891178413
15.324,-0.3720029338537302
15.328,-0.7304708555085908
15.332,-0.6654840505866675
15.336,-0.6158257767053466
15.34,-0.06385497953041286
15.344,0.17266638074095297
15.348,-0.10399422356466054
15.352,0.17709754274232986
15.356,-0.20089641522109664
15.36,0.2984403805098824
15.364,-0.0120705332592278
15.368,0.29779146279578383
15.372,0.21530743227115545
15.376,-0.09837215128961985
15.38,0.1704974255345737
15.384,0.4355380839076858
15.388,0.0762044178915382
15.392,0.5610629497343381
15.396,0.2841941936348904
15.4,0.7019759314019007
15.404,0.41103260759125027
15.408,0.8008317253474112
15.412,0.9393459833170524
15.416,0.7877107927136672
15.42,0.8504241613047524
15.424,1.2301929341586777
15.428,0.8232858726052066
15.432,0.9173107169329943
15.436,1.1979566398029844
15.44,1.2156457749892446
15.444,1.1322359433866893
15.448,0.9696824579954765
15.452,1.437229279890179
15.456,1.013506011517833
15.46,1.775287714608269
15.464,1.114495693832089
15.468,1.163711069603385
15.472,1.4587215276865844
15.476,1.536271584917947
15.48,1.2433402598436305
15.484,1.7441016673707292
15.488,1.4753850249423328
15.492,1.3379370073512797
15.496,1.4833874355929275
15.5,1.677340284308304
15.504,1.82652960803563
15.508,1.6307830370768759
15.512,1.458512446799046
15.516,1.612888778062306
15.52,1.7673134547678615
15.524,2.109186845978918
15.528,2.4519071623446984
15.532,2.613370651976969
15.536,2.8506735908165455
15.54,2.1466266676965984
15.544,2.3920222065667223
15.548,2.2934572406585887
15.552,1.418641906701061
15.556,1.8822883891931885
15.56,2.1863579683821923
15.564,1.642056974983948
15.568,1.4481649784285948
15.572,1.2532136858495617
15.576,1.3081295604846208
15.58,1.548334760283598
15.584,1.1874333274655404
15.588,1.5297221055967034
15.592,1.3963672829820513
15.596,1.654409957363196
15.6,1.5329833411397429
15.604,1.3201693983724343
15.608,1.2587295345848197
15.612,1.1437159725370767
15.616,1.3794146579104822
15.62,1.0167380313550312
15.624,1.1161866980563435
15.628,1.035497753561508
15.632,0.730274466986203
15.636,0.9705885838282388
15.64,0.5836621296270343
15.644,0.7636789903334735
15.648,0.9333642836376878
15.652,0.7803481676240456
15.656,0.7250228946893376
15.66,0.4621329904847391
15.664,0.8027369165292912
15.668,0.3717136068575574
15.672,0.6389538889176418
15.676,0.7022271892116397
15.68,0.05461274336001809
15.684,0.2335720974292338
15.688,0.15706439780096282
15.692,0.2653268595413679
15.696,-0.039523654401931285
15.7,-0.1398913885541807
15.704,0.04509490613457179
15.708,-0.12374455046178179
15.712,-0.09378611713911866
15.716,0.06395111940587317
15.72,-0.4878886828676373
15.724,-0.239157410115441
15.728,-0.3776058155338254
15.732,-0.33450570763369003
15.736,-0.4918268902638522
15.74,-0.6659752505417798
15.744,-0.40464704616059455
15.748,0.030047049904768586
15.752,-0.5909208936414625
15.756,-0.7873999068585446
15.76,-0.8183891972474047
15.764,-0.5707809895246863
15.768,-0.967821008325249
15.772,-0.6032781603423687
15.776,-1.2451572872761454
15.78,-0.9305579551720453
15.784,-0.9003635114127051
15.788,-0.9657666278959458
15.792,-1.0067314150190625
15.796,-1.1529835176264458
15.8,-1.0484459348531134
15.804,-1.5424323721824535
15.808,-1.5392244230262468
15.812,-1.56954375931653
15.816,-1.2585378262028823
15.82,-1.5008912826721208
15.824,-1.5198322360519536
15.828,-1.760758192482887
15.832,-1.6268872042960933
15.836,-2.158597704299621
15.84,-1.9912398715512363
15.844,-2.02694499629192
15.848,-2.125458267833457
15.852,-2.1552658473277932
15.856,-2.0346224883826705
15.86,-2.132959490295428
15.864,-1.98607226529228
15.868,-2.727368679218583
15.872,-2.0351630735648394
15.876,-2.5043743906678095
15.88,-2.1351035893831183
15.884,-2.543945245644475
15.888,-2.4354171827110416
15.892,-2.717567917343665
15.896,-2.772528657292055
15.9,-2.4666271206524804
15.904,-3.1227577447139754
15.908,-2.8377788019063104
15.912,-2.486531714366178
15.916,-2.7277412422370606
15.92,-2.8318175713081306
15.924,-2.3825899204835173
15.928,-2.3139290548612865
15.932,-2.7082012605109966
15.936,-2.4444378776124562
15.94,-2.406194350049345
15.944,-2.7050496298564766
15.948,-2.800179692312605
15.952,-2.670755179387224
15.956,-2.966367332971241
15.96,-2.5776586910751953
15.964,-2.755069436970737
15.968,-2.669333031896846
15.972,-2.667200778388243
15.976,-2.8182740121514067
15.98,-2.650910905827728
15.984,-2.889318377018582
15.988,-2.7105442247237788
15.992,-2.812513284738544
15.996,-2.7349914178957744
16.0,-2.9939323365440655
16.004,-2.6218072024883776
16.008,-2.393821773432008
16.012,-2.435731144402089
16.016,-2.2056723771463926
16.02,-2.584625569494289
16.024,-2.4904618394456755
16.028,-2.1471511411716
16.032,-2.3173605260933163
16.036,-2.245793922273707
16.04,-1.7990681096330667
16.044,-2.2558159649493095
16.048,-2.2378329457037034
16.052,-2.3166315014402645
16.056,-2.142586289961164
16.06,-1.8008997162837195
16.064,-1.88304915131594
16.068,-1.658658123490509
16.072,-1.8248440082191744
16.076,-2.296432725344167
16.08,-1.6626839834894813
16.084,-1.7247855682666902
16.088,-1.6854414429346622
16.092,-1.3968598670072558
16.096,-1.6628845836000208
16.1,-1.415406998794137
16.104,-1.6937324981442319
16.108,-1.7326544011662477
16.112,-1.4618157068057243
16.116,-1.357403672408025
16.12,-1.1176268288187454
16.124,-1.380370983845488
16.128,-0.8058695469324989
16.132,-1.2211813757193455
16.136,-0.9797852961197472
16.14,-0.8998799816939922
16.144,-0.7815881268848728
16.148,-0.6735542885773791
16.152,-0.24332589910141306
16.156,-0.7631663312324101
16.16,-0.5271623853224802
16.164,-0.5533835627593384
16.168,-0.29606330442097173
16.172,-0.34064663688150676
16.176,-0.35805137722367203
16.18,-0.6690140219504012
16.184,-0.43586937672253
16.188,-0.48659580447696443
16.192,-0.3464126377710235
16.196,-0.38373585908161323
16.2,-0.26687687305704993
16.204,-0.21325518785289682
16.208,-0.1855573930515514
16.212,-0.09999155684430949
16.216,-0.2054259602456086
16.22,0.05406169377619585
16.224,-0.10156718285148619
16.228,0.008369653822529188
16.232,0.16034900539689378
16.236,-0.3043298082475774
16.24,0.7560246268604246
16.244,0.40273721105009697
16.248,0.4200815487938069
16.252,0.2747727633894622
16.256,0.4366263610902762
16.26,0.20367789812659798
16.264,0.59088723425858
16.268,0.17718563311869084
16.272,0.3158840479122581
16.276,0.4341136324030911
16.28,0.9160045083852466
16.284,0.4158555568680229
16.288,0.7515179934017868
16.292,0.28856458146857134
16.296,0.7362419842853491
16.3,1.0717264893881056
16.304,0.8383820533183773
16.308,0.312923587333493
16.312,0.7194222772400721
16.316,0.6138057530012448
16.32,0.9730339192357715
16.324,0.744616835988098
16.328,0.5483237067674179
16.332,0.9233210277194461
16.336,0.929035115917139
16.34,0.8068747521572672
16.344,1.4123922946975782
16.348,1.6413651959827067
16.352,1.9057635885829118
16.356,2.1566920414246002
16.36,1.91831794151908
16.364,1.5904037584588155
16.368,1.5479174800714568
16.372,1.5290297129205264
16.376,1.5615371212302827
16.38,1.1526383546224346
16.384,0.9768550068428171
16.388,0.8508192532093037
16.392,0.7932618311168795
16.396,1.1146159413510721
16.4,0.714763062024529
16.404,0.6920999050589018
16.408,0.8015319652319898
16.412,0.7140559172422001
16.416,0.5633618494869889
16.42,0.5412890161181669
16.424,0.7415041754147087
16.428,1.130955401973892
16.432,1.100920244439336
16.436,0.6315336352155673
16.44,0.8094204848743647
16.444,0.8492952068020762
16.448,0.666478187462821
16.452,1.0427936945868153
16.456,0.9276724443120816
16.46,0.8103142937067027
16.464,0.7366098049534349
16.468,0.38283567973595894
16.472,0.9672627441587569
16.476,0.7648514843099834
16.48,0.7085615043013295
16.484,0.4597490785541284
16.488,0.4500744451912202
16.492,0.6618373682315956
16.496,0.7694135856062642
16.5,0.8601984140659023
16.504,0.34588890268172384
16.508,0.43478254675698824
16.512,0.023111516038259394
16.516,-0.06552797232855878
16.52,0.5099747132871142
16.524,0.22601975950159425
16.528,-0.03868971560994758
16.532,0.12878776080532658
16.536,0.3959071104236767
16.54,0.3897160254004876
16.544,-0.043394648728975055
16.548,0.5314118348391725
16.552,0.11402450382763019
16.556,0.3060883258742577
16.56,0.24246816358494264
16.564,0.21149051391249815
16.568,-0.006214245012562153
16.572,0.20305822260483522
16.576,0.21367963748710028
16.58,0.11660888371165588
16.584,0.14922099869684832
16.588,0.3487992025194959
16.592,0.0004198206339725563
16.596,0.20089481122111125
16.6,0.019561802041508758
16.604,0.30443929287196464
16.608,-0.27794261874234727
16.612,0.24876661164454258
16.616,-0.13781718984012392
16.62,0.3372150766147528
16.624,-0.02473113252150777
16.628,0.03669555920165765
16.632,-0.22112017022049157
16.636,-0.052020735139941765
16.64,-0.10893352013877758
16.644,-0.3013779925074052
16.648,-0.14660483865705287
16.652,-1.0070884677951455
16.656,-0.506818591545973
16.66,-0.37914639033031444
16.664,-0.3574566380408224
16.668,-0.2793125180344942
16.672,-0.5486160373323394
16.676,-0.6071671604946854
16.68,-0.35948862825765626
16.684,-0.3571098168396494
16.688,-0.43050031438954806
16.692,-0.6489610052783604
16.696,-0.13927347809794918
16.7,-0.658591703243136
16.704,-0.6286686040458749
16.708,-0.3648798242248259
16.712,-0.3894422081709862
16.716,-0.5717575066174921
16.72,-0.8892814579577379
16.724,-0.7056164479283897
16.728,-0.6342178562704484
16.732,-0.33864621288885405
16.736,-0.15052407546487598
16.74,-0.857474639384249
16.744,-0.5648115590479265
16.748,-0.9129820348805886
16.752,-0.770705186342626
16.756,-0.9091414310806374
16.76,-0.4316442567502518
16.764,-0.6903190119351854
16.768,-0.6753257364071485
16.772,-0.7121174987566716
16.776,-0.651482285985407
16.78,-0.6178084202342289
16.784,-0.8465296201143473
16.788,-1.0346757760022098
16.792,-0.9542380675520143
16.796,-0.9807377370675427
16.8,-0.6407744375368198
16.804,-0.7915724710221426
16.808,-0.42189559416307276
16.812,-0.5759478635289199
16.816,-0.9603270875945713
16.82,-0.6687055369416882
16.824,-0.9796850444216325
16.828,-0.7740702356249491
16.832,-0.6133260469693118
16.836,-0.7237626296267683
16.84,-0.12145277964125306
16.844,-0.34855063059171776
16.848,-0.5319983180924226
16.852,-0.13303143659617067
16.856,-0.6102758826782058
16.86,-0.45533855356049696
16.864,-0.20105628385395802
16.868,-0.5733939826863328
16.872,-0.2003771629633474
16.876,-0.2576902634998753
16.88,-0.17367162567641337
16.884,0.07009008838610892
16.888,-0.14776885482031626
16.892,-0.18611391154707696
16.896,-0.4947604490062004
16.9,-0.12344630415662766
16.904,-0.22976000959301535
16.908,-0.12934157821337966
16.912,-0.1944650616015734
16.916,0.02866858538797129
16.92,-0.22574480134167507
16.924,0.040207432847080116
16.928,-0.1752479039260092
16.932,-0.2985544895418009
16.936,0.03352444045910352
16.94,0.19835566997002757
16.944,0.0010907396609755038
16.948,0.19259129169304484
16.952,0.1612314092832846
16.956,0.044365985506959804
16.96,0.40221015313227254
16.964,0.20443809761222964
16.968,0.42615205106656395
16.972,0.10177797059921467
16.976,0.4718556272929392
16.98,0.6084759373003397
16.984,0.6056557255919164
16.988,0.7143498045625921
16.992,0.7168375692011759
16.996,0.6524520314729287
17.0,0.7805916366240405
17.004,0.5530523448266808
17.008,0.7428191248212379
17.012,0.6606682622165336
17.016,1.025924191353968
17.02,0.7079280555165344
17.024,0.41514471425999566
17.028,0.738245042306702
17.032,0.4879439339637664
17.036,0.8540759802744196
17.04,0.8752909605135222
17.044,0.62001262980579
17.048,0.5367351470998862
17.052,0.7641731321234251
17.056,0.5967003779573512
17.06,0.6287253198224971
17.064,0.6944603316642517
17.068,0.9426555387532929
17.072,0.5422933046196536
17.076,0.716675234129518
17.08,1.341989806553856
17.084,1.2791622747401346
17.088,1.1388446176704075
17.092,0.9182238746758926
17.096,1.0844226130491808
17.1,0.8481951873204839
17.104,0.4070163720136266
17.108,0.8435725486494701
17.112,0.8586051148131366
17.116,0.9969341915337026
17.12,1.093428859281182
17.124,1.3269691873762808
17.128,1.0047014151288942
17.132,0.7985114117962403
17.136,0.955843996842134
17.14,1.0953519596121366
17.144,0.9083155014879363
17.148,0.7467632074679167
17.152,1.0094904376005438
17.156,0.6850130381833952
17.16,0.7967841608356272
17.164,1.1166070033458486
17.168,0.9733688135379148
17.172,1.2325279453911828
17.176,1.462653308649855
17.18,1.6328082074197183
17.184,1.6575640109079195
17.188,2.0804224949293286
17.192,1.8969802296965983
17.196,2.3829038925435952
17.2,1.8373589900052814
17.204,1.8634487141927334
17.208,1.6819655306096641
17.212,1.2787258507386134
17.216,0.9858823719378571
17.22,1.2155396323919088
17.224,0.6583804145394512
17.228,0.6340517292116998
17.232,0.9462163043731098
17.236,0.7814437849866975
17.24,0.7535176076750797
17.244,0.8369643951302884
17.248,0.8271267088837053
17.252,1.4488423303013778
17.256,1.229833645744606
17.26,0.8684979377182371
17.264,0.9792283832921227
17.268,1.1546849642662547
17.272,0.8175123582905699
17.276,0.932079282169524
17.28,0.9576814355713987
17.284,0.8521230520723293
17.288,1.2226966590849349
17.292,0.8635874068419211
17.296,0.9858079944537449
17.3,1.025578929902326
17.304,1.303090935849691
17.308,0.9711835426617976
17.312,1.412532410766723
17.316,0.8996787496854347
17.32,0.9140634460862308
17.324,1.146579544061908
17.328,1.342208949857627
17.332,0.9064486812215209
17.336,1.2199623206676313
17.34,1.1337644112751064
17.344,0.7940289635920534
17.348,0.9690233461005978
17.352,0.9461230041397101
17.356,0.7571043299248144
17.36,0.9826567952568144
17.364,0.9741034958456622
17.368,1.0522324250196926
17.372,0.9772011743421225
17.376,0.8450086423552112
17.38,1.478429346228865
17.384,1.024811526313221
17.388,1.241471277868392
17.392,1.103878056816009
17.396,1.345283608380051
17.4,0.8726541722119556
17.404,1.0197724106088686
17.408,0.9399254451972413
17.412,0.9453661483698191
17.416,1.1006267137078996
17.42,1.018066668465002
17.424,0.7798668997899942
17.428,1.0071592655382235
17.432,0.9907564927393906
17.436,1.2427860124532921
17.44,0.7717632003070121
17.444,0.9609654251982273
17.448,0.8902940474195916
17.452,1.1862906268898128
17.456,0.9356713096880954
17.46,1.2298566773126751
17.464,0.9936434601787144
17.468,1.1007523981650367
17.472,1.206997316980312
17.476,0.708188484200122
17.48,0.9029129327336567
17.484,1.0135903003502862
17.488,0.9573640485296009
17.492,0.633975345231949
17.496,1.0199341688314276
17.5,0.8502450644141574
17.504,0.8591926742071627
17.508,0.7897186689656428
17.512,0.2012625813188914
17.516,0.9098125194762062
17.52,0.8942647251417442
17.524,0.6881455375270711
17.528,0.4537126239897513
17.532,0.6544323655104356
17.536,0.9389506238123937
17.54,0.6598548911785906
17.544,0.7262167155488632
17.548,0.6611990456853969
17.552,0.7574175085003867
17.556,0.44231842752906464
17.56,0.665976227034204
17.564,0.9138499035304016
17.568,0.5143035869360127
17.572,0.6399684999780537
17.576,0.9104389827035162
17.58,0.8432047256738038
17.584,0.7807122351072574
17.588,0.7718514314712398
17.592,0.7456223406521904
17.596,0.6304364057675327
17.6,0.8903385490476392
17.604,0.595435788073245
17.608,0.48897381138661644
17.612,0.420926963945428
17.616,0.5643124286199541
17.62,0.5522824068433557
17.624,0.5439574518291728
17.628,0.4314942277599446
17.632,0.7566106308868573
17.636,0.47366833839796596
17.64,0.7999814564894812
17.644,0.8289948541709949
17.648,1.201450293635766
17.652,0.5885197767492707
17.656,0.650705163222844
17.66,0.5475465008688785
17.664,0.4417505652741872
17.668,0.6119381925517836
17.672,0.5280944109307122
17.676,0.4382304145429301
17.68,0.7518420165419509
17.684,0.4914834047313206
17.688,0.8006789000205308
17.692,0.8588168385907022
17.696,0.517878144459579
17.7,0.9650595087289323
17.704,0.7674172555799217
17.708,0.6834338602362197
17.712,0.35844220759367856
17.716,0.34709316950082575
17.72,1.0178153320408145
17.724,0.9602076131712955
17.728,0.9955832381100775
17.732,1.0631594886481541
17.736,0.9649068566788646
17.74,0.7532800597485306
17.744,0.8174769959042629
17.748,0.5569393346437965
17.752,0.749618533255783
17.756,0.8373880085105381
17.76,0.8542579368606416
17.764,0.666949583864986
17.768,0.29780002698545477
17.772,0.4047987983152602
17.776,0.8017466179309932
17.78,0.5962406591050275
17.784,0.8404730389221566
17.788,0.4842165936019163
17.792,1.0114027726835402
17.796,0.5554692179920602
17.8,1.0456606307942253
17.804,0.4573681914960547
17.808,0.8953754613691428
17.812,0.5988415978046457
17.816,0.8138753817627328
17.82,1.0118123427781072
17.824,0.9884761137847414
17.828,0.6378589983203067
17.832,0.6601818602375639
17.836,0.45814571164046075
17.84,0.4132814360893938
17.844,0.5708892098525573
17.848,0.5875720086960728
17.852,0.4175287887122556
17.856,0.6590541045028503
17.86,0.6930547570918348
17.864,0.6671268230337619
17.868,0.5032437654378299
17.872,0.5219372606036159
17.876,0.5691358571827776
17.88,0.7952209883069906
17.884,0.4695726176762275
17.888,0.2756251449460529
17.892,0.5111286258652282
17.896,0.5190663193023993
17.9,0.25969742608342367
17.904,0.5025336199469774
17.908,0.40048863171645654
17.912,0.5484650613864139
17.916,0.6426597612518103
17.92,0.4625719421556947
17.924,0.6680317230842469
17.928,0.48551759845031106
17.932,0.5035321061460444
17.936,0.49018687571679004
17.94,0.49925064215124254
17.944,0.2489282356012847
17.948,0.16624389173580367
17.952,0.7547046087633593
17.956,0.5635104220764034
17.96,0.3997518683216364
17.964,0.7197115284987189
17.968,1.0686163156229709
17.972,0.14597600299870161
17.976,0.404624204998742
17.98,0.536522427448573
17.984,0.02388297505919279
17.988,0.02334313149099243
17.992,0.5499361328535829
17.996,0.39606970622209225
18.0,0.49457739443270876
18.004,0.5996912358569804
18.008,0.7325764108262747
18.012,0.9366899086188701
18.016,1.1177625157033444
18.02,1.2932379811918344
18.024,1.4018149287232324
18.028,1.4210727322518228
18.032,1.326677235076438
18.036,1.1650605652453745
18.04,0.9488897736250618
18.044,0.760820602217398
18.048,0.5701167797563005
18.052,0.438713049446198
18.056,0.31583299656231956
18.06,0.22347145912224978
18.064,0.1654542523163994
18.068,0.15824016903206287
18.072,0.1526993498926379
18.076,0.21851048407366708
18.08,0.2676381993579434
18.084,0.31646242519550594
18.088,0.33200667116038335
18.092,0.35321910928428957
18.096,0.3301028215599705
18.1,0.33015968859739003
18.104,0.32998593985003416
18.108,0.3298783543249889
18.112,0.32593406553653886
18.116,0.312945512513559
18.12,0.30539002241508084
18.124,0.30380461667970643
18.128,0.28845626657946
18.132,0.29802324201313063
18.136,0.29587365160684553
18.14,0.29665773348293445
18.144,0.28998517137960345
18.148,0.3026459335046604
18.152,0.2896083075879493
18.156,0.2860613352662371
18.16,0.28002610144780515
18.164,0.27997202574770746
18.168,0.271245404180562
18.172,0.2739452764827699
18.176,0.29237152239679837
18.18,0.2734197342963147
18.184,0.2625623236328327
18.188,0.28543475401323837
18.192,0.2906453594848639
18.196,0.287706733485649
18.2,0.27247120152424187
18.204,0.31000268513063306
18.208,0.30604930095331034
18.212,0.30791359734763046
18.216,0.3307130937185724
18.22,0.30682839660593303
18.224,0.3367157433264278
18.228,0.3388260508903388
18.232,0.3677241731609636
18.236,0.3635358637520497
18.24,0.36029462850205907
18.244,0.38747695950973415
18.248,0.3577670009781316
18.252,0.3926043371228452
18.256,0.37877338266708543
18.26,0.38920077530259106
18.264,0.392222391506723
18.268,0.40279377703771
18.272,0.41295496963001377
18.276,0.36845738877610873
18.28,0.3841268660835785
18.284,0.3931897651416051
18.288,0.35507568028148356
18.292,0.34231585025528255
18.296,0.33722214041866977
18.3,0.3278273496579854
18.304,0.3094385476194871
18.308,0.2814333714114418
18.312,0.2581879450317507
18.316,0.25981167962708784
18.32,0.21879753164257498
18.324,0.1869389185177281
18.328,0.17099015352177444
18.332,0.15924086438320578
18.336,0.15963345065256931
18.34,0.11291328050743356
18.344,0.1206204728792989
18.348,0.09970109709913617
18.352,0.07083274248084728
18.356,0.025819174579796912
18.36,0.023026097999386312
18.364,0.012939416546790518
18.368,0.021847790093632705
18.372,-0.015036673383314804
18.376,-0.030135200693006542
18.38,-0.032793449987290425
18.384,-0.06029540774693082
18.388,-0.05727297724425825
18.392,-0.07519599352124882
18.396,-0.049930064815394075
18.4,-0.09505148055262061
18.404,-0.07517033771975967
18.408,-0.11404679862512002
18.412,-0.10782516816894448
18.416,-0.11293773368768206
18.42,-0.12373517762082419
18.424,-0.13132440727813863
18.428,-0.13028846554270437
18.432,-0.1413341810678214
18.436,-0.15369909997553363
18.44,-0.16505741486191683
18.444,-0.16621424403929672
18.448,-0.17249896283243843
18.452,-0.17878853703264191
18.456,-0.18208478979381906
18.46,-0.2029284119586219
18.464,-0.20505946766820657
18.468,-0.19238050323150566
18.472,-0.22908764927448497
18.476,-0.20047238435759476
18.48,-0.22386724057487334
18.484,-0.20739544543743121
18.488,-0.2176158867746352
18.492,-0.23891215092259901
18.496,-0.243600485991413
18.5,-0.2311083072329554
18.504,-0.23991787094231218
18.508,-0.24843149026873093
18.512,-0.25207667585221216
18.516,-0.2795349779077648
18.52,-0.27143338808839695
18.524,-0.2855750507521842
18.528,-0.29278619915289406
18.532,-0.28300264387038737
18.536,-0.2907550100953374
18.54,-0.2890138877848617
18.544,-0.29163155761438564
18.548,-0.29683014256643986
18.552,-0.26325622409855615
18.556,-0.27291875527162796
18.56,-0.2816480722566975
18.564,-0.25700821788222916
18.568,-0.23460181608226258
18.572,-0.23129112341920832
18.576,-0.23800081525015082
18.58,-0.2314052321895074
18.584,-0.2321746204224157
18.588,-0.22933219915526645
18.592,-0.23143284269670766
18.596,-0.24621250862669358
18.6,-0.2463614945461082
18.604,-0.252179301935572
18.608,-0.27615304908536575
18.612,-0.2881655796732453
18.616,-0.2935439736012854
18.62,-0.3111123291968055
18.624,-0.349410439779559
18.628,-0.3581683190445082
18.632,-0.38544622548069113
18.636,-0.40380975524787627
18.64,-0.42352325055287054
18.644,-0.42324581198037864
18.648,-0.42350974300440536
18.652,-0.456029566445615
18.656,-0.4540045133395632
18.66,-0.46147319199509573
18.664,-0.46197514876275125
18.668,-0.4676476488216183
18.672,-0.47037722058295617
18.676,-0.4620006539385569
18.68,-0.4947188805674945
18.684,-0.5001877944072286
18.688,-0.4932909405943939
18.692,-0.4860041660039195
18.696,-0.5198722239522651
18.7,-0.5066110115441098
18.704,-0.5165795582377775
18.708,-0.5106370841313617
18.712,-0.5175072403174111
18.716,-0.5279976767159464
18.72,-0.528685112623694
18.724,-0.5464255603230184
18.728,-0.541116790022293
18.732,-0.5504693281816065
18.736,-0.5876953872001439
18.74,-0.6272006723999928
18.744,-0.6645217006819975
18.748,-0.6898990819371459
18.752,-0.7146909394938229
18.756,-0.7156873166919123
18.76,-0.6550890626480625
18.764,-0.609069378666523
18.768,-0.5023578919035833
18.772,-0.3990788156258178
18.776,-0.2147825224699798
18.78,-0.022026829109784263
18.784,0.15444523411260513
18.788,0.3290280164843813
18.792,0.37916599092689496
18.796,0.3474329212478706
18.8,0.20283212948321871
18.804,-0.00510133953499059
18.808,-0.2103224449054053
18.812,-0.39893936875046854
18.816,-0.5371429675243632
18.82,-0.6675608085088517
18.824,-0.7581429519737916
18.828,-0.8602579669249766
18.832,-0.8965572281831514
18.836,-0.8822757691531246
18.84,-0.8455221145175537
18.844,-0.791905328750882
18.848,-0.7350026931425282
18.852,-0.6937966718782773
18.856,-0.7035241300232917
18.86,-0.6811352875032305
18.864,-0.688593843721753
18.868,-0.6778648286367029
18.872,-0.67462276177997
18.876,-0.6705802513360016
18.88,-0.6888408954293009
18.884,-0.6860759229675082
18.888,-0.7064440525238898
18.892,-0.7005339914312858
18.896,-0.691958158332285
18.9,-0.709481244252097
18.904,-0.6851071613671513
18.908,-0.6935120881619375
18.912,-0.7087017858855923
18.916,-0.7149761270376701
18.92,-0.7073833885397183
18.924,-0.7087018091338718
18.928,-0.7108220936982321
18.932,-0.7110314949987241
18.936,-0.6968897768196922
18.94,-0.6841426418362786
18.944,-0.6946632556121648
18.948,-0.6783559561491609
18.952,-0.6804664245342797
18.956,-0.6645602166352378
18.96,-0.6711451597167203
18.964,-0.6521789684988336
18.968,-0.6446350332380214
18.972,-0.6222474231210536
18.976,-0.6195738376117184
18.98,-0.6112403175970282
18.984,-0.6166015803184922
18.988,-0.5948574097918982
18.992,-0.5850683708461799
18.996,-0.5726787837278104
19.0,-0.5518177922582463
19.004,-0.5374069000562857
19.008,-0.5253933437061343
19.012,-0.504702503040582
19.016,-0.5025597813197256
19.02,-0.510904693698403
19.024,-0.4891679285470001
19.028,-0.47941648251884594
19.032,-0.4683435329992417
19.036,-0.47995993833850686
19.04,-0.47913921593777375
19.044,-0.4680473875076524
19.048,-0.4800625717008159
19.052,-0.5026831379733452
19.056,-0.5114497907306845
19.06,-0.4832060020578867
19.064,-0.528583415984691
19.068,-0.5243330046791861
19.072,-0.5262480155885714
19.076,-0.5661520095176976
19.08,-0.5735509382437665
19.084,-0.5900238827056998
19.088,-0.5747476481607969
19.092,-0.5879562246718202
19.096,-0.6308401512957506
19.1,-0.6328656150040582
19.104,-0.6503808822939183
19.108,-0.6705663927102943
19.112,-0.6976982213641487
19.116,-0.6713043969737938
19.12,-0.7246884969738957
19.124,-0.715703533694124
19.128,-0.7347106502383629
19.132,-0.7276640838066024
19.136,-0.7378983196594766
19.14,-0.7638799673017329
19.144,-0.7688783291086445
19.148,-0.7825550799798655
19.152,-0.7704209150234334
19.156,-0.7698671725139289
19.16,-0.7853472267742906
19.164,-0.786738198642092
19.168,-0.7680332816447892
19.172,-0.7800885746882502
19.176,-0.7778831855481668
19.18,-0.8153116319034053
19.184,-0.7886160782153022
19.188,-0.792479423744507
19.192,-0.8081641129136937
19.196,-0.8065137022858526
19.2,-0.7984981847811291
19.204,-0.8098069259704367
19.208,-0.8043029570733797
19.212,-0.8007352264412174
19.216,-0.7900773764277489
19.22,-0.8024768089719598
19.224,-0.7993909215030425
19.228,-0.7841073741122323
19.232,-0.8113549847973666
19.236,-0.7907364056180315
19.24,-0.7883518743033368
19.244,-0.7872576461226589
19.248,-0.7955657228701059
19.252,-0.800275484719472
19.256,-0.7734565482381345
19.26,-0.7961929823303174
19.264,-0.7977271720054483
19.268,-0.7852370147553591
19.272,-0.7916663110279631
19.276,-0.7725574841929462
19.28,-0.7844624474063038
19.284,-0.7687061646721894
19.288,-0.7746786082106679
19.292,-0.7816593545988557
19.296,-0.7652035696232021
19.3,-0.781374314216521
19.304,-0.7765453990857238
19.308,-0.7664862758845691
19.312,-0.7679013851311512
19.316,-0.7752500003949829
19.32,-0.782177508305116
19.324,-0.7652558894382788
19.328,-0.7705490970189875
19.332,-0.7611400265059907
19.336,-0.7637497462401883
19.34,-0.7647553646788805
19.344,-0.758222576734877
19.348,-0.7541351747314533
19.352,-0.7441739360358025
19.356,-0.7444260415220205
19.36,-0.7249837531025335
19.364,-0.7414176625944816
19.368,-0.745965399867261
19.372,-0.7366356258551066
19.376,-0.7241599914961236
19.38,-0.7135926038422303
19.384,-0.7026821574297386
19.388,-0.717215624988337
19.392,-0.6835103636017008
19.396,-0.6843049993309473
19.4,-0.6789586373814208
19.404,-0.6561070202294061
19.408,-0.6252733600839846
19.412,-0.6156215966858604
19.416,-0.6153477673457086
19.42,-0.5993384316974509
19.424,-0.5855493264640792
19.428,-0.5691135845977091
19.432,-0.5528537517108987
19.436,-0.560373332685698
19.44,-0.5526529100105121
19.444,-0.5372153078395048
19.448,-0.5410968388272233
19.452,-0.5503336563992275
19.456,-0.5940884508521563
19.46,-0.570603987110508
19.464,-0.5977247781324017
19.468,-0.6085646292981024
19.472,-0.6086167800068097
19.476,-0.6199248580606219
19.48,-0.6520002367419795
19.484,-0.6440550393945457
19.488,-0.6445547415730217
19.492,-0.6556741283378835
19.496,-0.6326040625799371
19.5,-0.6273448397064031
19.504,-0.6401711278018695
19.508,-0.6347781404223679
19.512,-0.6351051551357876
19.516,-0.6308877574577043
19.52,-0.6173459021676353
19.524,-0.6426486573929876
19.528,-0.616480766874767
19.532,-0.6174820337219776
19.536,-0.6209264983253484
19.54,-0.6149627260200361
19.544,-0.5876977149665514
19.548,-0.6153495920670883
19.552,-0.5997835018593132
19.556,-0.5778280841048246
19.56,-0.6029691603940326
19.564,-0.5914740865969138
19.568,-0.5846266448610455
19.572,-0.5825999190589457
19.576,-0.5958794860974203
19.58,-0.622033686637481
19.584,-0.6362366337303385
19.588,-0.6730083350225875
19.592,-0.6889430015695148
19.596,-0.6884819218222002
19.6,-0.6871083132304762
19.604,-0.6083520838001988
19.608,-0.541635424420241
19.612,-0.42296692300733685
19.616,-0.28331261783171513
19.62,-0.08869012489933936
19.624,0.0993290209139922
19.628,0.2938468550535658
19.632,0.43722258126084457
19.636,0.48230131647742625
19.64,0.4427521521092683
19.644,0.27624718084563615
19.648,0.10024016392439872
19.652,-0.10869417467135095
19.656,-0.298385071018573
19.66,-0.40828571091114957
19.664,-0.5718575986645662
19.668,-0.628944556595378
19.672,-0.6847048602918188
19.676,-0.7281207322306691
19.68,-0.6759770764849459
19.684,-0.6320047211381918
19.688,-0.5631655752788829
19.692,-0.4911943638483237
19.696,-0.4638080419371931
19.7,-0.44485301731112825
19.704,-0.42938656019765287
19.708,-0.4014710913188749
19.712,-0.4088504168307769
19.716,-0.416062542091551
19.72,-0.4065569348143214
19.724,-0.4079698225522815
19.728,-0.39487089142338994
19.732,-0.36841958346953824
19.736,-0.3801403935428945
19.74,-0.38563059490645524
19.744,-0.36150661489840574
19.748,-0.36303203617277485
19.752,-0.3464761442847618
19.756,-0.34714639449125084
19.76,-0.322500763325001
19.764,-0.33783729348807573
19.768,-0.3316509687243384
19.772,-0.3013262710811833
19.776,-0.32081814772595585
19.78,-0.2919038361438919
19.784,-0.2708491526407381
19.788,-0.2886912830031293
19.792,-0.253173864495447
19.796,-0.2550031532763251
19.8,-0.24384751688114478
19.804,-0.22054218468304781
19.808,-0.19534188409359604
19.812,-0.18336558020042706
19.816,-0.14726160876985445
19.82,-0.13883530547220255
19.824,-0.12527451708370216
19.828,-0.11372869352114262
19.832,-0.07829395899339342
19.836,-0.039674100343148805
19.84,-0.047022618176965014
19.844,-0.025775830313355785
19.848,-0.010855492650596765
19.852,0.030653684135437342
19.856,0.04631917216539666
19.86,0.049794097310730256
19.864,0.06424839323103052
19.868,0.07537650254935394
19.872,0.09493337168804733
19.876,0.1193391046142035
19.88,0.11906899041588515
19.884,0.1391737783998762
19.888,0.12483543563237079
19.892,0.11274839343341891
19.896,0.16390528346912908
19.9,0.14018626418517927
19.904,0.14433349218973887
19.908,0.12563684295692426
19.912,0.11546827700395487
19.916,0.12502326497885105
19.92,0.09693881141614565
19.924,0.10676988979259693
19.928,0.11166411809015836
19.932,0.09755120565713696
19.936,0.08706863511795176
19.94,0.09342918337854586
19.944,0.07141281546208228
19.948,0.04063637555887853
19.952,0.05070253172891369
19.956,0.06456614287171149
19.96,0.03603861976042973
19.964,0.052364887888426775
19.968,0.039371058290740085
19.972,0.021308666190590034
19.976,0.01170506227237926
19.98,0.02387645985902472
19.984,0.031979777811074445
19.988,0.003082473230905977
19.992,0.020421361089759824
19.996,-0.00014247052586131848
20.0,0.0185807149517485
20.004,0.38815165298210774
20.008,0.267849387236553
20.012,-0.2115750053868042
20.016,-0.3346728900922706
20.02,0.03287609161232452
20.024,0.41682158356552207
20.028,0.26638741871192145
20.032,-0.17883306310122526
20.036,-0.3179872343518127
20.04,0.0722210788030248
20.044,0.45524422850704405
20.048,0.31295416516270746
20.052,-0.14968005705179188
20.056,-0.2882583549609981
20.06,0.10004986243697571
20.064,0.4619417143979894
20.068,0.3331458976708466
20.072,-0.14281462198905745
20.076,-0.2626732993279017
20.08,0.13663757823448708
20.084,0.5156414783472231
20.088,0.3612202471209464
20.092,-0.09196132511039554
20.096,-0.23291422619257274
20.1,0.15226706912676863
20.104,0.5232366329584465
20.108,0.4100183266854246
20.112,-0.07924409402030605
20.116,-0.21054927979323948
20.12,0.18901313347172202
20.124,0.5619816064668922
20.128,0.42706168541968703
20.132,-0.03691257825907937
20.136,-0.17691805846383069
20.14,0.20982459292816333
20.144,0.5970527955348803
20.148,0.45615715426258124
20.152,-0.017980025627545443
20.156,-0.16405320115119462
20.16,0.247620342628087
20.164,0.634258097999717
20.168,0.4876368428763078
20.172,0.023071276568849136
20.176,-0.12893096723514708
20.18,0.2420227193022901
20.184,0.6501451551858168
20.188,0.49421800864698107
20.192,0.05078940333221807
20.196,-0.07715684365920744
20.2,0.2905014536864037
20.204,0.6783381652523011
20.208,0.5359562340038517
20.212,0.08437525229859416
20.216,-0.05259734524726267
20.22,0.3282683561414696
20.224,0.7397172206687174
20.228,0.625596753471225
20.232,0.15520959839097667
20.236,0.013516966808453157
20.24,0.41192240172247874
20.244,0.8076727053792163
20.248,0.682008137157467
20.252,0.2464844493886388
20.256,0.12053045353050629
20.26,0.49646009406467523
20.264,0.9069632407584999
20.268,0.7806575107514213
20.272,0.3037396714639746
20.276,0.16390897766946194
20.28,0.553753089413419
20.284,0.9314255570798585
20.288,0.7773443110920076
20.292,0.2975208413400281
20.296,0.14451272098210693
20.3,0.5088523057856608
20.304,0.8718099828932798
20.308,0.7139917116338341
20.312,0.25852519437272614
20.316,0.10318267048076957
20.32,0.48359519507761634
20.324,0.849313641569659
20.328,0.7129349507091651
20.332,0.24335402039911155
20.336,0.11198114419754374
20.34,0.49088540891881
20.344,0.8587650786981269
20.348,0.729724140762726
20.352,0.2511138508900441
20.356,0.09148060645344774
20.36,0.519754435940234
20.364,0.8837007924681415
20.368,0.7571018859341966
20.372,0.2744397187913722
20.376,0.13223794972445285
20.38,0.5198177795968495
20.384,0.9127588277311343
20.388,0.7711802548593855
20.392,0.3086097555280846
20.396,0.15766723296675117
20.4,0.5473489915193493
20.404,0.9216341106683686
20.408,0.799237556482085
20.412,0.2951672910083267
20.416,0.13972445577687342
20.42,0.49887951363735034
20.424,0.8761128602932562
20.428,0.6876417322725183
20.432,0.191712537603949
20.436,0.08033006295836864
20.44,0.5033758433198913
20.444,0.9533921723455474
20.448,0.9112869506917973
20.452,0.5666938665548559
20.456,0.5927868378566976
20.46,1.1572304802315947
20.464,1.7720986163019408
20.468,1.7713476942858963
20.472,1.3717100091179062
20.476,1.2044384853182328
20.48,1.458209541634976
20.484,1.647742118027932
20.488,1.3157396804927985
20.492,0.6636780837784002
20.496,0.3367296362335913
20.5,0.6083030312293649
20.504,0.8909038987638906
20.508,0.6782952644833465
20.512,0.195266622716728
20.516,0.036660587990145044
20.52,0.4877982775656206
20.524,0.913583706065658
20.528,0.8434634366312419
20.532,0.3968472464576708
20.536,0.2762634735400167
20.54,0.6747711623533996
20.544,1.075871415987464
20.548,0.9239080584772084
20.552,0.4578654408015089
20.556,0.32022751811147043
20.56,0.688843167769248
20.564,1.0848244628306558
20.568,0.9333326434610727
20.572,0.4876603493664716
20.576,0.33551242800273573
20.58,0.7225190006380375
20.584,1.0796571314305827
20.588,0.9660783005903789
20.592,0.4915539602302254
20.596,0.3385217784264666
20.6,0.7395160566123068
20.604,1.1094887856586777
20.608,0.991645309445231
20.612,0.5363647269178453
20.616,0.36613181631489794
20.62,0.7721380486081212
20.624,1.159895517731107
20.628,1.005773112536896
20.632,0.5748212047346851
20.636,0.437625139671245
20.64,0.8438849736732805
20.644,1.2216468219252845
20.648,1.076003581943732
20.652,0.6338573639000613
20.656,0.5110654349944652
20.66,0.889375444482581
20.664,1.298813795571175
20.668,1.1375980574619127
20.672,0.7220023813457939
20.676,0.5862717977736713
20.68,0.9493732056536451
20.684,1.374792139659839
20.688,1.2209086235762179
20.692,0.7787303154535345
20.696,0.6595880051826176
20.7,1.0438999438486098
20.704,1.448873914212388
20.708,1.3006832184105128
20.712,0.8367710642995613
20.716,0.7083199365826358
20.72,1.0779708706684472
20.724,1.463154595906335
20.728,1.318841485036153
20.732,0.8446181158696866
20.736,0.707467787552034
20.74,1.0637342128189213
20.744,1.4349979465328346
20.748,1.2783697131573353
20.752,0.7870293786455894
20.756,0.6665555135092711
20.76,1.0108064538949053
20.764,1.384829950558462
20.768,1.2439821314032715
20.772,0.7429712237218978
20.776,0.5903580790766993
20.78,0.9376607956091396
20.784,1.332764413506327
20.788,1.1591532960590816
20.792,0.6673827113090589
20.796,0.5101189435159934
20.8,0.9063881960767686
20.804,1.2535656383841949
20.808,1.094463263525728
20.812,0.6209895569069352
20.816,0.4723914680364964
20.82,0.8465942069498883
20.824,1.2234179544441202
20.828,1.0702097547763032
20.832,0.598974909793657
20.836,0.4399578848165797
20.84,0.8398850038008288
20.844,1.1912643088473223
20.848,1.061377538258277
20.852,0.5690434667083848
20.856,0.41319716402121465
20.86,0.7892678776725108
20.864,1.1876875562047449
20.868,1.0494490634563984
20.872,0.5547463864262601
20.876,0.41096026835508614
20.88,0.8029085203801745
20.884,1.1784105603966437
20.888,1.0262918970426076
20.892,0.5481845504205277
20.896,0.4178368586126306
20.9,0.8007828320938666
20.904,1.1786750351118347
20.908,1.0277834011203038
20.912,0.5457829429048427
20.916,0.41320195238142177
20.92,0.7918726758127547
20.924,1.1557271270952332
20.928,1.0194537541398234
20.932,0.5548016446518449
20.936,0.4038951485416049
20.94,0.7643026439585547
20.944,1.156693079460334
20.948,1.0094428970443732
20.952,0.550556998285601
20.956,0.4242767004682927
20.96,0.778648928377349
20.964,1.1443023651383162
20.968,1.0078749075460978
20.972,0.5378208004454235
20.976,0.39839085943109914
20.98,0.7820440116162124
20.984,1.1622872796999442
20.988,1.0067291775088147
20.992,0.529365914213705
20.996,0.39710186671036274
21.0,0.7573761659239396
21.004,1.1399390975491728
21.008,0.989734444781547
21.012,0.4986779789961311
21.016,0.3854255401263655
21.02,0.7578998464019465
21.024,1.105890788572458
21.028,0.9923655287203517
21.032,0.5072413151992758
21.036,0.3731681754626187
21.04,0.7430340984559021
21.044,1.1080783227697102
21.048,0.9761018498187967
21.052,0.4968551426483332
21.056,0.3494835224541332
21.06,0.7531656911177822
21.064,1.132587977920938
21.068,1.00365949193793
21.072,0.5214874881200795
21.076,0.37909737140337485
21.08,0.7855879689690208
21.084,1.1624293593134989
21.088,1.0340605115318895
21.092,0.5837635915159951
21.096,0.4425997418676151
21.1,0.8282892294365375
21.104,1.2059140354158542
21.108,1.0871283477361218
21.112,0.6033087731074107
21.116,0.46347559046205555
21.12,0.8344377264983499
21.124,1.2094018600689036
21.128,1.0365480465025625
21.132,0.5489194274652018
21.136,0.3785578415253476
21.14,0.746837560571448
21.144,1.1186739776278614
21.148,0.9453151144352717
21.152,0.4713113137705507
21.156,0.32400881987022084
21.16,0.6734627468136195
21.164,1.0349564469234378
21.168,0.8898755722200358
21.172,0.402022846674557
21.176,0.27777511609893984
21.18,0.6399979981162378
21.184,1.0071832622746837
21.188,0.8588884730310982
21.192,0.3780613463086542
21.196,0.2505007980297929
21.2,0.6351149155965486
21.204,0.9782174792179572
21.208,0.8543009614987822
21.212,0.36720203180201005
21.216,0.2330343830222596
21.22,0.5784292060443549
21.224,0.9754014452357126
21.228,0.8196822213338467
21.232,0.3559882348033127
21.236,0.20041879088539216
21.24,0.5757296481143926
21.244,0.9488924515187638
21.248,0.8112588602251506
21.252,0.3086846700995045
21.256,0.14961441583101998
21.26,0.493385478632677
21.264,0.8364427244872248
21.268,0.6371480205683628
21.272,0.1672433932937641
21.276,0.028274116513771708
21.28,0.4319284452533452
21.284,0.8868599528987384
21.288,0.8585187411704819
21.292,0.48673558668719463
21.296,0.505272652824432
21.3,1.0875895808364449
21.304,1.653111957430472
21.308,1.6662186819636586
21.312,1.2549204347348097
21.316,1.0748676042836676
21.32,1.3109814429387172
21.324,1.5137024884379544
21.328,1.1386490253186565
21.332,0.47489432732014586
21.336,0.18291022500033938
21.34,0.4086654519453877
21.344,0.7141799541487672
21.348,0.4652941777977879
21.352,-0.02099021396544226
21.356,-0.15809481987269872
21.36,0.24234349740142852
21.364,0.6779792881932178
21.368,0.5848850765837713
21.372,0.15514803555711434
21.376,0.010447230105913918
21.38,0.4049970401007289
21.384,0.7823626640080056
21.388,0.6249628544126455
21.392,0.15115002984551773
21.396,0.012682900272479591
21.4,0.3880216552861138
21.404,0.7548497824928003
21.408,0.61321398801322
21.412,0.13108103501656562
21.416,0.0008155920499694491
21.42,0.36281805448192245
21.424,0.7511410838223382
21.428,0.5740812240519428
21.432,0.12045924811714456
21.436,-0.025314620815829636
21.44,0.34497221752976304
21.444,0.7190465961838428
21.448,0.5757639708394053
21.452,0.11324788433616212
21.456,-0.052212713398002764
21.46,0.34738151764979747
21.464,0.7247773951233327
21.468,0.5752477378258348
21.472,0.10782680323275054
21.476,-0.031470971348873056
21.48,0.3689701853781113
21.484,0.7411685292404977
21.488,0.5886388825668488
21.492,0.12992690709060176
21.496,-0.015344758539779568
21.5,0.3653511067192689
21.504,0.7612570305835191
21.508,0.6373226454003862
21.512,0.18737351491086998
21.516,0.048036469566782425
21.52,0.41552453637700243
21.524,0.8077195398729434
21.528,0.6686084792611222
21.532,0.1887593694916985
21.536,0.07339202065383144
21.54,0.4681198513648332
21.544,0.8411934458046981
21.548,0.6873857617147112
21.552,0.22134843165274554
21.556,0.07936695321178666
21.56,0.4670674524095028
21.564,0.8323285982299158
21.568,0.6876428848326773
21.572,0.20080579840493712
21.576,0.04740742760834804
21.58,0.40306509749167435
21.584,0.7714423676728273
21.588,0.604409707098554
21.592,0.13547461392781063
21.596,-0.03710564789430182
21.6,0.291053348972821
21.604,0.6924199964348989
21.608,0.5317636751033642
21.612,0.023170641665195585
21.616,-0.1297578172704465
21.62,0.22337194948071507
21.624,0.5646313663975575
21.628,0.44040216301851837
21.632,-0.07044625741447028
21.636,-0.23008250729901675
21.64,0.12445157770580187
21.644,0.4913413710440234
21.648,0.3346199753650113
21.652,-0.16278201220483185
21.656,-0.2950068243359232
21.66,0.06340924703332082
21.664,0.42797353379619374
21.668,0.2641973249815775
21.672,-0.22339047048267782
21.676,-0.3612871807262216
21.68,0.005048511204714923
21.684,0.36602837736859106
21.688,0.2050219015828522
21.692,-0.27852773878489856
21.696,-0.4158125454283369
21.7,-0.045848852821754424
21.704,0.3415267051258523
21.708,0.1871413094488913
21.712,-0.2995501576338647
21.716,-0.4528095192579733
21.72,-0.08969682865053921
21.724,0.3063815790222809
21.728,0.14352507330797798
21.732,-0.3263682107250601
21.736,-0.47217617741829987
21.74,-0.11533451364933625
21.744,0.2563556915386975
21.748,0.13794317741091053
21.752,-0.35706526472493383
21.756,-0.5171153148126248
21.76,-0.1274958306935889
21.764,0.23147675380212035
21.768,0.08655428414496222
21.772,-0.39854722015922295
21.776,-0.5442652798469811
21.78,-0.17232285950837986
21.784,0.19742480762641315
21.788,0.05617886954537926
21.792,-0.4287370193635939
21.796,-0.5677611243093054
21.8,-0.20199352318255182
21.804,0.15843569152663556
21.808,0.030710866961475486
21.812,-0.4451633382182697
21.816,-0.5801131753376753
21.82,-0.22783670266540537
21.824,0.14846770646809904
21.828,0.00035221726575104806
21.832,-0.4702085711024554
21.836,-0.621867476374542
21.84,-0.2535320449332996
21.844,0.1176989424505604
21.848,-0.024487195665558126
21.852,-0.5094643975929751
21.856,-0.6724099570510794
21.86,-0.2994729541123349
21.864,0.08785067402153807
21.868,-0.058233315143390696
21.872,-0.5094644513740748
21.876,-0.6846864374880157
21.88,-0.30588032611714555
21.884,0.06766868454411462
21.888,-0.06862847086829857
21.892,-0.5420934458340612
21.896,-0.6948792421161393
21.9,-0.31478768028940507
21.904,0.0768427500737277
21.908,-0.06615563770881994
21.912,-0.5222187099231305
21.916,-0.6548937856452886
21.92,-0.27175358867317817
21.924,0.13684909062932304
21.928,-0.0041382615493170405
21.932,-0.48315662233242107
21.936,-0.6336107789242138
21.94,-0.24508963746186532
21.944,0.12930168932661606
21.948,-0.024054654608139936
21.952,-0.5098907309061582
21.956,-0.6769476642307651
21.96,-0.3031880747252845
21.964,0.054415099856042204
21.968,-0.10958793106872433
21.972,-0.5956908447819498
21.976,-0.7612693278567861
21.98,-0.39678871152740575
21.984,-0.03683523852357956
21.988,-0.18862871659589114
21.992,-0.6819872170048177
21.996,-0.841757997519992
22.0,-0.46871353297931134
22.004,-0.09433367907211265
22.008,-0.2529729776106485
22.012,-0.7337246829026073
22.016,-0.8629837930209519
22.02,-0.4803535280089033
22.024,-0.1123013555959887
22.028,-0.2730149899946216
22.032,-0.7604281166729682
22.036,-0.8914016159994651
22.04,-0.5336459310723871
22.044,-0.14263497187269225
22.048,-0.2996456604580753
22.052,-0.789218737206042
22.056,-0.9014182116433826
22.06,-0.5528418889795784
22.064,-0.16793320139089152
22.068,-0.3157012103816888
22.072,-0.7948333636365694
22.076,-0.9383645646874857
22.08,-0.5821301899019533
22.084,-0.21048207913616446
22.088,-0.3865962389851263
22.092,-0.9122325618892524
22.096,-1.0798356503936477
22.1,-0.7379143512875902
22.104,-0.3600502868910671
22.108,-0.46354201791317173
22.112,-0.8862828696442524
22.116,-0.9431695116658017
22.12,-0.4515929676699693
22.124,0.05902269953312589
22.128,0.11955697537415202
22.132,-0.15518149367701092
22.136,-0.13285326552842708
22.14,0.35819216951301863
22.144,0.7508884200821534
22.148,0.4927162120012437
22.152,-0.13130904761373144
22.156,-0.492092776812894
22.16,-0.3259249730921949
22.164,-0.12024252928047435
22.168,-0.4054536701611024
22.172,-0.9944139081635843
22.176,-1.2209027814269295
22.18,-0.8885200894884681
22.184,-0.5391223678150832
22.188,-0.635269385524228
22.192,-1.0499387930187496
22.196,-1.1439601954812295
22.2,-0.7283640189518501
22.204,-0.3162076690107748
22.208,-0.44250080845335393
22.212,-0.9232275992419703
22.216,-1.0685093292924357
22.22,-0.6692209164127094
22.224,-0.3096603172422855
22.228,-0.47074113639947346
22.232,-0.92469637320424
22.236,-1.0771052813437396
22.24,-0.7094794495459573
22.244,-0.3355710776658994
22.248,-0.46925793167680485
22.252,-0.9440171346339394
22.256,-1.1024122592761407
22.26,-0.7113348698734447
22.264,-0.3320554220769969
22.268,-0.476546751158019
22.272,-0.9408134694452488
22.276,-1.1076845580354242
22.28,-0.7191837970481908
22.284,-0.3302633682883416
22.288,-0.45447378869950295
22.292,-0.9105466589459994
22.296,-1.0749270545714187
22.3,-0.6886841868327601
22.304,-0.32685475794880414
22.308,-0.4314925024913181
22.312,-0.8981814338562988
22.316,-1.0361918902712612
22.32,-0.6612629209779365
22.324,-0.23800289367772326
22.328,-0.3766343071336853
22.332,-0.8472648179472463
22.336,-0.9732757515867639
22.34,-0.5896280125861574
22.344,-0.18872708611257738
22.348,-0.3425803843855719
22.352,-0.8099727966601181
22.356,-0.9331837999721139
22.36,-0.5367318206605519
22.364,-0.14414658114786205
22.368,-0.2690738051485889
22.372,-0.7381515525029148
22.376,-0.8744006862963982
22.38,-0.5003469938726682
22.384,-0.11730367815761777
22.388,-0.24779831185093093
22.392,-0.7240191277850982
22.396,-0.8658937750408087
22.4,-0.4839619353816323
22.404,-0.09828161955585074
22.408,-0.2676000065552837
22.412,-0.728499595995828
22.416,-0.8983403957863638
22.42,-0.5268291294565752
22.424,-0.15560754769408414
22.428,-0.3179775835064237
22.432,-0.8178303711478777
22.436,-0.959171926004935
22.44,-0.608464127906798
22.444,-0.2364904918627445
22.448,-0.39857044795350804
22.452,-0.8734750684878563
22.456,-1.0406370272456071
22.46,-0.6917737298734258
22.464,-0.28965573062629724
22.468,-0.45984453138344983
22.472,-0.9554072362579404
22.476,-1.117189484256647
22.48,-0.7256104552542932
22.484,-0.37368017965321637
22.488,-0.508711423653842
22.492,-0.983313399280649
22.496,-1.1520408949111922
22.5,-0.7779586937278656
22.504,-0.39956518053076706
22.508,-0.5541005360721398
22.512,-1.015564860120031
22.516,-1.1623046216799022
22.52,-0.7806823852582004
22.524,-0.41776883849144864
22.528,-0.5478450855450522
22.532,-1.0374975709698226
22.536,-1.1653743456641346
22.54,-0.8087816904955586
22.544,-0.39815020836979914
22.548,-0.5644831050832587
22.552,-1.0234608327877621
22.556,-1.1677782538155443
22.56,-0.8065051993009605
22.564,-0.4045892639721919
22.568,-0.5632077335305061
22.572,-1.0303498013732262
22.576,-1.1785794270030616
22.58,-0.7745231115990997
22.584,-0.42107774472629
22.588,-0.5494613273898501
22.592,-1.0292488728113285
22.596,-1.1563752100482776
22.6,-0.7625627350353048
22.604,-0.41051980019514145
22.608,-0.5469381564877911
22.612,-1.0211852336735947
22.616,-1.1509805345018929
22.62,-0.7820991397747018
22.624,-0.38876225807956255
22.628,-0.545686161345256
22.632,-0.9880377664345076
22.636,-1.1761924570320335
22.64,-0.7685352057916774
22.644,-0.39039176571775697
22.648,-0.5344232550900881
22.652,-0.9996472093388518
22.656,-1.1454982781029126
22.66,-0.7616982215987451
22.664,-0.37756856343880313
22.668,-0.5076054636950518
22.672,-1.0210675712135722
22.676,-1.1182843337978585
22.68,-0.728708112313317
22.684,-0.38929355398895865
22.688,-0.5144168163634301
22.692,-0.9690873282869448
22.696,-1.1164244854576713
22.7,-0.7256813314383543
22.704,-0.3552171301454336
22.708,-0.5210216479460035
22.712,-0.9536970769095385
22.716,-1.1006992240360869
22.72,-0.7059336436270534
22.724,-0.34821639884902317
22.728,-0.48156880531308166
22.732,-0.9290477911855054
22.736,-1.0490266991336303
22.74,-0.6519466582322968
22.744,-0.2794974195317048
22.748,-0.40504131895679985
22.752,-0.8252753365455922
22.756,-0.9876710596875066
22.76,-0.5786546743002752
22.764,-0.19487648260651358
22.768,-0.3187691788148119
22.772,-0.7933965672140506
22.776,-0.9329965727256002
22.78,-0.5462530321801502
22.784,-0.16959406169082714
22.788,-0.31780176459509835
22.792,-0.7877239988796712
22.796,-0.9293009733540576
22.8,-0.5846876910340308
22.804,-0.21951543903713605
22.808,-0.3656600648097768
22.812,-0.8542777248993332
22.816,-1.0157634396970738
22.82,-0.6150151940775871
22.824,-0.24935836507041748
22.828,-0.3969351443039505
22.832,-0.8899398720162656
22.836,-1.0222218880841538
22.84,-0.6494122254819185
22.844,-0.2534637602639935
22.848,-0.3949795407633224
22.852,-0.862467139036806
22.856,-1.0126665110527324
22.86,-0.6307272125992093
22.864,-0.2401443078040757
22.868,-0.3762559016650377
22.872,-0.8520565266904474
22.876,-0.9970859245686995
22.88,-0.6123194619444459
22.884,-0.22557073465834826
22.888,-0.3648181843507343
22.892,-0.8374661504098703
22.896,-0.9722034547821754
22.9,-0.5709999894639786
22.904,-0.20229749609878978
22.908,-0.35465906704537525
22.912,-0.8356725625370108
22.916,-0.9465412567954065
22.92,-0.5887304226694338
22.924,-0.24256417547275883
22.928,-0.4103665866457529
22.932,-0.9130652661513855
22.936,-1.0723390223796714
22.94,-0.6844645582134578
22.944,-0.22495131362472554
22.948,-0.31981965911787613
22.952,-0.6883589333619593
22.956,-0.694818679034706
22.96,-0.1412153363404668
22.964,0.44747708003002196
22.968,0.505223726028038
22.972,0.18520436065468687
22.976,0.11956999731650098
22.98,0.47075687525029736
22.984,0.708528508562897
22.988,0.39585222416844545
22.992,-0.29004728951802594
22.996,-0.6001421124984982
23.0,-0.3988872781716111
23.004,-0.11850502628214032
23.008,-0.37499584668928576
23.012,-0.9093345315390575
23.016,-1.0669040765891542
23.02,-0.6820008091578358
23.024,-0.2232703453333209
23.028,-0.32498789351786883
23.032,-0.7482560977339126
23.036,-0.838116448601378
23.04,-0.43828543947300835
23.044,-0.031676139881899545
23.048,-0.17895315919588478
23.052,-0.6354750514413261
23.056,-0.7770714053835939
23.06,-0.3922502278121187
23.064,0.0034344899135091977
23.068,-0.16459465716696245
23.072,-0.6099518145345613
23.076,-0.7572241050106312
23.08,-0.37706539205527667
23.084,0.014896281089804564
23.088,-0.12154517467589154
23.092,-0.5809464354080778
23.096,-0.7132046881035625
23.1,-0.32301958517740365
23.104,0.05604344247488263
23.108,-0.06067826676448851
23.112,-0.5412637966580759
23.116,-0.6925119536510004
23.12,-0.28559346571852257
23.124,0.10994307844264745
23.128,-0.056602133220994694
23.132,-0.4692524866225104
23.136,-0.614007109265458
23.14,-0.22963521979710003
23.144,0.16806418118720018
23.148,0.05619076294367406
23.152,-0.3957643374041616
23.156,-0.5385621608183833
23.16,-0.1466507479999594
23.164,0.2678117374152344
23.168,0.14402572662166233
23.172,-0.3036346943713897
23.176,-0.43995365247344426
23.18,-0.03480891283141337
23.184,0.3671950175551604
23.188,0.25115644198129716
23.192,-0.19620894889369542
23.196,-0.32034262673988634
23.2,0.07457383867861675
23.204,0.47639828493812975
23.208,0.3380107051343082
23.212,-0.1348508850429431
23.216,-0.24721024580758325
23.22,0.11405260994322229
23.224,0.5399655341593536
23.228,0.3674414379046043
23.232,-0.0798821254187547
23.236,-0.2172233369773896
23.24,0.15394293634295542
23.244,0.5081546162921958
23.248,0.371178310021541
23.252,-0.09011479748160911
23.256,-0.23798999125458864
23.26,0.12788607689328307
23.264,0.5035952593974631
23.268,0.33497788800746375
23.272,-0.11111598065878517
23.276,-0.2864627526849882
23.28,0.09708845347083192
23.284,0.47527786675566
23.288,0.2963216404398201
23.292,-0.1686756537677933
23.296,-0.3195013515769049
23.3,0.049224797747972934
23.304,0.4359219342581053
23.308,0.2698979881865456
23.312,-0.19703458632737764
23.316,-0.34967189913824664
23.32,0.055498098253524426
23.324,0.40465520085188134
23.328,0.27284645669229396
23.332,-0.18667852136199803
23.336,-0.3582347366222283
23.34,0.033890138384174526
23.344,0.40566720538179946
23.348,0.2528145263280627
23.352,-0.2019222130250335
23.356,-0.3414361465608607
23.36,0.043611010783739336
23.364,0.4305086915695853
23.368,0.2929057905883864
23.372,-0.18446035601078334
23.376,-0.30918782908450526
23.38,0.08512044029542185
23.384,0.4721268203525367
23.388,0.31643711779988387
23.392,-0.13662924417382083
23.396,-0.2919900411978882
23.4,0.09756498899049837
23.404,0.4912087103199362
23.408,0.344405210254346
23.412,-0.1292514950099068
23.416,-0.24770629651051684
23.42,0.12199243700857963
23.424,0.5114038029988509
23.428,0.387783626330909
23.432,-0.08174848595127368
23.436,-0.224761853325691
23.44,0.14510805685402364
23.444,0.534486819177738
23.448,0.4106739376676014
23.452,-0.051345580793675294
23.456,-0.19455124712181612
23.46,0.18446734830958106
23.464,0.5704148707926935
23.468,0.4381737449416272
23.472,-0.040898513604173486
23.476,-0.1669519088513945
23.48,0.2044747358853164
23.484,0.5940551791024927
23.488,0.4668390197106923
23.492,0.006432240614087037
23.496,-0.13553201497756506
23.5,0.23607352266162576
23.504,0.6146661381297218
23.508,0.49371018400147226
23.512,0.010291373080037247
23.516,-0.1008577201133633
23.52,0.2650415834372611
23.524,0.6843855360429074
23.528,0.5129426189525896
23.532,0.06289700139971205
23.536,-0.08830380191530168
23.54,0.3041664577265139
23.544,0.6948538881433599
23.548,0.5635852159172353
23.552,0.10294518837234176
23.556,-0.0363571707605862
23.56,0.3572554639370231
23.564,0.7326053590436737
23.568,0.6129703419312084
23.572,0.14753791390916413
23.576,0.03185861267443091
23.58,0.42144837364208526
23.584,0.8259864282747655
23.588,0.6971544983688072
23.592,0.2514146807177402
23.596,0.10947897887676505
23.6,0.49972981997646393
23.604,0.920841177948405
23.608,0.7910886794473199
23.612,0.3146660843841629
23.616,0.1832205543196871
23.62,0.5400567625925168
23.624,0.9279265538585977
23.628,0.7841414715422496
23.632,0.2880876883974294
23.636,0.13586819622478258
23.64,0.5237071491491897
23.644,0.8872941585315812
23.648,0.7362469328829455
23.652,0.2584059451564059
23.656,0.09888394013347446
23.66,0.48620077712271115
23.664,0.866532075855926
23.668,0.7149039496391527
23.672,0.24616045655915061
23.676,0.10557633089021068
23.68,0.49883791763497104
23.684,0.8733663270980021
23.688,0.7134571737235097
23.692,0.25459864072425353
23.696,0.13480827862152567
23.7,0.5034529215871756
23.704,0.8943197023466297
23.708,0.7736550212197113
23.712,0.29501692952055286
23.716,0.12642189910109852
23.72,0.547275256826333
23.724,0.9192203955980336
23.728,0.7805534603874297
23.732,0.31407084639736815
23.736,0.17913414455419652
23.74,0.5535504834349992
23.744,0.9228426100017926
23.748,0.7958760245274612
23.752,0.30355348558536427
23.756,0.1765478793000015
23.76,0.5112117497660439
23.764,0.863718785853824
23.768,0.6837497361201736
23.772,0.2109392099456472
23.776,0.07984567443501822
23.78,0.4906486643209405
23.784,0.9507145566014292
23.788,0.8963963819306473
23.792,0.5513637489175709
23.796,0.5643339688182183
23.8,1.1734222450898184
23.804,1.7489298549257826
23.808,1.7711773611157473
23.812,1.3974221130871414
23.816,1.2298883026823826
23.82,1.4887102017639204
23.824,1.6643397762083179
23.828,1.33035783255224
23.832,0.7062068729102342
23.836,0.39395990860727614
23.84,0.6377107792002218
23.844,0.89822902010439
23.848,0.7003818561433717
23.852,0.18339549556617124
23.856,0.05370650049016079
23.86,0.45899222983968446
23.864,0.9071543574290368
23.868,0.8350948475306698
23.872,0.42012216614227027
23.876,0.27689894270661636
23.88,0.6691976160888333
23.884,1.0779522703623514
23.888,0.9146846020208038
23.892,0.4488612833889165
23.896,0.32143561378889174
23.9,0.7233403303739361
23.904,1.0777331892426418
23.908,0.9405962538421169
23.912,0.47865260752480077
23.916,0.33109822705924463
23.92,0.70232566143362
23.924,1.1123692948699808
23.928,0.9650643799546913
23.932,0.501072194873584
23.936,0.3554271877510169
23.94,0.757517794287592
23.944,1.1233068424001655
23.948,0.9782975546776822
23.952,0.5420392589985856
23.956,0.3652645111070988
23.96,0.7739414684801629
23.964,1.1636524492219105
23.968,1.0272021358586376
23.972,0.5526342711910254
23.976,0.42181662777603923
23.98,0.8353114029068988
23.984,1.2324563218959832
23.988,1.0823533363984845
23.992,0.6209630002183167
23.996,0.4817586755423299
24.0,0.904666672189094
24.004,1.3013877704179122
24.008,1.134025952754086
24.012,0.6839074707218818
24.016,0.5804646491115988
24.02,0.9782684470575099
24.024,1.3669721189828907
24.028,1.2412436970080043
24.032,0.7832176436416252
24.036,0.6539906514398969
24.04,1.037283585979415
24.044,1.437348061459853
24.048,1.2946170860992974
24.052,0.8310534326827483
24.056,0.6803348153470958
24.06,1.0814528634657015
24.064,1.4734939772512843
24.068,1.3167721612210392
24.072,0.8442002949674555
24.076,0.7110421914751994
24.08,1.0834328738803316
24.084,1.463569029176244
24.088,1.3145974042711353
24.092,0.8121741454993533
24.096,0.6433412170695485
24.1,1.017831431548545
24.104,1.396178164384501
24.108,1.246009698500261
24.112,0.7370534173613063
24.116,0.5908374598456794
24.12,0.9469027662183218
24.124,1.3201509683872232
24.128,1.161442664759003
24.132,0.6839039490912231
24.136,0.5429830202904805
24.14,0.8964044691471615
24.144,1.257102272807731
24.148,1.100258089603716
24.152,0.6249927590502875
24.156,0.4646063669236612
24.16,0.8476658165042659
24.164,1.195867965656207
24.168,1.0665748730914821
24.172,0.5918338678746112
24.176,0.43156270811017683
24.18,0.8156671019005374
24.184,1.2075227675724065
24.188,1.059806604270252
24.192,0.56960008476418
24.196,0.4324802995064574
24.2,0.7906039552682548
24.204,1.1812225951161186
24.208,1.0395653142172616
24.212,0.5808504445369909
24.216,0.4308891354935101
24.22,0.800267726010981
24.224,1.1683607004938232
24.228,1.044685165532548
24.232,0.5564401443078261
24.236,0.4180131815735166
24.24,0.7917285379799827
24.244,1.1922998406375034
24.248,1.0199585094419914
24.252,0.5639650209300707
24.256,0.407577479922242
24.26,0.7934738697440629
24.264,1.1832916954907393
24.268,1.0005880609552351
24.272,0.5485647723395155
24.276,0.39374325841321556
24.28,0.7862969657000568
24.284,1.1678671294629406
24.288,1.009589856204078
24.292,0.5374524593413387
24.296,0.39796598765898283
24.3,0.7621385876766436
24.304,1.1571020440714346
24.308,0.9987173291310096
24.312,0.5423921923011307
24.316,0.3749143105805253
24.32,0.761145446099262
24.324,1.1379883603317344
24.328,0.9954254129896923
24.332,0.5401150261005137
24.336,0.38763321612906143
24.34,0.7528882384000083
24.344,1.1313512493420845
24.348,0.9977135731674616
24.352,0.5049729232995483
24.356,0.3694846305121603
24.36,0.7415730607111924
24.364,1.1242961892069414
24.368,0.9868017968763579
24.372,0.4998927619255459
24.376,0.3692894603692893
24.38,0.7605048548771093
24.384,1.1239073771764216
24.388,0.971214547582003
24.392,0.5136514177557594
24.396,0.34691130302514545
24.4,0.7560640845005145
24.404,1.1175909961106765
24.408,1.006919119894333
24.412,0.5149232168789406
24.416,0.39210430244489136
24.42,0.7604346077239185
24.424,1.1654867883994298
24.428,1.0231768937716916
24.432,0.5607886786496247
24.436,0.45239934753597244
24.44,0.8170940856966469
24.444,1.2084152159625163
24.448,1.0646433320252682
24.452,0.6133322911385559
24.456,0.4619522855774108
24.46,0.8363305985655692
24.464,1.184295073259953
24.468,1.0457649421427642
24.472,0.5375915124341402
24.476,0.37510520499356464
24.48,0.7382361771858302
24.484,1.101614519156804
24.488,0.9456199461742645
24.492,0.4529078948302803
24.496,0.3049052679947585
24.5,0.6451895919972828
24.504,1.0438520086137926
24.508,0.876665817434956
24.512,0.4031683552982882
24.516,0.2516299100364734
24.52,0.6422458315017306
24.524,1.013174617585876
24.528,0.8564732443795375
24.532,0.376340680512832
24.536,0.24178885189192495
24.54,0.6282146768875744
24.544,0.9863528877034047
24.548,0.8213067723758658
24.552,0.355998822141007
24.556,0.21926370574061732
24.56,0.5855968832393814
24.564,0.9577613280586502
24.568,0.807883566685739
24.572,0.3433974139715428
24.576,0.17747455399554496
24.58,0.5680352574017135
24.584,0.9434494026606236
24.588,0.783237404074917
24.592,0.2912367853646442
24.596,0.14125997731802253
24.6,0.46291679502131544
24.604,0.8183128435459863
24.608,0.644841947638074
24.612,0.15449207007346832
24.616,0.03289396239990272
24.62,0.4309244806734473
24.624,0.882157778587392
24.628,0.8351165309056073
24.632,0.5315410532470729
24.636,0.5257917060581294
24.64,1.103587150652337
24.644,1.6762876673255394
24.648,1.6695798768989614
24.652,1.2630801996905785
24.656,1.0341571674181442
24.66,1.2882229442683288
24.664,1.4689142229717862
24.668,1.11966508707228
24.672,0.43989202213800005
24.676,0.1393340455836356
24.68,0.39253863178646625
24.684,0.6852435204106474
24.688,0.46682917067137863
24.692,-0.051671745468363284
24.696,-0.15858434835254367
24.7,0.2478753329948826
24.704,0.6811530889412433
24.708,0.580155355978214
24.712,0.152641931848154
24.716,0.017225252444791617
24.72,0.4169794674536114
24.724,0.7649035075916095
24.728,0.6123760371599389
24.732,0.14547452242780826
24.736,0.008166498713205461
24.74,0.37383774808151726
24.744,0.7663765459462195
24.748,0.5996404467196013
24.752,0.13950516297816914
24.756,-0.029442691764322237
24.76,0.36678745896620507
24.764,0.7449596715523951
24.768,0.5764609935297221
24.772,0.11323166568271298
24.776,-0.03748428904800982
24.78,0.342647712897054
24.784,0.7284310616751213
24.788,0.5782149389959582
24.792,0.1021792749043492
24.796,-0.04222076026199889
24.8,0.31898711121618745
24.804,0.7125400898139264
24.808,0.5582530040771312
24.812,0.10129841400292117
24.816,-0.029386689132995303
24.82,0.34391088506528017
24.824,0.7042912700347215
24.828,0.5793142632374563
24.832,0.13185937937125927
24.836,-0.017477301418180435
24.84,0.3839341415242716
24.844,0.7526742996554127
24.848,0.6318134842943839
24.852,0.1708173514358113
24.856,0.03781267434829727
24.86,0.412310936605346
24.864,0.8152098911958066
24.868,0.6846854806137004
24.872,0.18336047725854254
24.876,0.06696421309356504
24.88,0.43325003863438394
24.884,0.8261716345233967
24.888,0.6831493371578001
24.892,0.21980922074277628
24.896,0.07689831768796579
24.9,0.4586707910507328
24.904,0.8268392065035134
24.908,0.6778608941840144
24.912,0.18045952537124285
24.916,0.04503536222874077
24.92,0.3687545020125266
24.924,0.7826460876542951
24.928,0.6193687452067035
24.932,0.1257582596985845
24.936,-0.023212253437483676
24.94,0.2975978848770273
24.944,0.683946185468585
24.948,0.5118760092099957
24.952,0.02221183819059988
24.956,-0.15771255795145306
24.96,0.21792002568450747
24.964,0.5778258116726291
24.968,0.402564004400035
24.972,-0.08044719736898448
24.976,-0.25652206557124635
24.98,0.11554116640303687
24.984,0.49278550728624704
24.988,0.3317779603077246
24.992,-0.15561615687779937
24.996,-0.31320287910668965
25.0,0.05398640304929517
25.004,0.40567484454433916
25.008,0.25839271879815284
25.012,-0.21545604252966957
25.016,-0.39586203767833084
25.02,-0.025328076431185963
25.024,0.3452561391078805
25.028,0.18770294854301986
25.032,-0.2835394215708354
25.036,-0.4315742394069365
25.04,-0.0384208698670133
25.044,0.31514440012326456
25.048,0.15193370309795998
25.052,-0.3083727112044986
25.056,-0.463959751719063
25.06,-0.0960476114119275
25.064,0.279855433570608
25.068,0.14475061802523403
25.072,-0.35651559618234807
25.076,-0.5105816232432548
25.08,-0.1149744166427393
25.084,0.24854575562367143
25.088,0.11884352741211217
25.092,-0.3744730518895165
25.096,-0.52523846322357
25.1,-0.14191986628417674
25.104,0.20796217315184914
25.108,0.07681510002223502
25.112,-0.4063655368249498
25.116,-0.5436558424022387
25.12,-0.1858616862821939
25.124,0.1969171319080438
25.128,0.04038343871230218
25.132,-0.4279811865416268
25.136,-0.5857730033240011
25.14,-0.20604643290131103
25.144,0.1834672306197181
25.148,0.011960801812060606
25.152,-0.45717292652506747
25.156,-0.589424095819702
25.16,-0.23373414547032884
25.164,0.11269526237654609
25.168,-0.020672963916669562
25.172,-0.502000446810283
25.176,-0.6317612238507753
25.18,-0.26718997210517575
25.184,0.11912965425440036
25.188,-0.03635548036443298
25.192,-0.5122609017654095
25.196,-0.6814799119682365
25.2,-0.28934127876348015
25.204,0.09418744493035924
25.208,-0.08468836445716565
25.212,-0.5489287890412952
25.216,-0.6926586264717763
25.22,-0.31968294465227115
25.224,0.06960413013938455
25.228,-0.08680487756619829
25.232,-0.5636020230400249
25.236,-0.707261845317168
25.24,-0.32873675743929753
25.244,0.04441722369180828
25.248,-0.10335663349783539
25.252,-0.5569657031209501
25.256,-0.7147173033406391
25.26,-0.32105720341780347
25.264,0.056442045551619524
25.268,-0.061094300346165586
25.272,-0.5170556851996435
25.276,-0.6751535357199897
25.28,-0.2792121702419455
25.284,0.10363275886651568
25.288,-0.0232082350354329
25.292,-0.4904633235414223
25.296,-0.6588848136481678
25.3,-0.31251808372636974
25.304,0.09884037569540999
25.308,-0.07214310406280983
25.312,-0.5593467626758207
25.316,-0.7141363536461043
25.32,-0.36639729327173753
25.324,-0.008031560226893553
25.328,-0.16930221090878586
25.332,-0.6485883793678909
25.336,-0.8059643609237492
25.34,-0.43226154877460543
25.344,-0.07667813583294303
25.348,-0.23838805537231544
25.352,-0.7077855066445419
25.356,-0.8799190352993846
25.36,-0.48284062858180016
25.364,-0.12096382962335606
25.368,-0.2765426904904159
25.372,-0.7595944233022996
25.376,-0.8940671099349439
25.38,-0.5276101024002656
25.384,-0.1500570748850596
25.388,-0.3157566821941617
25.392,-0.7781615706515191
25.396,-0.9292897133746909
25.4,-0.5434298540075129
25.404,-0.174262086644493
25.408,-0.34774064464380194
25.412,-0.7999635103210765
25.416,-0.96001439203774
25.42,-0.5799820828169575
25.424,-0.18420900180776384
25.428,-0.3633109955180006
25.432,-0.824559395719124
25.436,-0.9959797310521938
25.44,-0.6455241751470108
25.444,-0.30503610131137726
25.448,-0.4765458929090036
25.452,-0.9745637046288864
25.456,-1.1479350919950067
25.46,-0.7168252273215098
25.464,-0.31013444934762036
25.468,-0.3640657949965803
25.472,-0.7451434347964953
25.476,-0.7422113380529825
25.48,-0.19163895794992664
25.484,0.3960168399682042
25.488,0.4386988729118565
25.492,0.08195572472298138
25.496,-0.024402686955841024
25.5,0.27423408668032967
25.504,0.5105665434088632
25.508,0.14086504635221056
25.512,-0.5311532786623313
25.516,-0.8832080264728982
25.52,-0.6503607009093608
25.524,-0.37238121044384376
25.528,-0.5905859352298493
25.532,-1.1148937460304715
25.536,-1.310728395347595
25.54,-0.906562634912566
25.544,-0.46481602942627254
25.548,-0.5614153834963345
25.552,-0.9859232580527421
25.556,-1.094677501464469
25.56,-0.6797160339495054
25.564,-0.30895699695964013
25.568,-0.4487243514663074
25.572,-0.9579549818728034
25.576,-1.0764579198207176
25.58,-0.7187244486574504
25.584,-0.3143965178169907
25.588,-0.4651197916227625
25.592,-0.9449439967826536
25.596,-1.1055908615774364
25.6,-0.7242291816711385
25.604,-0.3443955501936353
25.608,-0.4791579249521838
25.612,-0.9537425887259451
25.616,-1.0892808296515641
25.62,-0.7069103987471856
25.624,-0.35052497385532244
25.628,-0.48156276164635936
25.632,-0.9502494927993074
25.636,-1.098820247678519
25.64,-0.7050002836733639
25.644,-0.3252925130896672
25.648,-0.4766526347686025
25.652,-0.9371028287624058
25.656,-1.0781497189853018
25.66,-0.6942818131915617
25.664,-0.29931185260617543
25.668,-0.44772960133156037
25.672,-0.890396636986546
25.676,-1.0157594040524498
25.68,-0.6375177264432592
25.684,-0.23616861847141557
25.688,-0.3769330347600226
25.692,-0.84613719165369
25.696,-0.948176930766227
25.7,-0.5990754184491931
25.704,-0.18155059222102454
25.708,-0.3222774149293477
25.712,-0.7572480654811825
25.716,-0.9052843962716557
25.72,-0.4915677470971388
25.724,-0.12766481969260285
25.728,-0.2736673396194734
25.732,-0.7476704402313904
25.736,-0.8607733056287569
25.74,-0.49750792329309074
25.744,-0.11252287095612379
25.748,-0.24280988811698168
25.752,-0.7181050353122211
25.756,-0.8851795581615882
25.76,-0.5100729116028441
25.764,-0.15116667552689356
25.768,-0.3094474013690174
25.772,-0.7627772338271275
25.776,-0.9194063186337071
25.78,-0.5575065041558804
25.784,-0.19286029143968997
25.788,-0.36168998448122325
25.792,-0.8250643069195527
25.796,-1.0178838555822196
25.8,-0.6392062992705378
25.804,-0.2671289525480877
25.808,-0.4282673639822946
25.812,-0.9121777074756418
25.816,-1.0756585683384068
25.82,-0.6968795426725236
25.824,-0.34544256112053673
25.828,-0.490591593437171
25.832,-0.9647213927902467
25.836,-1.1264339968962949
25.84,-0.750506199678812
25.844,-0.37497540277058433
25.848,-0.5462117420694399
25.852,-1.0208778783590498
25.856,-1.1528057375055967
25.86,-0.7837506496735579
25.864,-0.4060383191426832
25.868,-0.5429172985140996
25.872,-1.030948283552426
25.876,-1.192263462157395
25.88,-0.7724910503204608
25.884,-0.39753183656357743
25.888,-0.5436417441504644
25.892,-1.0374471851206992
25.896,-1.1724799034076727
25.9,-0.8039160514951463
25.904,-0.4111766676841301
25.908,-0.5589765711619403
25.912,-1.0359797099197086
25.916,-1.1648302553819456
25.92,-0.7912789458598147
25.924,-0.39020055448186003
25.928,-0.5509545036492234
25.932,-1.0465214182072904
25.936,-1.1834064744526964
25.94,-0.7627780212536378
25.944,-0.4057157270430165
25.948,-0.5437924208153169
25.952,-1.015029741142282
25.956,-1.1449283985963703
25.96,-0.7963454584574042
25.964,-0.3821211332926843
25.968,-0.5266318363986917
25.972,-1.0078697816244007
25.976,-1.147529429849006
25.98,-0.7733233046305035
25.984,-0.40438048397197546
25.988,-0.5253227405841085
25.992,-0.9971332410600389
25.996,-1.1404354782718649
26.0,-0.7560215126292018
26.004,-0.3845797326913359
26.008,-0.5069834380954827
26.012,-0.9900908015016756
26.016,-1.1280477542223997
26.02,-0.7537036869928117
26.024,-0.35795267728755686
26.028,-0.5105714350471433
26.032,-0.9804879045611432
26.036,-1.110611539473784
26.04,-0.7571629674127011
26.044,-0.3598978018880674
26.048,-0.5060050951763356
26.052,-0.9636852106204556
26.056,-1.1066753232001671
26.06,-0.7263277055041165
26.064,-0.3493092799629103
26.068,-0.4835354276603978
26.072,-0.9453611245163256
26.076,-1.0898039624822444
26.08,-0.6894568654359019
26.084,-0.3055216786233082
26.088,-0.4466985144655414
26.092,-0.9287988152877553
26.096,-1.0393169061621803
26.1,-0.6352855925431573
26.104,-0.24751327783369148
26.108,-0.36970198848775937
26.112,-0.8277020827989744
26.116,-0.9514860141115311
26.12,-0.5438091309407557
26.124,-0.15616380305607985
26.128,-0.31185180514186894
26.132,-0.7787159867240461
26.136,-0.8997705478578573
26.14,-0.5125881034284072
26.144,-0.16440161509608076
26.148,-0.3020785504176162
26.152,-0.755562364141522
26.156,-0.9377659753137457
26.16,-0.540433633503296
26.164,-0.20433404480147638
26.168,-0.3578602231056536
26.172,-0.8373190183374113
26.176,-0.9954531488153757
26.18,-0.6244842532640493
26.184,-0.23298039513093255
26.188,-0.37665741588319557
26.192,-0.8561323122221389
26.196,-0.9984886538783933
26.2,-0.5973459297209743
26.204,-0.21942866943771755
26.208,-0.3742442048774798
26.212,-0.8343789940062409
26.216,-0.996847400058874
26.22,-0.5936520120169445
26.224,-0.21268978196338367
26.228,-0.35715046805845246
26.232,-0.819266239081831
26.236,-0.9620893676399283
26.24,-0.589364930385518
26.244,-0.1748176854129076
26.248,-0.32319091478204753
26.252,-0.8025607687046419
26.256,-0.9573882482594349
26.26,-0.5799466883495068
26.264,-0.1517535085406354
26.268,-0.317886098361444
26.272,-0.7825385499070435
26.276,-0.9568258148363958
26.28,-0.5920600329205817
26.284,-0.24115375042223908
26.288,-0.41079365472424495
26.292,-0.8982103909786152
26.296,-1.0446498367247918
26.3,-0.6266129760017486
26.304,-0.1728976449172115
26.308,-0.24393248349400481
26.312,-0.5829688833560336
26.316,-0.5622104927875888
26.32,0.018346653422351276
26.324,0.6183942180319626
26.328,0.635291682256461
26.332,0.27931547925785144
26.336,0.12007730362349489
26.34,0.42338829166042236
26.344,0.6185875711651907
26.348,0.2782236942558453
26.352,-0.37463464640598343
26.356,-0.6802165929585235
26.36,-0.44952467365016985
26.364,-0.15103939540238243
26.368,-0.3827946192105308
26.372,-0.8825913216332876
26.376,-1.0253716020790535
26.38,-0.6037156349203884
26.384,-0.19170454733565756
26.388,-0.25580612337915176
26.392,-0.6961866243167021
26.396,-0.7801090641316057
26.4,-0.37915565698162834
26.404,0.007770977067305174
26.408,-0.14408341612090703
26.412,-0.5984961391110033
26.416,-0.7490099709957556
26.42,-0.3571927257262947
26.424,0.02798632445079996
26.428,-0.1304455893239177
26.432,-0.5826991344137793
26.436,-0.6909422844505585
26.44,-0.327627565907492
26.444,0.06197236488356905
26.448,-0.07803763772810265
26.452,-0.544974477538151
26.456,-0.6781372784316873
26.46,-0.2940462241167532
26.464,0.07619058144843899
26.468,-0.029322623113962137
26.472,-0.48159392937302187
26.476,-0.6443387866403677
26.48,-0.2453703779000443
26.484,0.16596201727666474
26.488,0.010515778620555694
26.492,-0.4347147841902468
26.496,-0.5263684633246953
26.5,-0.16776068099153396
26.504,0.2230249928551448
26.508,0.10268778005840959
26.512,-0.3509433513719702
26.516,-0.49225294214230375
26.52,-0.10352507351549486
26.524,0.31979928825619947
26.528,0.19601028164906445
26.532,-0.2643401122147602
26.536,-0.3698283640153237
26.54,0.028898384781259515
26.544,0.42264400873679103
26.548,0.28633803037130123
26.552,-0.18318208910492909
26.556,-0.2914065217518468
26.56,0.089200429623908
26.564,0.4799109591437287
26.568,0.37866419354813163
26.572,-0.07391958271234411
26.576,-0.23981124535487866
26.58,0.16636148710972962
26.584,0.5560931305925525
26.588,0.4130441445378594
26.592,-0.06492847402505864
26.596,-0.18186279557435486
26.6,0.1712696037298777
26.604,0.5436085003946495
26.608,0.4004649703293028
26.612,-0.056098624897317956
26.616,-0.21490727029087237
26.62,0.1535509886871798
26.624,0.5393086833948687
26.628,0.3839069813021114
26.632,-0.12115572322329957
26.636,-0.24674389815810252
26.64,0.13187882591298233
26.644,0.491081886146979
26.648,0.3368916723674389
26.652,-0.11927329830826898
26.656,-0.2971973230313168
26.66,0.0828180635884844
26.664,0.463149451746953
26.668,0.31078920290303363
26.672,-0.16602098999785658
26.676,-0.31023507001532064
26.68,0.08330504565366792
26.684,0.455249644412118
26.688,0.3010297182713887
26.692,-0.17644638552204067
26.696,-0.31910071917794924
26.7,0.08008402071269219
26.704,0.43758890019023805
26.708,0.33527324641269995
26.712,-0.15582351510615744
26.716,-0.31071945008024215
26.72,0.089536221778166
26.724,0.4646596929328695
26.728,0.32795218326777703
26.732,-0.1481934536230571
26.736,-0.2755985041409318
26.74,0.09131578045073861
26.744,0.4924212819036112
26.748,0.3503932979134923
26.752,-0.11095033109736854
26.756,-0.2531801223648573
26.76,0.14097028411372803
26.764,0.5357163015770798
26.768,0.39094395640546775
26.772,-0.06406854356478225
26.776,-0.2215131370584824
26.78,0.17299109607871666
26.784,0.5596600265026348
26.788,0.42807896625081665
26.792,-0.0551210963738972
26.796,-0.1793928574536548
26.8,0.19040541780446427
26.804,0.5795307323231809
26.808,0.44215425867594926
26.812,-0.014146609220256734
26.816,-0.1690590214991425
26.82,0.2185432350025209
26.824,0.6077654941184163
26.828,0.47515293959054117
26.832,0.0008253851541372426
26.836,-0.12674709236568799
26.84,0.25317717642411514
26.844,0.6494623654370244
26.848,0.5038945704132283
26.852,0.05623345206199126
26.856,-0.0997253148000517
26.86,0.2729456896795489
26.864,0.6690520855434802
26.868,0.5316937203486439
26.872,0.057761641342731485
26.876,-0.057711944366104606
26.88,0.31000020083131363
26.884,0.6926180095022947
26.888,0.5610968216482242
26.892,0.08549955773645748
26.896,-0.035590585587860435
26.9,0.3483017188835136
26.904,0.7278480055411216
26.908,0.5926189399547663
26.912,0.11696104582583247
26.916,-0.032861792192876216
26.92,0.3649145853190686
26.924,0.7492763201578632
26.928,0.5945017830554155
26.932,0.14022769049676015
26.936,-0.00022732179220547044
26.94,0.38911309211296363
26.944,0.8013257398491973
26.948,0.6567074503678133
26.952,0.20112552701990224
26.956,0.06280381357690723
26.96,0.46209274264133954
26.964,0.846761917804606
26.968,0.7327862305979441
26.972,0.25297927116831376
26.976,0.13827925328131724
26.98,0.5286396087831216
26.984,0.9510780064034003
26.988,0.8159388689202663
26.992,0.36996940441861104
26.996,0.21276271674122404
27.0,3.6119624880932806
27.004,3.987664060882628
27.008,3.8670604102213924
27.012,3.3884690454069477
27.016,2.790645701939999
27.02,2.7674707534624785
27.024,2.7878260836519213
27.028,2.3583226804953394
27.032,1.6592208997452373
27.036,1.3081699090735242
27.04,1.483920586123848
27.044,1.7352220477890938
27.048,1.4537541603545345
27.052,0.8760874422087801
27.056,0.6462026131669916
27.06,0.9600863458290524
27.064,1.27043027188967
27.068,1.061131435873099
27.072,0.5696200463208878
27.076,0.38479817049455933
27.08,0.7307251016455976
27.084,1.0940373328187794
27.088,0.9292615680904608
27.092,0.44751949729605106
27.096,0.2869006227293664
27.1,0.5849282227826099
27.104,0.9672770218427263
27.108,0.8347051976195928
27.112,0.3761591394873154
27.116,0.21885532790429957
27.12,0.5971802704800228
27.124,0.9733562006943451
27.128,0.852627787277862
27.132,0.3701842914329891
27.136,0.25931329444876305
27.14,0.64280260597725
27.144,0.9858715165473426
27.148,0.8092643445052303
27.152,0.33539555812260724
27.156,0.17253826131437133
27.16,0.49268648098081913
27.164,0.8978486564531971
27.168,0.7349497557428656
27.172,0.3168953219349586
27.176,0.26358315759423684
27.18,0.7528651600790962
27.184,1.2581003520926046
27.188,1.2918757541748351
27.192,1.0310305238028805
27.196,1.0885180518465978
27.2,1.6057132591596346
27.204,2.0499367605232885
27.208,1.8816560211461955
27.212,1.2686676759910374
27.216,0.932652344407225
27.22,1.0982779084406098
27.224,1.310598832972427
27.228,0.9986259333882661
27.232,0.4208307682215049
27.236,0.17787982010786835
27.24,0.49158490958154083
27.244,0.8513174356094995
27.248,0.7039501951509328
27.252,0.29987597287771695
27.256,0.2102067997262972
27.26,0.6384566448606348
27.264,1.0533832492163697
27.268,0.9637952258065917
27.272,0.4863796598926579
27.276,0.34462422033655093
27.28,0.7210106791558418
27.284,1.126721107993462
27.288,0.9833623133560363
27.292,0.5139057797289424
27.296,0.36253916138400655
27.3,0.7538930257911513
27.304,1.1214705881336489
27.308,0.989608150515349
27.312,0.5198505733034634
27.316,0.38114064426143335
27.32,0.7443817138698566
27.324,1.1655339988874232
27.328,1.0219446271408268
27.332,0.5286432903293807
27.336,0.40565805067753896
27.34,0.7709801248122111
27.344,1.1732048892796023
27.348,1.0118013663195993
27.352,0.5679704342420442
27.356,0.42877721548174197
27.36,0.8344675286951867
27.364,1.2296142062189528
27.368,1.0949423043925834
27.372,0.6306096323024654
27.376,0.4865668363925083
27.38,0.8828449635326936
27.384,1.276739130902524
27.388,1.1299657367318583
27.392,0.6977316815665403
27.396,0.56303914245267
27.4,0.959405759914995
27.404,1.3252745820284824
27.408,1.2229039264738988
27.412,0.773578208958505
27.416,0.6330093521422382
27.42,1.0228907452895366
27.424,1.4081644413359682
27.428,1.2745529515905794
27.432,0.8313726218393822
27.436,0.691902095079874
27.44,1.080316650248255
27.444,1.48491455554784
27.448,1.316314439490775
27.452,0.8578288043749297
27.456,0.7336028960623067
27.46,1.092688892567437
27.464,1.4736950575374799
27.468,1.3209158036940212
27.472,0.8526850033537858
27.476,0.671334836165054
27.48,1.0603773445841218
27.484,1.4321971426780562
27.488,1.2640932449045075
27.492,0.794132126419846
27.496,0.639429599793083
27.5,1.002225122647226
27.504,1.3813820698048187
27.508,1.199345620042803
27.512,0.7239521565750514
27.516,0.5642123595206255
27.52,0.9237326169419693
27.524,1.3045996542751181
27.528,1.1382310813134433
27.532,0.6412135502859491
27.536,0.5042895589850162
27.54,0.8618771977407271
27.544,1.2345403607427667
27.548,1.081252418537321
27.552,0.6129310472191002
27.556,0.4638827562156554
27.56,0.8254596313158663
27.564,1.1995155570866094
27.568,1.0307257164302237
27.572,0.5692512326240411
27.576,0.41745539507187246
27.58,0.8067841761770668
27.584,1.1797398453499937
27.588,1.0234655847836782
27.592,0.5611913968207897
27.596,0.41125890029809076
27.6,0.7647328313014004
27.604,1.1795799381934668
27.608,1.03137117963275
27.612,0.5468249066728835
27.616,0.4056664797431617
27.62,0.7776086502773469
27.624,1.1435728463940191
27.628,1.0342991884539927
27.632,0.5482915633645945
27.636,0.40324814928930564
27.64,0.7697639999176146
27.644,1.1626176379674629
27.648,0.990648480629035
27.652,0.529940307925623
27.656,0.3927251983982171
27.66,0.7576871359783296
27.664,1.1516535569847148
27.668,0.998405621914417
27.672,0.5253266365018736
27.676,0.3687714109422565
27.68,0.7584475267853049
27.684,1.1521194450645196
27.688,0.9871642319757472
27.692,0.518626838149996
27.696,0.3726360174946045
27.7,0.732379567595205
27.704,1.1206793520645366
27.708,0.9727841883048963
27.712,0.4806150217769162
27.716,0.36208521737720095
27.72,0.7229050767014082
27.724,1.1170185640425783
27.728,0.9548905228688109
27.732,0.5102172480170126
27.736,0.33927672442036494
27.74,0.7393299723890393
27.744,1.096561394495337
27.748,0.9503851460871815
27.752,0.49459616914543936
27.756,0.3231221129864186
27.76,0.7125055712947738
27.764,1.0979215985315962
27.768,0.9523883344406541
27.772,0.48094639526625005
27.776,0.33812264932488323
27.78,0.7334221405648148
27.784,1.1142805884784692
27.788,0.9855840393078242
27.792,0.5196691541875104
27.796,0.3879248651536211
27.8,0.7844936206367641
27.804,1.1613902318740004
27.808,1.039935080488099
27.812,0.564708598304022
27.816,0.41178705492560835
27.82,0.8043473014722908
27.824,1.1784948274526723
27.828,1.0379804423036785
27.832,0.5513133464591031
27.836,0.39713912396978435
27.84,0.7709208973418282
27.844,1.138851452176415
27.848,0.9635385382415227
27.852,0.48309217456853293
27.856,0.30761313100076726
27.86,0.6577589923710803
27.864,1.0270728116987398
27.868,0.8782929826478222
27.872,0.40632978506524303
27.876,0.24105138349129168
27.88,0.6265643510311257
27.884,1.0059193951415328
27.888,0.8268311954137054
27.892,0.38088307329761595
27.896,0.19266646053922132
27.9,0.6029943792099389
27.904,0.9599202798650033
27.908,0.8081093088149259
27.912,0.33571647250587666
27.916,0.17812519995517478
27.92,0.5772181810296007
27.924,0.9313586254957865
27.928,0.7829643066440555
27.932,0.3002061795690018
27.936,0.1569735937547848
27.94,0.5332529262823928
27.944,0.9084821871904375
27.948,0.7643544498216479
27.952,0.279350164572722
27.956,0.15399065624849584
27.96,0.5058319089334762
27.964,0.8732291410078211
27.968,0.7045450922090225
27.972,0.2084134549802706
27.976,0.011979403925985843
27.98,0.35063103615142655
27.984,0.7146474428099562
27.988,0.6035794308603531
27.992,0.18844828677326209
27.996,0.1077184402557903
28.0,0.5901170872115131
28.004,1.1106780359243922
28.008,1.120636869671889
28.012,0.8688473746437413
28.016,0.9140226069462697
28.02,1.410963618821669
28.024,1.8294845683764556
28.028,1.6031946801328947
28.032,0.9501938907077583
28.036,0.6066845345959393
28.04,0.7766022154118826
28.044,0.9562554074435242
28.048,0.680931517051236
28.052,0.0805628287659658
28.056,-0.14963929639054688
28.06,0.17211423264165887
28.064,0.5211612863197241
28.068,0.3884744996874715
28.072,-0.023102376021571447
28.076,-0.09229440708017761
28.08,0.2856637840015331
28.084,0.7168358603328574
28.088,0.5754950950843677
28.092,0.1086516257678676
28.096,-0.03596853577834519
28.1,0.33764781646544545
28.104,0.7225186930492047
28.108,0.563637515417309
28.112,0.06909486801618023
28.116,-0.04683754162527076
28.12,0.3271448050704493
28.124,0.6854007473745535
28.128,0.5420113222580895
28.132,0.0790091889427027
28.136,-0.07236330437898852
28.14,0.3073564890678821
28.144,0.6743267836963276
28.148,0.5297172908779377
28.152,0.06305534414192332
28.156,-0.10211827450586952
28.16,0.28433783497800025
28.164,0.6376793487102015
28.168,0.4974820845292744
28.172,0.04820141816035842
28.176,-0.09467802376232881
28.18,0.2770401367260065
28.184,0.657788977128006
28.188,0.518346140666533
28.192,0.05779150492555474
28.196,-0.10754672751788813
28.2,0.30648839617241136
28.204,0.6891357097957116
28.208,0.5531948037360422
28.212,0.0870331819367019
28.216,-0.06265225722063883
28.22,0.3291304818035208
28.224,0.7444118941201747
28.228,0.5860339241861023
28.232,0.13865626194371447
28.236,-0.017658464595978918
28.24,0.38067254340831547
28.244,0.7632018314946352
28.248,0.6247127584188092
28.252,0.1579774562269803
28.256,0.03307953477546671
28.26,0.4193074514327593
28.264,0.7820710407229539
28.268,0.6276708193257884
28.272,0.1437967295988038
28.276,-0.008601451883028188
28.28,0.3919816398115497
28.284,0.7330429296432244
28.288,0.5860466638523654
28.292,0.10812796590796075
28.296,-0.07993182372071655
28.3,0.2974479049219812
28.304,0.659255048989003
28.308,0.5019517867626859
28.312,0.021469190426918222
28.316,-0.13621132619945156
28.32,0.20687969497688732
28.324,0.5687497613645878
28.328,0.40632764718038106
28.332,-0.09108259133431834
28.336,-0.24411190571479258
28.34,0.11716904445559372
28.344,0.44705572295812745
28.348,0.317232094498894
28.352,-0.17546691740279374
28.356,-0.3359852372819116
28.36,0.037969870442464956
28.364,0.3739155299299097
28.368,0.21994649736885225
28.372,-0.25157042409381314
28.376,-0.4317378343705314
28.38,-0.041814461211056385
28.384,0.3382905574430724
28.388,0.17824097539600017
28.392,-0.3048188418961828
28.396,-0.46236511053511303
28.4,-0.09253632988252397
28.404,0.27909157297263987
28.408,0.13307859500391162
28.412,-0.3624683433244063
28.416,-0.48487964567178765
28.42,-0.1334678125373561
28.424,0.25310861103310134
28.428,0.09639986334976317
28.432,-0.39265071217848235
28.436,-0.5198575414239919
28.44,-0.1478075900510569
28.444,0.19991676033159678
28.448,0.06347155405398078
28.452,-0.40999730735014983
28.456,-0.5840949095097114
28.46,-0.21012625122030826
28.464,0.17723726634898762
28.468,0.021234315155304356
28.472,-0.4521705477749369
28.476,-0.6060257333503903
28.48,-0.2195278444969672
28.484,0.14738301239349005
28.488,0.01634121127324714
28.492,-0.46900329500456617
28.496,-0.6139348846655664
28.5,-0.26408609823941465
28.504,0.12120427718882176
28.508,-0.02217718984772571
28.512,-0.4949397460997833
28.516,-0.6569414421915942
28.52,-0.28072385957890134
28.524,0.09514004504300233
28.528,-0.05486979789241056
28.532,-0.5060983232418097
28.536,-0.6755191303960943
28.54,-0.30341312454230374
28.544,0.05846034433380065
28.548,-0.09214450817058531
28.552,-0.5576491401982178
28.556,-0.694971668136082
28.56,-0.333225793595487
28.564,0.04234311914007621
28.568,-0.1139804224558919
28.572,-0.5991050015334537
28.576,-0.7272433623107477
28.58,-0.3579184650134487
28.584,0.025909983205674225
28.588,-0.12513371259533318
28.592,-0.6083782283413964
28.596,-0.7424008366731212
28.6,-0.37631470662592126
28.604,0.021636510579306767
28.608,-0.12231809974980498
28.612,-0.5706538856124106
28.616,-0.7326430089199156
28.62,-0.3482267258738851
28.624,0.05061161237284306
28.628,-0.07518482476296051
28.632,-0.5709691935191441
28.636,-0.6726473800142634
28.64,-0.29858371771567926
28.644,0.07389568484501002
28.648,-0.06584991075518237
28.652,-0.5457693829931415
28.656,-0.7055846619724312
28.66,-0.3453187534799156
28.664,0.04600477184675994
28.668,-0.1300098679613433
28.672,-0.6175505839512694
28.676,-0.769852676354544
28.68,-0.41630083740562085
28.684,-0.0700407523545693
28.688,-0.20963918393322473
28.692,-0.6867235585970863
28.696,-0.8550754491679391
28.7,-0.4998871682877173
28.704,-0.1355564723493789
28.708,-0.28382754496461443
28.712,-0.7515756082983979
28.716,-0.8903267385598284
28.72,-0.5377488023635145
28.724,-0.1616968078518637
28.728,-0.29540274496220087
28.732,-0.7850194914988127
28.736,-0.9134937955796791
28.74,-0.5562050402700274
28.744,-0.16704179848433015
28.748,-0.3245480386161912
28.752,-0.79582635654559
28.756,-0.9542245172174352
28.76,-0.5773569294784094
28.764,-0.19580526127989445
28.768,-0.341485890732425
28.772,-0.8186640337237722
28.776,-0.9914662085833409
28.78,-0.5964235211485743
28.784,-0.2335107236429269
28.788,-0.3916501380266493
28.792,-0.874627662173882
28.796,-1.0404898077820395
28.8,-0.7186689706817967
28.804,-0.3516701150236864
28.808,-0.5462290420346199
28.812,-0.985265233510332
28.816,-1.1020371085386893
28.82,-0.6607999594123318
28.824,-0.17872479726835067
28.828,-0.22157906401287486
28.832,-0.5117433319736971
28.836,-0.47913988333519236
28.84,0.09481523863963412
28.844,0.6276053959048055
28.848,0.5875081468214555
28.852,0.08159932206249607
28.856,-0.21005011841886034
28.86,-0.012092187337767221
28.864,0.15450349381040263
28.868,-0.1876339414192614
28.872,-0.8053250952841546
28.876,-1.0978145609432537
28.88,-0.839443375377139
28.884,-0.5126765409378841
28.888,-0.7000500420936702
28.892,-1.173416571305108
28.896,-1.282398009022176
28.9,-0.85270951934493
28.904,-0.40794363111018755
28.908,-0.5212102242346321
28.912,-0.952467939827978
28.916,-1.0937397100999862
28.92,-0.721461420634923
28.924,-0.3319947155675868
28.928,-0.4856188303973068
28.932,-0.9597004913929963
28.936,-1.1050609505272504
28.94,-0.7084595382647222
28.944,-0.34124194184327983
28.948,-0.49773067230625434
28.952,-0.9575854953554228
28.956,-1.1045675143258205
28.96,-0.731165546553164
28.964,-0.35735193943942645
28.968,-0.503688806284565
28.972,-0.9806836708897914
28.976,-1.1129383985542853
28.98,-0.7394084716818168
28.984,-0.3556731560430221
28.988,-0.4881652454545782
28.992,-0.94486813143858
28.996,-1.0996737894022226
29.0,-0.719623049044646
29.004,-0.33308269281789427
29.008,-0.4607032625322709
29.012,-0.9314236711309671
29.016,-1.0707624753026286
29.02,-0.6808302159802411
29.024,-0.30767160726191817
29.028,-0.4243002949567428
29.032,-0.8959427554782528
29.036,-1.0166480202954409
29.04,-0.6350627254301662
29.044,-0.22850029707344255
29.048,-0.3681127144243036
29.052,-0.8350368203153976
29.056,-0.9586725175985178
29.06,-0.5404605136436796
29.064,-0.19251472915150936
29.068,-0.30183897737881404
29.072,-0.7731765869818457
29.076,-0.8850813809312965
29.08,-0.5020511093572493
29.084,-0.12120112692480906
29.088,-0.25408648749955043
29.092,-0.72767142849176
29.096,-0.873808883377518
29.1,-0.49974211863554213
29.104,-0.11911675338066491
29.108,-0.26947640825596025
29.112,-0.7407598528680174
29.116,-0.9125746057419248
29.12,-0.5119707820387785
29.124,-0.13281259421154235
29.128,-0.3135718378860539
29.132,-0.7804180446475654
29.136,-0.9523317234185018
29.14,-0.5907201133209413
29.144,-0.22262495280994782
29.148,-0.37798928551019173
29.152,-0.8710201223423697
29.156,-1.0176064243113299
29.16,-0.6626463857982593
29.164,-0.3014814977475624
29.168,-0.44936207198734585
29.172,-0.9387216393305039
29.176,-1.0919628599536886
29.18,-0.7195607010891056
29.184,-0.36185895191855194
29.188,-0.4881491076863821
29.192,-0.9729087895900155
29.196,-1.1398318796622884
29.2,-0.7596349535044106
29.204,-0.37818467123174315
29.208,-0.5325188561916632
29.212,-0.9900764046724431
29.216,-1.159952347442349
29.22,-0.7680344402787043
29.224,-0.41508518116245496
29.228,-0.5606043874909994
29.232,-1.0034942704050416
29.236,-1.1708969926191855
29.24,-0.7984212373937927
29.244,-0.40709770426308417
29.248,-0.5393280021007008
29.252,-1.0296464072880775
29.256,-1.1673580570387605
29.26,-0.8045166219622572
29.264,-0.4095450653554006
29.268,-0.5393738362613653
29.272,-1.0264871356082272
29.276,-1.1756432571171564
29.28,-0.7891479952441168
29.284,-0.40586861340166114
29.288,-0.5361703075561521
29.292,-1.0089204972579355
29.296,-1.150910189121107
29.3,-0.774489434560774
29.304,-0.3990534209798104
29.308,-0.5443798322716866
29.312,-1.0009249853779103
29.316,-1.1330230438633768
29.32,-0.7762076312681007
29.324,-0.3948216782012032
29.328,-0.5395278145641226
29.332,-0.988257177717257
29.336,-1.1404330515954875
29.34,-0.7521219738131949
29.344,-0.38037648220681636
29.348,-0.5124231804697934
29.352,-0.989667288039173
29.356,-1.1454630262029335
29.36,-0.7382338083933637
29.364,-0.3652315090769076
29.368,-0.5110674117455312
29.372,-0.9731241019631944
29.376,-1.1333894239377393
29.38,-0.7318781512939322
29.384,-0.3593392099935191
29.388,-0.49782717531939735
29.392,-0.9526361222828975
29.396,-1.100408496665801
29.4,-0.725622387436956
29.404,-0.34185471030472786
29.408,-0.5091217589367347
29.412,-0.9592799953053319
29.416,-1.09196348477623
29.42,-0.7180591332327074
29.424,-0.3403910865240331
29.428,-0.4646704385282767
29.432,-0.9235435665056344
29.436,-1.0858596174338
29.44,-0.6859517833047559
29.444,-0.303161358656191
29.448,-0.46113773602929375
29.452,-0.9238844383903321
29.456,-1.0380580532944816
29.46,-0.6799541266608514
29.464,-0.28628620149810585
29.468,-0.39618740149745524
29.472,-0.8804435522979954
29.476,-0.9934768006154948
29.48,-0.6220519893463698
29.484,-0.21377675187058143
29.488,-0.33223493332872756
29.492,-0.8000486911381324
29.496,-0.9218641602744297
29.5,-0.5181057888802706
29.504,-0.1390278482165756
29.508,-0.24034600519907673
29.512,-0.713229401536658
29.516,-0.8667388942335842
29.52,-0.4831218835198961
29.524,-0.08291187375829484
29.528,-0.2558079806849058
29.532,-0.7347499634997627
29.536,-0.8732594939997604
29.54,-0.5286969986301199
29.544,-0.14564309707252776
29.548,-0.2994028217687523
29.552,-0.7865071083379782
29.556,-0.9479640043145162
29.56,-0.5570434080235107
29.564,-0.17454347628562933
29.568,-0.3359731294776533
29.572,-0.8121517048264648
29.576,-0.9327474532459323
29.58,-0.5581810489502513
29.584,-0.18438564624806048
29.588,-0.3139446281841992
29.592,-0.7875568886324206
29.596,-0.9136325553048694
29.6,-0.540452799719967
29.604,-0.17638754822440272
29.608,-0.310078472213272
29.612,-0.7754339453731462
29.616,-0.9070784063503408
29.62,-0.528276537127516
29.624,-0.15154092077327175
29.628,-0.2750992345137031
29.632,-0.7366051126764342
29.636,-0.8883296124663409
29.64,-0.5002735696408476
29.644,-0.12754261065358707
29.648,-0.2656474281070715
29.652,-0.7359360787154658
29.656,-0.8775665788251542
29.66,-0.5162758234804423
29.664,-0.16773169446568198
29.668,-0.3442308073895486
29.672,-0.8548147335583748
29.676,-0.969430556136553
29.68,-0.603478369550123
29.684,-0.14720272176168087
29.688,-0.21942519373497002
29.692,-0.5881016260732899
29.696,-0.592034631621319
29.7,-0.041050543688124254
29.704,0.5578118077709018
29.708,0.5953807898337463
29.712,0.29582654814779585
29.716,0.20446086928845963
29.72,0.5430024561184755
29.724,0.7859339921494589
29.728,0.45183047513649793
29.732,-0.21142808038767236
29.736,-0.5397359555447642
29.74,-0.2953815512037931
29.744,-0.03141108540778176
29.748,-0.27688502331324627
29.752,-0.8062545717420464
29.756,-0.9611366403027977
29.76,-0.5948834630905727
29.764,-0.13674195056953442
29.768,-0.21232749887314933
29.772,-0.6354311355137514
29.776,-0.7240510723550864
29.78,-0.3189373345617939
29.784,0.055437310864322686
29.788,-0.07979493301239815
29.792,-0.5352040208160925
29.796,-0.6859378059174799
29.8,-0.26620619263684936
29.804,0.10098329369045705
29.808,-0.04565768255962391
29.812,-0.524232322165155
29.816,-0.6465421065795991
29.82,-0.273932624512315
29.824,0.1327255724688403
29.828,-0.03817026503414467
29.832,-0.4622107916886298
29.836,-0.6179299437130779
29.84,-0.24212665588008003
29.844,0.16354628251768155
29.848,0.02756239130989241
29.852,-0.43393269958876757
29.856,-0.5546471541000723
29.86,-0.17339431584358492
29.864,0.2227173977551894
29.868,0.07926443697149016
29.872,-0.3710948493611961
29.876,-0.5198066890587854
29.88,-0.10890677571574132
29.884,0.2770296494447401
29.888,0.16903108495317828
29.892,-0.2962821327428578
29.896,-0.41758616441074253
29.9,-0.02233572028139614
29.904,0.39296778080903905
29.908,0.2339243001287707
29.912,-0.20155518049432772
29.916,-0.3348516939007712
29.92,0.05516453348443691
29.924,0.46614385756656423
29.928,0.3627346581899128
29.932,-0.1001791240834779
29.936,-0.2288506827310051
29.94,0.17902649526995873
29.944,0.5691814681330513
29.948,0.44377377242119276
29.952,-0.015990609620949725
29.956,-0.1474212861633096
29.96,0.23296049437235286
29.964,0.6363639815591564
29.968,0.47456801152430317
29.972,0.01979568769758458
29.976,-0.11136525587545976
29.98,0.2570602489345752
29.984,0.633525147468744
29.988,0.5126504099042423
29.992,0.029554261025784928
29.996,-0.13392342104284616
30.0,0.22894428262617916
30.004,0.5854271241454861
30.008,0.4536453185845156
30.012,-0.02532855283858046
30.016,-0.19385869299000455
30.02,0.15096902581301677
30.024,0.5357408979552172
30.028,0.36992996029363445
30.032,-0.10737299786591578
30.036,-0.24783381428415727
30.04,0.10876463994727291
30.044,0.47552995476072296
30.048,0.31329493153895344
30.052,-0.1622045445526889
30.056,-0.3279023459468135
30.06,0.057135912848346876
30.064,0.42274291153986865
30.068,0.264613035857428
30.072,-0.19501592746031793
30.076,-0.37585233027017684
30.08,0.01703504680642252
30.084,0.40523421190136705
30.088,0.26277974644917584
30.092,-0.21774859432544158
30.096,-0.37683443481654494
30.1,0.007839375187844031
30.104,0.39005334983490614
30.108,0.25609077004220243
30.112,-0.22164091572660252
30.116,-0.3677748921009164
30.12,0.0032961712592658125
30.124,0.3717717270427091
30.128,0.222648086718265
30.132,-0.2368999943197687
30.136,-0.3724904206483435
30.14,-0.004306413669174091
30.144,0.3866821010763986
30.148,0.2275705441751441
30.152,-0.24121777634790503
30.156,-0.36611998156778525
30.16,0.00783243732900626
30.164,0.37747739821125953
30.168,0.2268955194964906
30.172,-0.22556221289100623
30.176,-0.37161301304553696
30.18,0.006424031254353647
30.184,0.3786670190069571
30.188,0.22418415613064197
30.192,-0.23525129880723655
30.196,-0.3663388542165983
30.2,-0.00908503407143437
30.204,0.38090082228695815
30.208,0.25147455389743606
30.212,-0.23815465909799716
30.216,-0.3816961041976029
30.22,-0.013502844233245567
30.224,0.3866560497203712
30.228,0.2277104682607209
30.232,-0.25065567522594245
30.236,-0.38994934005575743
30.24,0.0021019873210749804
30.244,0.3646556249478741
30.248,0.22132065818076202
30.252,-0.22940136367079003
30.256,-0.38092986706999044
30.26,-0.00875850824344588
30.264,0.3778645679551299
30.268,0.2535910735337078
30.272,-0.22051060588882213
30.276,-0.3786576367889885
30.28,0.01256110332286887
30.284,0.3882766956720854
30.288,0.22715279871098976
30.292,-0.24061160407099125
30.296,-0.36988769980934016
30.3,0.011000939958778957
30.304,0.41869513752895626
30.308,0.2756687340401267
30.312,-0.17271828698807115
30.316,-0.30446687345050466
30.32,0.09272107575734355
30.324,0.4714542955731473
30.328,0.3546164284406621
30.332,-0.11765341962282208
30.336,-0.23578641700748265
30.34,0.15736261056078277
30.344,0.5369535545065994
30.348,0.3830437050083289
30.352,-0.08313784825692633
30.356,-0.25637587341004836
30.36,0.1118354121901783
30.364,0.5022298950979629
30.368,0.3515336772607631
30.372,-0.1585627157933181
30.376,-0.3057848312355621
30.38,0.06524353277308041
30.384,0.42273881524637463
30.388,0.26933728633255105
30.392,-0.20052056150183406
30.396,-0.3583512796549653
30.4,0.016213615454930712
30.404,0.38117136508225735
30.408,0.24202269229013176
30.412,-0.23428683223664581
30.416,-0.38074768014903454
30.42,-0.003441518805974817
30.424,0.3813658389637572
30.428,0.22716204447107552
30.432,-0.23456520693188807
30.436,-0.3838285735817864
30.44,-0.009184961132608806
30.444,0.36101045082411937
30.448,0.24462774993574454
30.452,-0.22763096259501336
30.456,-0.38846150586515926
30.46,0.006818481580852763
30.464,0.3701585233321388
30.468,0.23195037942254593
30.472,-0.24081782449082761
30.476,-0.38466645993992093
30.48,0.0018862396248908485
30.484,0.36425241690147964
30.488,0.2042210601331609
30.492,-0.2806897661178906
30.496,-0.46682786421834116
30.5,-0.12742680038451248
30.504,0.23908900923237333
30.508,0.1028492755435185
30.512,-0.336571624452759
30.516,-0.4482197997273984
30.52,0.016219756837292574
30.524,0.5330427923324278
30.528,0.5255212905444482
30.532,0.22302017721580955
30.536,0.29635127849332465
30.54,0.8617635721746647
30.544,1.3570241515853647
30.548,1.2339417122719987
30.552,0.6524168271047812
30.556,0.35355985869816947
30.56,0.5222987755318339
30.564,0.6892123946588133
30.568,0.38455390509610765
30.572,-0.21546975613138142
30.576,-0.4773746322836704
30.58,-0.17970877843041863
30.584,0.13921100461031607
30.588,-0.0037125092708866214
30.592,-0.452238833829696
30.596,-0.5126506936456816
30.6,-0.11242399859833219
30.604,0.35429034747841726
30.608,0.2014959667187162
30.612,-0.2315514753577393
30.616,-0.3748482411154906
30.62,-0.009391337074515654
30.624,0.38698812402195526
30.628,0.2311432611449656
30.632,-0.2310274132712693
30.636,-0.3771997808903559
30.64,-0.0012444431915133894
30.644,0.3789773622858277
30.648,0.2421852951996925
30.652,-0.23952300891587802
30.656,-0.3832694948949932
30.66,0.016805189321511947
30.664,0.3937028314373392
30.668,0.23313129874845898
30.672,-0.23157825716872116
30.676,-0.38528323417530597
30.68,0.029044370309208586
30.684,0.411263268134808
30.688,0.2528104252087771
30.692,-0.19472779557255854
30.696,-0.3206433214623446
30.7,0.0313398212204798
30.704,0.4286259958994774
30.708,0.2823173200239349
30.712,-0.15349891484731404
30.716,-0.2990859853641792
30.72,0.08931778124940114
30.724,0.48779319355168776
30.728,0.3471752906362986
30.732,-0.10831084473356148
30.736,-0.23311570702040715
30.74,0.15262215827912434
30.744,0.5488952859872245
30.748,0.42125945468093207
30.752,-0.03201801009058863
30.756,-0.15802484699552996
30.76,0.23593198420994727
30.764,0.6085535440655007
30.768,0.5044462406935996
30.772,0.03175064414067397
30.776,-0.10774089618743293
30.78,0.2752177649481267
30.784,0.6912015482963141
30.788,0.5544898892151995
30.792,0.0823782992157022
30.796,-0.07921898667588362
30.8,0.30267265541146376
30.804,0.6919044822161965
30.808,0.5247664853235372
30.812,0.056080961102528026
30.816,-0.10029526720817306
30.82,0.2876123811088717
30.824,0.6524459016584102
30.828,0.47948357574632616
30.832,0.013030071676310373
30.836,-0.16115843677692815
30.84,0.19972947913530387
30.844,0.5683249360614169
30.848,0.4127960244592003
30.852,-0.08123358666553945
30.856,-0.23810220215130026
30.86,0.11922300156733409
30.864,0.4925407928758323
30.868,0.34512371509792084
30.872,-0.12898613090985933
30.876,-0.28674796271522507
30.88,0.07848830858888738
30.884,0.42982581951522353
30.888,0.2825610842148648
30.892,-0.1888267599769003
30.896,-0.3295088221498368
30.9,0.029523722149919013
30.904,0.39786286883210686
30.908,0.2744684626227679
30.912,-0.2217249225557698
30.916,-0.3745193035634404
30.92,0.01641795872037718
30.924,0.39149172450154285
30.928,0.23951626664674627
30.932,-0.22751652532159128
30.936,-0.38358855559997834
30.94,-0.0002575212550503848
30.944,0.38391009251045366
30.948,0.21778512799824135
30.952,-0.22319390178342396
30.956,-0.39231017135137475
30.96,-0.00796659910073286
30.964,0.39151515685972293
30.968,0.24163896827738843
30.972,-0.23361081589892924
30.976,-0.397030292742938
30.98,-0.005702152656333981
30.984,0.37852458110197945
30.988,0.23387351382817445
30.992,-0.22355715444386765
30.996,-0.3603756065735649
31.0,0.0062239122072334
31.004,0.37513293899004296
31.008,0.24729702714510995
31.012,-0.24098223283775608
31.016,-0.4066400881805762
31.02,-0.012481681667633483
31.024,0.35671289871244705
31.028,0.23128239536601383
31.032,-0.23689240317805813
31.036,-0.3963462173864283
31.04,-0.008539042204065334
31.044,0.3661604619523202
31.048,0.23384502711414348
31.052,-0.24364831609464732
31.056,-0.3703227764853224
31.06,0.0016971560519056627
31.064,0.39647074056291787
31.068,0.2305667544493944
31.072,-0.21366993899812187
31.076,-0.38039642038701393
31.08,-0.005282591381453219
31.084,0.404514252989068
31.088,0.2168378151938146
31.092,-0.24062334526543888
31.096,-0.39703889177576623
31.1,-0.01831773183562032
31.104,0.35987173623667656
31.108,0.24149930614360565
31.112,-0.2480214561882341
31.116,-0.3823128006472609
31.12,0.0100190936573833
31.124,0.38684945857915587
31.128,0.24210346956930462
31.132,-0.21856072987009034
31.136,-0.35766171675688996
31.14,-0.002705671623373089
31.144,0.3993301747402373
31.148,0.2520739180124416
31.152,-0.20975493044512122
31.156,-0.35989860068181073
31.16,0.040830599348327994
31.164,0.43444630287264907
31.168,0.32108352810899315
31.172,-0.16072331222493774
31.176,-0.30381722961297875
31.18,0.11439882698102787
31.184,0.4949695428679058
31.188,0.37131876164368727
31.192,-0.08332005336848466
31.196,-0.232101891067484
31.2,0.14537495227868025
31.204,0.5251211383718227
31.208,0.3828949648242793
31.212,-0.11733374825164843
31.216,-0.2561102481401392
31.22,0.09317679697781528
31.224,0.4751858508848651
31.228,0.29404961259262147
31.232,-0.16894492890778348
31.236,-0.33307834922500773
31.24,0.03849775322996559
31.244,0.41840282404769663
31.248,0.24783621522883004
31.252,-0.22032038130719955
31.256,-0.36685084221969283
31.26,0.004205882723065302
31.264,0.39237982648131015
31.268,0.24151930326774068
31.272,-0.238948725818344
31.276,-0.3666043628668447
31.28,0.006346454821430496
31.284,0.3724229460015137
31.288,0.22683131012608787
31.292,-0.2371739400472908
31.296,-0.37587445854131823
31.3,-0.02209562988331557
31.304,0.3724374376401842
31.308,0.22934889522619956
31.312,-0.24948892199293382
31.316,-0.3906567729758123
31.32,0.001279348976074594
31.324,0.37512784468711957
31.328,0.22952767812766398
31.332,-0.25351720683271073
31.336,-0.3948018725387978
31.34,-0.04270935104846599
31.344,0.3417457321571746
31.348,0.16521877832560927
31.352,-0.36161378706158176
31.356,-0.535486315370165
31.36,-0.13351116599681448
31.364,0.27470599628692555
31.368,0.19990775831994317
31.372,-0.18391110044640208
31.376,-0.2569474902091742
31.38,0.30631273863388425
31.384,0.860031484922575
31.388,0.926379061836385
31.392,0.6401319400379185
31.396,0.6072193993454882
31.4,1.0008074023968683
31.404,1.2704524423686216
31.408,0.9485456737776458
31.412,0.2944488985515342
31.416,-0.06905303730157641
31.42,0.16995480076303052
31.424,0.38642424041803336
31.428,0.13311198636436347
31.432,-0.4211158575059767
31.436,-0.6314337745382279
31.44,-0.259646244508134
31.444,0.1768009019408299
31.448,0.060735290262411507
31.452,-0.30868986087428874
31.456,-0.4341581545883212
31.46,-0.03422176335814334
31.464,0.3755579589486088
31.468,0.2078274986949015
31.472,-0.23873396423375887
31.476,-0.3819006637943795
31.48,-0.011671815295691525
31.484,0.37544611046416954
31.488,0.25212230519087264
31.492,-0.23102816491627173
31.496,-0.37354291965048086
31.5,-0.004198410886624157
31.504,0.37182700335330215
31.508,0.23852864325465026
31.512,-0.25242146091540246
31.516,-0.3823782062223073
31.52,-0.0014218089674113042
31.524,0.3736265005520317
31.528,0.25813773190906564
31.532,-0.21644017175116054
31.536,-0.36262785762578
31.54,0.035336117604072105
31.544,0.39791771458849245
31.548,0.26165699156972555
31.552,-0.17714649030756086
31.556,-0.30318597305805567
31.56,0.06973276408683764
31.564,0.45735069393854505
31.568,0.3116825119082607
31.572,-0.14730717600441093
31.576,-0.2729502470814383
31.58,0.13146869803822456
31.584,0.5156219420479983
31.588,0.38937143935339824
31.592,-0.08543197556950202
31.596,-0.20096769626691563
31.6,0.18112038847444514
31.604,0.5841286166434019
31.608,0.45777223649068255
31.612,-0.010213086014891348
31.616,-0.14735967977898723
31.62,0.2589769379323883
31.624,0.6454366095878616
31.628,0.5125501105743381
31.632,0.05577375535339074
31.636,-0.07641353809952844
31.64,0.30244351950751064
31.644,0.6845904479711222
31.648,0.5301014288505195
31.652,0.06063449700013743
31.656,-0.07933662302134203
31.66,0.288381465534753
31.664,0.670647785172054
31.668,0.5047392255019482
31.672,0.052518195247094335
31.676,-0.1209222404589706
31.68,0.24692394076582114
31.684,0.6083777949396992
31.688,0.473429150013272
31.692,-0.04258104872350035
31.696,-0.196820193395591
31.7,0.184620449638498
31.704,0.5444282679696651
31.708,0.3767238302023228
31.712,-0.10705338806987386
31.716,-0.2630987932334916
31.72,0.10858103569515792
31.724,0.4915674174999415
31.728,0.32560882442692324
31.732,-0.15077491531355147
31.736,-0.32014621760274137
31.74,0.061144702050031245
31.744,0.41307394540525055
31.748,0.27816519039888976
31.752,-0.19889150850861448
31.756,-0.33261384160048146
31.76,0.040409711094144755
31.764,0.3985442244405052
31.768,0.24409685621859664
31.772,-0.2288901076391531
31.776,-0.3718191998646557
31.78,0.02240406834333254
31.784,0.39215162394528924
31.788,0.24637611463459685
31.792,-0.2221531990175654
31.796,-0.3865230952824653
31.8,-0.004067225720003549
31.804,0.3879894836088869
31.808,0.22916237607541254
31.812,-0.24895936951154782
31.816,-0.39015989100662063
31.82,0.011373430425936562
31.824,0.3773103517547297
31.828,0.2378456760437394
31.832,-0.24508558954734058
31.836,-0.3763656996640686
31.84,-0.002501837568801714
31.844,0.38502696747927656
31.848,0.23043907246234432
31.852,-0.22999609196803378
31.856,-0.3856386371205493
31.86,-0.0007645460037440334
31.864,0.3777332897753349
31.868,0.2353958795583709
31.872,-0.23230984516422956
31.876,-0.3853621550920788
31.88,-0.0011896126623699341
31.884,0.38229199482230275
31.888,0.24019407002847334
31.892,-0.23587284089173038
31.896,-0.38929168394136504
31.9,0.0008655717260152196
31.904,0.3871268642992731
31.908,0.2217836230060256
31.912,-0.24832754506000015
31.916,-0.38704253049734144
31.92,-0.001918949736194374
31.924,0.3584622324583985
31.928,0.2408724556252392
31.932,-0.2369054324480396
31.936,-0.4038690105535289
31.94,-0.011011973252312762
31.944,0.37763304262924785
31.948,0.21776960651849475
31.952,-0.22475567899664872
31.956,-0.3774603184022691
31.96,0.008566047553439728
31.964,0.37296865955727976
31.968,0.2436226594708159
31.972,-0.23508279148585592
31.976,-0.37257535483565085
31.98,0.017550726605992654
31.984,0.39933511723026827
31.988,0.26993785172273554
31.992,-0.19818943355296897
31.996,-0.3390267923071015
32.0,0.06654084730098526
32.004,0.46247475553028083
32.008,0.3217763264120447
32.012,-0.1214493988907317
32.016,-0.268463500898957
32.02,0.12570804778666728
32.024,0.5179673490738411
32.028,0.37893799994820865
32.032,-0.08892564055563226
32.036,-0.23786721691346768
32.04,0.13637978224845596
32.044,0.5209299845455573
32.048,0.3765467452976527
32.052,-0.1098013887471036
32.056,-0.27316555448204705
32.06,0.10139219291594023
32.064,0.45513457776847444
32.068,0.28611200361869693
32.072,-0.1901190865692448
32.076,-0.34338836773144743
32.08,0.023356648234078403
32.084,0.4075285995969815
32.088,0.259569858847021
32.092,-0.2418543182838909
32.096,-0.37465034772506967
32.1,-0.02422001837313137
32.104,0.38262892396622356
32.108,0.23606131764250193
32.112,-0.21613453045228417
32.116,-0.3649284071575694
32.12,0.009752059439807
32.124,0.37106990110291765
32.128,0.22507519313182972
32.132,-0.24600077465251663
32.136,-0.36511738284454764
32.14,-0.009084347397200116
32.144,0.37657656629165315
32.148,0.22611824261126334
32.152,-0.24771195693591047
32.156,-0.377188530455286
32.16,0.0011338215739534214
32.164,0.3567133213514976
32.168,0.2175306920807696
32.172,-0.24468775441159624
32.176,-0.40859321401309984
32.18,-0.05694458292513353
32.184,0.2995430320172169
32.188,0.09924776464549676
32.192,-0.38477583684152217
32.196,-0.517470999529805
32.2,-0.11861498561021948
32.204,0.32882983448219205
32.208,0.2523851706251972
32.212,-0.10103551703578995
32.216,-0.10536709759109164
32.22,0.45908608791145983
32.224,1.0592580985152087
32.228,1.105398602647887
32.232,0.7433077869266072
32.236,0.6224623536510407
32.24,0.8932277427086416
32.244,1.084315938784491
32.248,0.758495993285863
32.252,0.07619657564918211
32.256,-0.22616559022006044
32.26,-0.007861352159800421
32.264,0.2805623665105698
32.268,0.05881118145684108
32.272,-0.4645722948134752
32.276,-0.6273346108022244
32.28,-0.21376488188418796
32.284,0.21761745939717672
32.288,0.13277311598149388
32.292,-0.28204750385075483
32.296,-0.41207839542512653
32.3,-0.015691957734576212
32.304,0.36191789421390097
32.308,0.24128214468510223
32.312,-0.23774319885722311
32.316,-0.39206560488554254
32.32,0.009560808632821272
32.324,0.38115524813512847
32.328,0.2293934376247717
32.332,-0.22385558838396172
32.336,-0.38072164777388406
32.34,-0.011611952439712208
32.344,0.39527360741388123
32.348,0.23342053352732994
32.352,-0.1964652683861765
32.356,-0.3743458855611176
32.36,-0.00713742430964813
32.364,0.4139186425761196
32.368,0.25394505071295376
32.372,-0.2091545922734723
32.376,-0.34857678679509907
32.38,0.019725918951538572
32.384,0.3981208026383124
32.388,0.3008238926660882
32.392,-0.19695615942584932
32.396,-0.3017920346366785
32.4,0.07682776649807746
32.404,0.46390331938876195
32.408,0.3231609855655162
32.412,-0.10750057800838009
32.416,-0.27029267331432394
32.42,0.12359690291498983
32.424,0.5311370612997991
32.428,0.3865326504472001
32.432,-0.07264128043326035
32.436,-0.19385993580664204
32.44,0.2084933400776969
32.444,0.6150354213899474
32.448,0.48548631374070383
32.452,-0.010453985554918166
32.456,-0.11529997657105667
32.46,0.2558817515567013
32.464,0.6465310191506504
32.468,0.5134292462748568
32.472,0.04920235068785131
32.476,-0.09587607945904747
32.48,0.27504853871596957
32.484,0.6943595541844807
32.488,0.5428183786176184
32.492,0.06078786614245396
32.496,-0.09853810958841264
32.5,0.29763866997378063
32.504,0.6571518926701461
32.508,0.4973002273001499
32.512,0.005620292354798162
32.516,-0.12977195523357093
32.52,0.22907126096426342
32.524,0.6018600701510463
32.528,0.4415121524346295
32.532,-0.0384761869299351
32.536,-0.2025139074195765
32.54,0.1582098367838372
32.544,0.5329938642322378
32.548,0.3778074327814044
32.552,-0.09978029486187143
32.556,-0.2844380837022149
32.56,0.10635271076589246
32.564,0.4486008774822934
32.568,0.31897080090078533
32.572,-0.1768031535688399
32.576,-0.31643094247220127
32.58,0.06270570063825709
32.584,0.42351683135880835
32.588,0.26974677329087454
32.592,-0.20644812475709723
32.596,-0.36024639194962726
32.6,0.03199175052786046
32.604,0.3965346498186024
32.608,0.22751287695458935
32.612,-0.21469696530503524
32.616,-0.3626980561558928
32.62,0.008029011918099923
32.624,0.37863709820702635
32.628,0.22837291657710845
32.632,-0.23911669151677095
32.636,-0.37540312498861556
32.64,-0.0160644612116544
32.644,0.38650935751153137
32.648,0.23726257207982207
32.652,-0.22114965948994647
32.656,-0.3725778426054086
32.66,-0.006600101020852288
32.664,0.3639882250693873
32.668,0.22725674300532686
32.672,-0.2210380133863373
32.676,-0.37728424675737315
32.68,0.006116247918925238
32.684,0.3742349074000618
32.688,0.24003716865788202
32.692,-0.25026144392231897
32.696,-0.3710317556194968
32.7,-0.011526680675608015
32.704,0.360697943530269
32.708,0.2577510807713668
32.712,-0.2337557106004889
32.716,-0.3793439247556156
32.72,-0.018695007987336507
32.724,0.3866513412364356
32.728,0.2439764737579388
32.732,-0.2371054702198016
32.736,-0.37152221492571
32.74,0.011706523615304719
32.744,0.38568198790659586
32.748,0.2134558252659929
32.752,-0.24662244180990317
32.756,-0.36353828997041715
32.76,0.000853802415757719
32.764,0.3813485698477378
32.768,0.2269039587877739
32.772,-0.24129564702677583
32.776,-0.3681541936650544
32.78,0.015574562324030905
32.784,0.38938653703363163
32.788,0.24225548932020136
32.792,-0.2262506783228137
32.796,-0.3770818657549869
32.8,-0.005897562781574817
32.804,0.37530744805752314
32.808,0.26136030808954747
32.812,-0.21703107740457525
32.816,-0.3504244379267276
32.82,0.03579921997033498
32.824,0.4268959216190243
32.828,0.2942136105909423
32.832,-0.15931286419759755
32.836,-0.3051251180491612
32.84,0.10932209786975139
32.844,0.4847153189947052
32.848,0.3621780599369078
32.852,-0.11128000441846177
32.856,-0.23819192113101745
32.86,0.14217357229827635
32.864,0.5305890612309812
32.868,0.3897350669275431
32.872,-0.09335308023824213
32.876,-0.2292254980204051
32.88,0.1276601032634488
32.884,0.4842731527458103
32.888,0.32598116877767946
32.892,-0.1540634106206739
32.896,-0.30992875766957095
32.9,0.03844332321584619
32.904,0.4264075875727934
32.908,0.25315986374991295
32.912,-0.2073856821793369
32.916,-0.3532890059693925
32.92,0.014358021946308102
32.924,0.3649632278286182
32.928,0.22250792470542924
32.932,-0.22608443330408357
32.936,-0.4027973725300233
32.94,0.00743886682923149
32.944,0.3910802043387372
32.948,0.2469423175516801
32.952,-0.23725547758200005
32.956,-0.3758846546077186
32.96,0.0021722704191156294
32.964,0.3657385735869668
32.968,0.24258719279896823
32.972,-0.22119805528889397
32.976,-0.37352507487313175
32.98,-0.005038534034679351
32.984,0.3877544606830135
32.988,0.24778573376485072
32.992,-0.22460362849098553
32.996,-0.3738593817105381
33.0,-0.026074117018806638
33.004,0.3606893782150771
33.008,0.19438760264306415
33.012,-0.30467803003003413
33.016,-0.49053303945282356
33.02,-0.1254366084381407
33.024,0.21742640468828375
33.028,0.12050257423962163
33.032,-0.29821286492747384
33.036,-0.3610228274400581
33.04,0.13296240930362277
33.044,0.6321024519828451
33.048,0.6913251799373685
33.052,0.4172784242566131
33.056,0.45204217419165116
33.06,0.9556654572144354
33.064,1.3800472542170803
33.068,1.160748628574063
33.072,0.5308729475284841
33.076,0.1735758772036698
33.08,0.36473178220942093
33.084,0.5596590049816386
33.088,0.2869058688595645
33.092,-0.2952327102297982
33.096,-0.5574719210828585
33.1,-0.2277578959468971
33.104,0.1440727369232797
33.108,0.016023471037330178
33.112,-0.41811492446520393
33.116,-0.4818626194121971
33.12,-0.06689324201770686
33.124,0.3538899474554052
33.128,0.21392733421920618
33.132,-0.23070493810080267
33.136,-0.3852262344543035
33.14,0.009460688862972457
33.144,0.37919086346324987
33.148,0.23156865963374698
33.152,-0.22933424681738362
33.156,-0.3890260298943864
33.16,0.02072622208765526
33.164,0.3857737292201889
33.168,0.2338746107990233
33.172,-0.2335454215963353
33.176,-0.37329715111787865
33.18,0.018586436962629464
33.184,0.38212104956600823
33.188,0.24447236725596225
33.192,-0.2197203394213229
33.196,-0.34577026970416447
33.2,0.03311094934076026
33.204,0.42394613750830795
33.208,0.2682148304189865
33.212,-0.18210881689160116
33.216,-0.32241874225247896
33.22,0.059757648524352835
33.224,0.44927668653706143
33.228,0.2993987189613929
33.232,-0.1366000850672796
33.236,-0.2918031375296997
33.24,0.10831300757378558
33.244,0.5023006005310096
33.248,0.3495794671191794
33.252,-0.09380556864687595
33.256,-0.22247801911286597
33.26,0.16917497715324062
33.264,0.5648798565181696
33.268,0.4493928472063691
33.272,-0.02976506945472318
33.276,-0.16566031873525064
33.28,0.23476470850036008
33.284,0.6408141077417052
33.288,0.5077337057720627
33.292,0.045142809937808004
33.296,-0.08855103934375952
33.3,0.2922773472934635
33.304,0.6702006317771719
33.308,0.5240409809619173
33.312,0.052177508255387084
33.316,-0.08316244408058737
33.32,0.30512642396103007
33.324,0.6758815129350044
33.328,0.5224945537226183
33.332,0.03386986879159823
33.336,-0.08423965466422428
33.34,0.25161903747236686
33.344,0.6298013539831917
33.348,0.4806307937657752
33.352,-0.012667388771321175
33.356,-0.180497448491331
33.36,0.20169566546951515
33.364,0.5460958503980534
33.368,0.41709852104713496
33.372,-0.08202256679574088
33.376,-0.24661593645163676
33.38,0.10875037003208547
33.384,0.4790057464226629
33.388,0.3325909370774477
33.392,-0.12951957336805187
33.396,-0.30193539974965833
33.4,0.0699659451581636
33.404,0.44197236294089187
33.408,0.3084836189657322
33.412,-0.1969337526634809
33.416,-0.3285176024068398
33.42,0.026668649537355787
33.424,0.39914348215274037
33.428,0.2558219233127894
33.432,-0.21812093290235776
33.436,-0.36009884884631127
33.44,-0.011197566613201362
33.444,0.3917009098868064
33.448,0.23705051107416822
33.452,-0.23598738016771223
33.456,-0.38829820527958114
33.46,0.0003831789447122486
33.464,0.3784337274508368
33.468,0.2333359111046919
33.472,-0.24956410964490228
33.476,-0.3779442256966024
33.48,-0.006766342627367962
33.484,0.364950034554471
33.488,0.23029823941351107
33.492,-0.2423531285456204
33.496,-0.37963553606592404
33.5,-0.0053355731114615975
33.504,0.36613385476308563
33.508,0.22638236538362835
33.512,-0.2522698195872673
33.516,-0.3689709735499995
33.52,0.013036517443179506
33.524,0.39465321073901466
33.528,0.22924511972073938
33.532,-0.22212215539470784
33.536,-0.37633798305047683
33.54,-0.008211334478837758
33.544,0.3741445056228391
33.548,0.23339917727724988
33.552,-0.2340862407322457
33.556,-0.3767912855373794
33.56,-1.6326240225235804e-05
33.564,0.37693843377486946
33.568,0.2486357005484442
33.572,-0.2362514608275342
33.576,-0.38213256416065194
33.58,-0.002172458818048505
33.584,0.3792908559682928
33.588,0.22149023905470583
33.592,-0.2451443749869876
33.596,-0.355961287959854
33.6,-0.01650115092418279
33.604,0.3831466569989284
33.608,0.23855205380831362
33.612,-0.22496178746050277
33.616,-0.37670656097801597
33.62,0.018999135600124215
33.624,0.3829844512022376
33.628,0.24888735068814527
33.632,-0.22420251440482383
33.636,-0.3641361324601556
33.64,0.0016783813593345808
33.644,0.38670168088957646
33.648,0.2350285468864323
33.652,-0.22800555868025973
33.656,-0.37006368611118395
33.66,-0.008855170323225822
33.664,0.395859129257944
33.668,0.26728143982866137
33.672,-0.21732923880293653
33.676,-0.3492814190965959
33.68,0.06393904136248738
33.684,0.45908022828142814
33.688,0.3080728890799021
33.692,-0.1397169487729228
33.696,-0.27320305316730076
33.7,0.13316133323040583
33.704,0.5080840691636228
33.708,0.3733522702205191
33.712,-0.0738724286390113
33.716,-0.24046427483056781
33.72,0.14335479385909355
33.724,0.5247392856156208
33.728,0.38470176747085283
33.732,-0.12400526513375351
33.736,-0.2776882179049173
33.74,0.10150102219638166
33.744,0.46895344818429774
33.748,0.30424326517222966
33.752,-0.18228124985249167
33.756,-0.33671224206321043
33.76,0.01739886555997189
33.764,0.4056683348827916
33.768,0.26756076957562114
33.772,-0.2358192809968361
33.776,-0.3796272645732939
33.78,0.0018483686779082779
33.784,0.3809027737020351
33.788,0.25597212879431425
33.792,-0.24290834992665195
33.796,-0.39081256214860915
33.8,0.00826022021867347
33.804,0.3742714857978173
33.808,0.24316959826417672
33.812,-0.23698660977317845
33.816,-0.3757799223694401
33.82,-0.015651419875951433
33.824,0.3849929069627606
33.828,0.23729764636290465
33.832,-0.23767292630415032
33.836,-0.39279368456511965
33.84,0.001959932375787553
33.844,0.3868398998852398
33.848,0.22703965112456037
33.852,-0.24812888148182108
33.856,-0.39172993732194067
33.86,-0.022847727763873976
33.864,0.3191833189666031
33.868,0.13110688168462425
33.872,-0.37340131654603825
33.876,-0.5270536353239518
33.88,-0.1427464928035118
33.884,0.2946018226562932
33.888,0.23340110703888942
33.892,-0.14872882203851212
33.896,-0.1677537637641432
33.9,0.38298447721046175
33.904,0.9700913646589878
33.908,1.0106795470992052
33.912,0.6943551826423218
33.916,0.634533370756567
33.92,0.941972629318196
33.924,1.1834063363070138
33.928,0.8532970510406612
33.932,0.1705529849898257
33.936,-0.15300969111587479
33.94,0.0834166317243113
33.944,0.31628842440989446
33.948,0.09528081414475043
33.952,-0.4573185533925762
33.956,-0.6289938689512192
33.96,-0.21256156566839426
33.964,0.1814991633431632
33.968,0.11566777680837904
33.972,-0.2961378167191678
33.976,-0.4226943104582418
33.98,-0.021332110417833793
33.984,0.3717876287774049
33.988,0.22711552067308094
33.992,-0.23418005483434498
33.996,-0.37067960239091413
34.0,-0.002458593002988185
34.004,0.3912547246069818
34.008,0.25112609753207776
34.012,-0.22823252121193163
34.016,-0.37188749368868923
34.02,-0.0017810575569012252
34.024,0.3594311166266758
34.028,0.24752725104237247
34.032,-0.21899607179667316
34.036,-0.3679233236240368
34.04,0.0214675600473236
34.044,0.3900307851881552
34.048,0.25859207089701775
34.052,-0.19835989614541036
34.056,-0.3473978762897258
34.06,0.044782611922673334
34.064,0.4309615597835491
34.068,0.26639413655307137
34.072,-0.17718594036831453
34.076,-0.32793491111629886
34.08,0.056652332133123214
34.084,0.4550685291344239
34.088,0.3407785649032704
34.092,-0.14099269607430998
34.096,-0.2862421806172417
34.1,0.11021507075028981
34.104,0.5233676735112512
34.108,0.3796723721028196
34.112,-0.08906742171623494
34.116,-0.21347522422000884
34.12,0.19719866447464587
34.124,0.5980969614372526
34.128,0.45450241065615
34.132,0.00859339298228401
34.136,-0.12148827476939095
34.14,0.2535031113687654
34.144,0.65089599594197
34.148,0.5097479122270543
34.152,0.058312062952648236
34.156,-0.09279978603292444
34.16,0.28552318903910884
34.164,0.6806410918848347
34.168,0.5460367806264422
34.172,0.06802399714037055
34.176,-0.07598807872073982
34.18,0.29808046635882973
34.184,0.662551577411209
34.188,0.5020900374433264
34.192,0.01896776851054341
34.196,-0.1449160647529264
34.2,0.25082266254545144
34.204,0.6027656572355129
34.208,0.42981580133621894
34.212,-0.02533259339635449
34.216,-0.19656004944965602
34.22,0.17806566330993542
34.224,0.5318288191648486
34.228,0.3671635847351695
34.232,-0.10424570105993008
34.236,-0.2617091741519708
34.24,0.09832853931427275
34.244,0.48314441431408317
34.248,0.32342510187574597
34.252,-0.16049797315083236
34.256,-0.331586642347344
34.26,0.03924503389644348
34.264,0.4368162178143818
34.268,0.25108475219977194
34.272,-0.20395900669475145
34.276,-0.3519683881721688
34.28,0.017672524340954336
34.284,0.39882380063196865
34.288,0.25480175134181476
34.292,-0.22828285968421072
34.296,-0.3612532301961149
34.3,0.014212052011093346
34.304,0.3853730078671245
34.308,0.2322474342480021
34.312,-0.23173200218484225
34.316,-0.35593004477007756
34.32,-0.004918263473314635
34.324,0.3978006289180812
34.328,0.2191656029463056
34.332,-0.24248816508314586
34.336,-0.38490551807490797
34.34,0.010207615972723613
34.344,0.3815172324127265
34.348,0.2486206492655756
34.352,-0.23813805857617923
34.356,-0.3807372175630455
34.36,-0.003122000971026271
34.364,0.4008071171436714
34.368,0.22399922295417285
34.372,-0.24013288473053299
34.376,-0.39015691177565354
34.38,0.005765419992923786
34.384,0.3690353770635013
34.388,0.25335165504647345
34.392,-0.23429605406390724
34.396,-0.3762909925584882
34.4,0.00463641780675708
34.404,0.3802257127762011
34.408,0.23633326603191598
34.412,-0.23426507820631817
34.416,-0.3752290178404854
34.42,-0.008222899921748444
34.424,0.37050239283562464
34.428,0.2433242515654239
34.432,-0.23513275153249777
34.436,-0.40048629887095427
34.44,-0.004750308311236429
34.444,0.3957255992181858
34.448,0.23351698296679174
34.452,-0.24041061860713628
34.456,-0.3953441843369205
34.46,-0.005627704816289494
34.464,0.36887979061008486
34.468,0.23957896650104438
34.472,-0.2343138145254322
34.476,-0.3835244110292097
34.48,-0.0067218387894683205
34.484,0.397169907304046
34.488,0.23044159508358789
34.492,-0.2384047469402981
34.496,-0.37717008205165853
34.5,0.007416731022292531
34.504,0.3974854189257137
34.508,0.26171120862073555
34.512,-0.20274938284687885
34.516,-0.3241713676845518
34.52,0.02486827653330342
34.524,0.43602416821576717
34.528,0.2961425631403287
34.532,-0.13478086438873402
34.536,-0.2839253950415086
34.54,0.08874489999435607
34.544,0.5070933114047949
34.548,0.3715483627963855
34.552,-0.08496102965024432
34.556,-0.23953337331959937
34.56,0.1532781320925042
34.564,0.5257774020185912
34.568,0.3708512192973676
34.572,-0.0980966261653074
34.576,-0.2567803833072253
34.58,0.11930354806006922
34.584,0.47518495157629254
34.588,0.3211430714500013
34.592,-0.1811866455255716
34.596,-0.31339411164305164
34.6,0.033842288976543025
34.604,0.42125058887668115
34.608,0.26142942864101837
34.612,-0.21655641503527628
34.616,-0.3606516639453947
34.62,-0.013007232982263648
34.624,0.38032987550131153
34.628,0.24627309420961058
34.632,-0.2135312108968546
34.636,-0.3791955861536072
34.64,-0.023483808113436342
34.644,0.3777783603152022
34.648,0.23481701076972392
34.652,-0.22384842390533563
34.656,-0.379845454462094
34.66,-0.012717208994370888
34.664,0.3900835950950356
34.668,0.24081027793207266
34.672,-0.24210001746272317
34.676,-0.3732302513952079
34.68,-0.005515676148157194
34.684,0.37720828309386584
34.688,0.22891126542184975
34.692,-0.2412180790329893
34.696,-0.37984389082382813
34.7,-0.03829366721468202
34.704,0.34954844907190813
34.708,0.1636491279658473
34.712,-0.3478960180038654
34.716,-0.5176548029582073
34.72,-0.15518602981004567
34.724,0.23703262203665273
34.728,0.14646597414678691
34.732,-0.260614898793674
34.736,-0.29931753106947534
34.74,0.2141503498192552
34.744,0.7969867933322705
34.748,0.8275849064046734
34.752,0.5658430179235665
34.756,0.5773578358544538
34.76,1.0083632861506202
34.764,1.322132122027246
34.768,1.0299118317474616
34.772,0.36648344413866324
34.776,0.03610564596197369
34.78,0.21824070443513818
34.784,0.451790081827592
34.788,0.20089789954285137
34.792,-0.3859984582914109
34.796,-0.5889919680847518
34.8,-0.24134750856946394
34.804,0.1558455267589875
34.808,0.04485851092326487
34.812,-0.3673932349187712
34.816,-0.45449474355464603
34.82,-0.02455966251451973
34.824,0.3751464681543463
34.828,0.24393224207575132
34.832,-0.23617056268489614
34.836,-0.37471857183444324
34.84,0.006266004996778715
34.844,0.3805474025327915
34.848,0.23347595740350183
34.852,-0.24792401429859143
34.856,-0.379329256957013
34.86,0.002299540621443744
34.864,0.3959980838017458
34.868,0.25277175552139197
34.872,-0.2269919564084544
34.876,-0.3515040214616827
34.88,0.012132300007580357
34.884,0.4033091746172014
34.888,0.24942560065690203
34.892,-0.22796323388673334
34.896,-0.3623400655143688
34.9,0.0414571948311504
34.904,0.4095350564072095
34.908,0.2679505374493654
34.912,-0.19114884777671645
34.916,-0.3330084212311856
34.92,0.07138038758493857
34.924,0.4677036201421068
34.928,0.3134387957694983
34.932,-0.14076170159174917
34.936,-0.27026035401697057
34.94,0.11378674469645027
34.944,0.49729167625745796
34.948,0.37020844893677285
34.952,-0.07778895722419352
34.956,-0.20892782378277713
34.96,0.1641618750179122
34.964,0.5726644238842371
34.968,0.43868055821099516
34.972,-0.001425669015159975
34.976,-0.1492200014110881
34.98,0.24607248265526166
34.984,0.637617289921689
34.988,0.5154306523102721
34.992,0.05582004762002263
34.996,-0.08696412706079842
35.0,0.4582407641953524
35.004,0.7537834897317208
35.008,1.3475425834785537
35.012,0.03939592239108353
35.016,0.7140061890806381
35.02,0.3142169172327843
35.024,0.398866730706655
35.028,0.10133704177399072
35.032,-0.2991341651490295
35.036,0.03972738406692697
35.04,0.30832613334435144
35.044,-0.09741360996517467
35.048,0.8861188156852815
35.052,0.5318095442526001
35.056,-0.9017889538401529
35.06,0.5962548921671607
35.064,1.1978949963864505
35.068,-0.33800569228173405
35.072,-0.2704883454387432
35.076,-0.5912168436522939
35.08,0.49630454202412155
35.084,0.3154520327542878
35.088,0.14750640469840215
35.092,0.005689455410582328
35.096,0.3104194418705415
35.1,0.04360756360926815
35.104,0.23629812047106272
35.108,0.1516910414679824
35.112,0.05916739150887329
35.116,-0.8902024209220492
35.12,0.01401235185574454
35.124,0.01031872798990513
35.128,-0.22523618938865358
35.132,-0.9890483889066206
35.136,-0.5820220872199088
35.14,0.4351676480064025
35.144,-0.4065492903657367
35.148,0.4497283314359821
35.152,-0.47950331488965947
35.156,-0.810452468339347
35.16,0.13561713001229397
35.164,0.8996244352382272
35.168,0.8464177442865632
35.172,-0.12237255110074216
35.176,-0.3873957016546411
35.18,0.1610834250848946
35.184,1.3834938457165589
35.188,0.11532909097810311
35.192,0.2098317229843997
35.196,-0.6174074467336508
35.2,-0.3388230604246782
35.204,1.068158500805655
35.208,0.24642991874155917
35.212,-0.1448746176571057
35.216,-0.16858479322332248
35.22,-0.3532526287837739
35.224,0.20561418633830364
35.228,-0.0075843785451143175
35.232,-0.09789891949801574
35.236,-0.2353263689543309
35.24,-0.23326194365055272
35.244,1.191176645837018
35.248,0.22600867803857017
35.252,-0.18172888864284711
35.256,0.14530721923775808
35.26,-0.3585699164188845
35.264,0.1679437287646501
35.268,0.3467024256672354
35.272,-0.8135996391936412
35.276,-0.48917955275483394
35.28,0.8206934330519963
35.284,1.107577511522878
35.288,0.6127496202571933
35.292,0.2496013910573033
35.296,-0.17637657464164652
35.3,-0.15640505532657029
35.304,1.034258263437649
35.308,-0.11034908710568386
35.312,0.1631657975225032
35.316,-0.5451653402618077
35.32,-0.13899641369131743
35.324,0.6440205226491241
35.328,1.1183610186445432
35.332,0.4171702137438028
35.336,-0.15874826008034107
35.34,0.12055109700482201
35.344,0.8079139032186631
35.348,0.9065785177426048
35.352,-0.79873616912008
35.356,-0.2761868401152357
35.36,-0.26710864993278527
35.364,0.44457059700869567
35.368,-0.12802221422278737
35.372,-0.8144922655054601
35.376,-0.7951009014401138
35.38,-0.11158237840971391
35.384,0.7251575338101406
35.388,0.007998951291267042
35.392,-0.5064112223040867
35.396,-0.15861621323662675
35.4,0.16746416969303432
35.404,1.1062305963396173
35.408,0.6358525231783951
35.412,-0.6339793524392198
35.416,-0.629429428544092
35.42,0.32894301250859437
35.424,0.023941143536648335
35.428,0.10901685072198661
35.432,-0.9199681447645007
35.436,-0.8769205056540774
35.44,0.4953916006010682
35.444,0.4464451780565427
35.448,-0.019696640444805208
35.452,-0.4428065037310567
35.456,0.2927508707635604
35.46,-0.2569660415259614
35.464,0.5768958860238087
35.468,0.5781238105611766
35.472,0.35697420480106246
35.476,-0.7433536811546931
35.48,-0.572376441316515
35.484,-0.06937963175107908
35.488,0.5270626810524703
35.492,0.5557578874304719
35.496,-0.08045538665241958
35.5,-0.27056483084920857
35.504,0.8436256021716713
35.508,0.004006301019278985
35.512,-0.6524541330501565
35.516,-0.6337606328421129
35.52,-0.3645546182086665
35.524,-0.024433729371002244
35.528,0.6160047867599028
35.532,-0.5043575120802051
35.536,-0.9886117418179832
35.54,0.3762712269429951
35.544,0.2778474069390985
35.548,0.34495961637487205
35.552,0.7220399934043491
35.556,0.1993649884879536
35.56,0.7853939406435853
35.564,1.3731054107313343
35.568,1.020369087529662
35.572,0.3278375930339751
35.576,-0.8058137716244437
35.58,0.25571245338449683
35.584,1.1989452113056642
35.588,0.5132406952434805
35.592,-0.47625721295454054
35.596,-0.3828262980581141
35.6,0.029724326508466237
35.604,-0.20553576122035153
35.608,0.5234843989628448
35.612,-0.3265093908451963
35.616,-0.6055844397086747
35.62,0.596083857278477
35.624,-0.4663370262186883
35.628,-0.24147608680421648
35.632,0.01776521177766399
35.636,-0.10683553288946995
35.64,0.6571593615358502
35.644,-0.5191065886727221
35.648,0.576496500235425
35.652,-0.7365262526123918
35.656,-0.2198025942447822
35.66,-0.025874522641121587
35.664,0.720633902683798
35.668,0.16383431850804714
35.672,0.18496244469727105
35.676,-0.7058198714469541
35.68,-0.027909208979226614
35.684,0.4746577689713011
35.688,0.9386516570668183
35.692,0.12237724672793443
35.696,-0.2961165814772798
35.7,0.28829455729254155
35.704,0.8536248097755884
35.708,0.4405289884770853
35.712,-0.6080901544920922
35.716,-0.08131282850258992
35.72,0.04713055643514991
35.724,0.29395938673669164
35.728,-0.015882751573569165
35.732,0.08238158481817076
35.736,-0.09832265829820386
35.74,-0.29090770405240435
35.744,0.06312242891444186
35.748,1.1268885977871652
35.752,0.2654960657118309
35.756,-0.18309335873324506
35.76,0.4150394007746122
35.764,0.3932039798795711
35.768,0.3633909469216928
35.772,-0.014178626985669067
35.776,0.23408232165218607
35.78,-0.3183302097484517
35.784,0.22632453225934496
35.788,-0.0038807896516741547
35.792,0.37901302543480664
35.796,-0.13722556218861404
35.8,-0.07480646521080941
35.804,0.5828960636328767
35.808,0.2861707753901021
35.812,-0.5250561653675306
35.816,0.4271902476558063
35.82,0.25494027868987545
35.824,1.1800622456559289
35.828,-0.05768534096984479
35.832,0.24241405980501263
35.836,-0.6907971862224926
35.84,1.2260946534473194
35.844,-0.04507664766617159
35.848,1.190930762652592
35.852,-0.029755995741386286
35.856,-0.2554646143594404
35.86,0.4278324281903322
35.864,0.1604709792722312
35.868,0.7221354111044538
35.872,0.2512825107352137
35.876,-0.2374331134768562
35.88,0.22537075755919578
35.884,1.2702147394890109
35.888,0.5967972427907443
35.892,-0.4554915068255629
35.896,0.004667878909376144
35.9,-0.1533261054424101
35.904,0.16578442526099835
35.908,0.49233346943743156
35.912,-0.5975229166239203
35.916,-0.334892179429116
35.92,0.29732397545758754
35.924,1.173419451407176
35.928,0.5123314008469431
35.932,-0.7874801722136204
35.936,-0.8955526598141919
35.94,0.7090194015146857
35.944,0.12496827262300492
35.948,-0.3419633967306469
35.952,-0.6427964058287086
35.956,-0.037113270380840224
35.96,0.04767192850481057
35.964,0.6200774039667873
35.968,0.23783138273720367
35.972,-0.6735671451696114
35.976,-1.0984162424627157
35.98,-0.32631237030535404
35.984,0.43661700007445303
35.988,-0.23352176174448758
35.992,0.16987818685104294
35.996,-0.777564579701741
36.0,-0.6540233646476072
36.004,0.37566724866030005
36.008,0.5472037057142789
36.012,0.35684184410231257
36.016,-1.0363103011970598
36.02,0.5674684823533275
36.024,0.45183757043223954
36.028,-0.003982083622260518
36.032,0.022698786314833796
36.036,0.17268160481591038
36.04,-0.6778475113194895
36.044,0.18340760964130925
36.048,0.005174806538317256
36.052,0.012208958168551803
36.056,0.20803358257210575
36.06,0.028028484913136274
36.064,0.2514528197640235
36.068,0.4054738838238455
36.072,-0.34083271281044214
36.076,-1.2456540975590893
36.08,0.20590691381920623
36.084,0.7808343005349756
36.088,0.6468980935330183
36.092,-0.7028369696954153
36.096,-0.11724251043334924
36.1,0.6195725272942219
36.104,1.3898113195872723
36.108,0.417000665129574
36.112,0.16983948214159478
36.116,-0.7615726999688079
36.12,-0.45988152607427063
36.124,0.7663984091589686
36.128,-0.5739179656665769
36.132,-0.16530052151723057
36.136,0.20265065993335574
36.14,0.3123663873246803
36.144,0.6659855116507236
36.148,0.23381232185588288
36.152,-0.36703935356668815
36.156,0.521781826918648
36.16,0.5302449199058866
36.164,0.7678158379891602
36.168,0.30974512042297037
36.172,-0.3695352875877357
36.176,0.13836090188799
36.18,-0.015070634192429821
36.184,0.5436695152408183
36.188,0.6056365571436371
36.192,-0.0052142453305862035
36.196,0.3691811672364169
36.2,-0.37609638953428476
36.204,0.555387092614661
36.208,1.2334011480938274
36.212,0.24718576498769057
36.216,-0.3365685006549574
36.22,0.42603587295503503
36.224,0.4668341767903153
36.228,0.9060855589292185
36.232,0.1430701270850835
36.236,-0.6839220524051557
36.24,0.12936165295818947
36.244,0.5802731936169682
36.248,0.4433758897026351
36.252,-0.09291723977843097
36.256,-0.11476148202974601
36.26,0.1704448572582123
36.264,0.11119169118459288
36.268,0.054534927892145146
36.272,-0.3563478630653231
36.276,-0.3389209426852197
36.28,-0.08833566502890998
36.284,0.8283998127512245
36.288,-0.1460937658519369
36.292,-0.9285704782256939
36.296,0.40145467334221796
36.3,-0.31799300632538335
36.304,0.8162553001016117
36.308,0.47215835390201666
36.312,-0.5439087786499213
36.316,-0.43662087002677374
36.32,-0.10003494153124541
36.324,0.527365184690634
36.328,-0.08071291406639716
36.332,-0.3206606916669069
36.336,-0.4107151773866283
36.34,0.4413631177214675
36.344,0.16795555510818458
36.348,-0.22558653664739703
36.352,-0.5795359061080414
36.356,-0.38447608599791505
36.36,-0.8557359877920042
36.364,0.7541028521809674
36.368,0.15868181893783104
36.372,-0.0626723976426091
36.376,-0.17284476938682247
36.38,0.0008049503423305238
36.384,0.38246768936189934
36.388,0.5948709059660955
36.392,-0.02133752681192702
36.396,0.7055966187376784
36.4,0.9221373575343389
36.404,0.6872999964701129
36.408,0.7635138945504102
36.412,0.5850693874556248
36.416,0.5082988251480474
36.42,-0.3247593488889103
36.424,1.2860148136988825
36.428,-0.2113185171960802
36.432,-1.09130214591984
36.436,0.11077183469383611
36.44,-0.6542735930704263
36.444,0.7559979913655057
36.448,-0.1915021782971231
36.452,-0.4765927984763214
36.456,-0.9526180566742328
36.46,0.48444659838592147
36.464,0.8087747448850771
36.468,-0.04583241868249474
36.472,-0.2698048754202409
36.476,-0.10648591974689026
36.48,-0.18937527296524906
36.484,0.9254024591723713
36.488,0.19480950573204
36.492,-0.46074564679149177
36.496,-1.0026066679690817
36.5,-0.5006384621742436
36.504,0.6281037911255354
36.508,0.3305528274603152
36.512,0.0891870708914215
36.516,-0.6078521072271166
36.52,-0.657327870559712
36.524,0.21744863166669226
36.528,1.0652184533150906
36.532,-0.592963621979
36.536,-0.3636035647054587
36.54,-0.936639900709798
36.544,0.19564922250210254
36.548,0.11306691681279013
36.552,-0.06824994758013384
36.556,-0.449213103796739
36.56,-0.5571884456581881
36.564,0.18021153107191673
36.568,0.22881494151760562
36.572,-0.5291281276745012
36.576,-0.6430427425630347
36.58,0.5398032092896836
36.584,0.24986849376199513
36.588,0.5509312831520419
36.592,-0.1466259152485773
36.596,-0.6996076625020072
36.6,0.0593123995859709
36.604,0.7014920878070765
36.608,1.163054428480483
36.612,-0.3099793899996112
36.616,-0.17575842889269522
36.62,0.6104109336284638
36.624,1.1424680986966926
36.628,0.2621725427820545
36.632,0.0024508049492252063
36.636,0.36408002354399244
36.64,0.46765666921879573
36.644,1.0695699830043461
36.648,1.00348635126348
36.652,0.2843094466966045
36.656,-0.02538975703333285
36.66,0.03748854721298983
36.664,0.5822723790576089
36.668,0.4457091192208688
36.672,0.5001671889672258
36.676,-0.06170317428374991
36.68,0.3238311625913302
36.684,0.2231711641089838
36.688,0.9275019020769238
36.692,-0.32667770472867086
36.696,-0.31744271834634225
36.7,0.676987516650959
36.704,0.8916595107000886
36.708,0.05996823381335725
36.712,-0.514338347144168
36.716,-0.354238307946052
36.72,-0.13496992157332027
36.724,-0.10029837802256714
36.728,0.016648934578114616
36.732,-1.2439647086639345
36.736,0.055610176331354344
36.74,0.40372212943154506
36.744,0.9862187963357556
36.748,0.42380769868469936
36.752,-0.3576965057026268
36.756,0.06129995945732486
36.76,-0.2550298656742143
36.764,-0.1328259630960391
36.768,0.1782267273385092
36.772,-0.06682361441160997
36.776,-0.7019499326219614
36.78,-0.4255346867875885
36.784,0.2062671541622494
36.788,0.38183881631374494
36.792,-0.29596560690725476
36.796,0.6850114969468943
36.8,-0.05437425657683914
36.804,0.6800825258339659
36.808,-0.3347557483800643
36.812,0.018050802055365633
36.816,-0.5414626000595069
36.82,-0.0013521329145123953
36.824,1.0530021083019296
36.828,0.08258699800638558
36.832,-0.7520267507384216
36.836,-0.8425426589993751
36.84,0.06784004737981697
36.844,0.42717750066017157
36.848,0.25664452637759444
36.852,-0.7725645591750266
36.856,0.42348406546401735
36.86,0.6004212390486852
36.864,0.4466869014359355
36.868,-0.36391806887271594
36.872,0.3937457037377833
36.876,0.0664119606454982
36.88,0.05737915827079038
36.884,0.8491040174509527
36.888,0.037783155712282995
36.892,-0.6023194747609399
36.896,-0.3162313775033516
36.9,-0.6240249515812282
36.904,-0.05201930574796626
36.908,0.45340720611174534
36.912,-0.13711503017091162
36.916,-0.9178574448380785
36.92,-0.1888960952402412
36.924,-0.15094543342296257
36.928,0.03249603808506113
36.932,-0.4755345372841024
36.936,0.018929111933327858
36.94,-0.06732558875100884
36.944,0.28878564014779373
36.948,0.08717903886853604
36.952,-0.9135759889797671
36.956,-0.4074660859277895
36.96,0.20800680337637706
36.964,0.49430688286644486
36.968,0.5429507275669021
36.972,0.09144203286405522
36.976,0.5621182406802786
36.98,-0.3891543285359896
36.984,0.5473375195655388
36.988,0.46929677846050505
36.992,-0.2582564505476479
36.996,-0.5014865636413186
37.0,0.33988239775742946
37.004,0.6833514615505706
37.008,-0.02952882172021748
37.012,-0.8018878088914735
37.016,-0.4397868105098922
37.02,-0.11647861952593716
37.024,0.7383191027607839
37.028,-0.044795917500676685
37.032,-0.18730497681169267
37.036,-0.961036323258434
37.04,-0.5336385371069612
37.044,0.15555689073689266
37.048,0.19049233918079678
37.052,-0.5227998367211013
37.056,-0.2815308621718841
37.06,-0.6623017975171493
37.064,0.3105321532623615
37.068,0.169423592203774
37.072,-0.8017932075535278
37.076,-0.2862213602517544
37.08,-0.8684446211254652
37.084,0.09775660255347407
37.088,0.5438753001309625
37.092,-1.1059470518347831
37.096,-0.11407871877894926
37.1,-0.4641402113664149
37.104,0.12952581380295658
37.108,0.8234775339653533
37.112,-0.494444215206235
37.116,0.25336373221935143
37.12,-0.12270325166722339
37.124,0.3376588147523445
37.128,0.5756651034955534
37.132,-0.03263744492769652
37.136,-0.30758260515974056
37.14,-0.1766102074553691
37.144,-0.24344498625441163
37.148,-0.3891485559553597
37.152,0.2649813302081992
37.156,0.26374587009722816
37.16,-0.02587216421185673
37.164,-0.44063760378267264
37.168,-0.19570715999976473
37.172,-0.7087345649206849
37.176,-0.7353093441829075
37.18,-0.441239306136641
37.184,0.5619518899898419
37.188,0.402916765901841
37.192,0.5983726715415958
37.196,-0.16535109859515731
37.2,0.6447145739409802
37.204,1.4519957518451347
37.208,1.565147797961627
37.212,0.2547928766796133
37.216,0.7583271212596499
37.22,0.8926084798248969
37.224,1.1395980084643196
37.228,0.7056057789857823
37.232,0.7053840033500762
37.236,-0.6542976647795082
37.24,-0.4053046606217149
37.244,-0.0636819283824902
37.248,-0.08619571326798604
37.252,-0.3645086701276232
37.256,-0.8158865293436763
37.26,0.22989311337073737
37.264,0.23974372923885848
37.268,0.10326185902057836
37.272,-0.805882403548327
37.276,0.34121100801017884
37.28,-0.012524879154139452
37.284,1.027085490519186
37.288,-0.014633540749227514
37.292,0.09789592150353091
37.296,-0.5945835174145835
37.3,0.7350325016295499
37.304,0.833365691851194
37.308,0.5865564098666602
37.312,-0.5354552890176028
37.316,0.39046725087555395
37.32,0.8224713913659394
37.324,0.23441052948745839
37.328,0.3051808401750447
37.332,0.14672104153993445
37.336,-1.1629904014174974
37.34,0.5002814045333983
37.344,0.8212698308037938
37.348,0.04223044450790736
37.352,-1.0916479903062883
37.356,-0.22614547523717768
37.36,-0.41942326106018796
37.364,-0.21122395597843513
37.368,0.418529956895641
37.372,0.35443151530474426
37.376,-0.3908166370372888
37.38,0.5277054389436595
37.384,0.7235763294863111
37.388,-0.20406128925594214
37.392,-0.3431071814838452
37.396,0.16533902117458293
37.4,-0.08141580591386527
37.404,0.8521806941988052
37.408,0.2330411092534296
37.412,0.22085012087965297
37.416,-0.01521967735742391
37.42,0.11864630353771065
37.424,0.8746865427817497
37.428,-0.3870906208491954
37.432,-0.42189204476318043
37.436,-0.2953771458010462
37.44,0.7346930222884638
37.444,0.09691488254023961
37.448,0.5151034058263306
37.452,0.18731284843743604
37.456,0.01859382241140574
37.46,0.2554268047011441
37.464,0.42681690641307113
37.468,0.4374832476584092
37.472,0.4378276992409842
37.476,-0.37195265875115113
37.48,-0.5902391246863301
37.484,0.8469463560610213
37.488,1.103682975847995
37.492,-0.38979677834960924
37.496,0.4013521402915741
37.5,0.4278417777890312
37.504,0.11701478094010309
37.508,0.15589938757993926
37.512,-0.3350932192409949
37.516,-0.14303061576693538
37.52,0.08387797299061635
37.524,0.9646152538179911
37.528,0.7057820872719808
37.532,-0.7279575781735199
37.536,-0.8259186525668781
37.54,0.341933537704747
37.544,0.2602792257623361
37.548,0.23314495127902213
37.552,0.04364586643960691
37.556,0.014661450617659222
37.56,-0.45157852286375355
37.564,-0.4681742731871356
37.568,0.2289773212332693
37.572,-0.5487211055395387
37.576,-0.33354535290217713
37.58,-0.014902829529575685
37.584,-0.0034051612044829205
37.588,1.0909781230068776
37.592,-0.22176855744076734
37.596,-0.6128186224984367
37.6,0.052163561197430236
37.604,0.6030687708610678
37.608,-0.02206224346519811
37.612,0.7027314884772835
37.616,-0.9803629863786747
37.62,-0.5593262104851306
37.624,-0.2599957103631864
37.628,0.23740975533489722
37.632,-0.05101824019912751
37.636,-0.5069223247311366
37.64,0.18850825837974286
37.644,0.5733483507376472
37.648,0.08678519333001472
37.652,-0.059200518817056375
37.656,-0.4612069642801323
37.66,-0.18190806370185128
37.664,0.18739121244927406
37.668,0.31091791810459335
37.672,0.2504551249273315
37.676,-0.8638399085181678
37.68,-0.19217929482719762
37.684,0.44597928876582826
37.688,0.9382445403289109
37.692,-0.05879840696225283
37.696,-0.7065861984629893
37.7,-0.34339816972006065
37.704,0.7710393855531577
37.708,0.09743713504286394
37.712,-0.7415769768547481
37.716,0.031681882938849326
37.72,0.10735803022588658
37.724,-0.10933345971676528
37.728,-0.31455422687959683
37.732,-1.0975979375924216
37.736,-0.6160661666407827
37.74,0.1123925122213286
37.744,0.7688648434721798
37.748,0.3787226390984991
37.752,-0.7644909860486218
37.756,-0.4878768172225828
37.76,0.5686341120878292
37.764,0.18553468423933928
37.768,0.5203582421269533
37.772,0.015728669517868332
37.776,-0.07186835651436557
37.78,0.17706196131193253
37.784,0.6886086529705551
37.788,-0.35487293789445284
37.792,0.3605189607946165
37.796,-1.1092970175404284
37.8,0.15036615588404478
37.804,0.3523192438801104
37.808,-0.023402650787524848
37.812,-0.6096393998289685
37.816,-0.1584787424798014
37.82,0.3562665132694157
37.824,0.3910017232790568
37.828,0.14976238864290659
37.832,0.3233044087652798
37.836,-0.5129645588065332
37.84,0.06088422282052919
37.844,0.35810630262047943
37.848,1.306066752358844
37.852,-0.4596443044614742
37.856,0.08105693280809251
37.86,-0.5599140930031709
37.864,0.13503480232533316
37.868,0.2432579003529604
37.872,-0.14068610597233847
37.876,-0.35049342421883556
37.88,0.09566710070107362
37.884,0.24399009088526646
37.888,0.8739529384697967
37.892,-0.5221106597859604
37.896,0.009268738823193068
37.9,0.3569355700605153
37.904,0.06574091450147174
37.908,0.1354047102408468
37.912,-0.1897284327688351
37.916,0.31651940024316266
37.92,-0.1279206210922066
37.924,1.8572488431869183
37.928,0.5637904897229313
37.932,-0.09257543699326362
37.936,-0.01256852929646951
37.94,-0.6966568688629928
37.944,0.8485270479009426
37.948,-0.3001220500748094
37.952,0.11358483468970951
37.956,-0.6095851921613478
37.96,-0.3138607125059711
37.964,1.0937851118766797
37.968,0.19671513773948568
37.972,-0.8490831053412049
37.976,0.021528201711368822
37.98,-0.503714168441411
37.984,0.9180584774815808
37.988,0.23273560617635028
37.992,-0.7294237677332451
37.996,-0.055611344854001266
38.0,0.2048527946881368
38.004,-0.4851375228891813
38.008,0.19509533759661274
38.012,-0.13041305274857667
38.016,-0.3127498722070968
38.02,-0.15317795265883855
38.024,0.5585233778437382
38.028,0.3242088035364526
38.032,-0.38438394910103824
38.036,-0.5865963050772303
38.04,-0.027430629784689957
38.044,0.1433158152155218
38.048,-0.06571902640533805
38.052,-0.43405116808388833
38.056,0.003529969548329466
38.06,0.28047306921197906
38.064,1.138213740025389
38.068,1.7310255693206096
38.072,0.6993584948971089
38.076,0.5986621566533856
38.08,0.6716240591129179
38.084,1.4688875561436576
38.088,1.2582032366994076
38.092,-0.2353616236838888
38.096,-0.049715653123372505
38.1,0.7658021870751546
38.104,-0.23621312508163395
38.108,0.4093902877699108
38.112,-1.183921726740048
38.116,-0.5998393610459551
38.12,-0.21137759155359787
38.124,-0.41228530601858204
38.128,0.6074542534640559
38.132,-0.20589065987784164
38.136,-0.7666816606211049
38.14,0.14742895331386904
38.144,0.7392859368435798
38.148,-0.47051463126846504
38.152,-1.5100471372597792
38.156,-0.4023510067598908
38.16,-0.31120793974310623
38.164,0.9227668473480113
38.168,0.0818708336447744
38.172,-0.10744456628298106
38.176,-0.45695750059916906
38.18,-0.6239518848605935
38.184,0.38801348389034657
38.188,-0.2886533252388271
38.192,-0.7737109360401764
38.196,-0.808607345304541
38.2,-0.4668794886304596
38.204,0.31372615772270535
38.208,0.09778881006835974
38.212,-0.10473956822293656
38.216,-0.9770305641363751
38.22,-0.044526339156906965
38.224,0.23101491228440652
38.228,0.35306165327679123
38.232,-0.06047872406234027
38.236,-0.23607354454048962
38.24,-0.3026031171104363
38.244,0.4798129607024531
38.248,0.1234995219247472
38.252,0.39546000727169683
38.256,-0.19805514221028755
38.26,0.18822654680929538
38.264,0.013328571081421825
38.268,0.14259415397822192
38.272,0.05160220275757045
38.276,-0.22306594462457074
38.28,0.16931148242096644
38.284,-0.09736472752776593
38.288,0.15291422968447893
38.292,-0.10114520263688613
38.296,0.3647289317693536
38.3,-0.48444436786903955
38.304,0.22169273453006721
38.308,-0.2296326975273406
38.312,0.18504827140853478
38.316,0.3795188597298262
38.32,0.4367923774938769
38.324,0.9129974627099497
38.328,0.12032276439007955
38.332,0.21269567287890095
38.336,-0.3972132736555198
38.34,0.29256381570504536
38.344,0.8232299478523804
38.348,0.38054731353990945
38.352,0.3486665532294383
38.356,-0.2110743309823856
38.36,0.33947202606790783
38.364,1.3362292867676313
38.368,0.6257248105770308
38.372,-0.36353205388127796
38.376,-0.3996145415422183
38.38,0.49183767349985186
38.384,0.9558335546697767
38.388,0.33975853614091056
38.392,-0.726595733462001
38.396,-0.666226615222157
38.4,0.17345150580423085
38.404,0.7027520156194565
38.408,0.7012193279349233
38.412,-0.9867022150370811
38.416,0.031401739925457195
38.42,0.6171261378286682
38.424,-0.5493503128225533
38.428,0.2648789273876829
38.432,0.08673679393240302
38.436,-0.9215754910430914
38.44,-0.18945415337305363
38.444,0.6232322723535009
38.448,0.020427193060370913
38.452,-0.38177687464451043
38.456,-0.29193348990186885
38.46,-0.4630111031258991
38.464,-0.056254978615491225
38.468,0.41776664267285996
38.472,0.1554991879176349
38.476,-0.20949154962527416
38.48,0.5211443085480492
38.484,0.5439630131485538
38.488,0.9878567185529561
38.492,-0.2040355174077293
38.496,-0.27458649583191835
38.5,0.16743902954326742
38.504,0.12000671430655185
38.508,-0.07288477912358907
38.512,-0.5902174169992254
38.516,-0.6014874949322652
38.52,0.8244794892446496
38.524,1.1086165503852934
38.528,0.09260132588481934
38.532,-0.3971426007226389
38.536,-1.2534868916184223
38.54,-0.40584523961953706
38.544,0.06352089807152445
38.548,0.06215354241413043
38.552,-0.4678210553319042
38.556,-0.3116386189191256
38.56,0.3095216727451024
38.564,0.0830046322827459
38.568,0.8146903198085048
38.572,-0.10201250459645872
38.576,-0.04261650449144616
38.58,-0.18965558711931366
38.584,0.5947370436053996
38.588,0.41760615104297993
38.592,0.34028128628517995
38.596,-0.1269301875708933
38.6,0.34940822215087664
38.604,0.17991471814772395
38.608,0.7162526389662782
38.612,-0.7484258162366859
38.616,-0.6158520214088519
38.62,0.11791421294654039
38.624,-0.08382043482756157
38.628,-0.12494976669983865
38.632,-0.5944457778321364
38.636,-0.22482997685248868
38.64,-0.06850753034283659
38.644,0.7618055853072838
38.648,0.9710847577440886
38.652,-0.12716053053711063
38.656,-0.5853214800892402
38.66,0.13445257691814508
38.664,0.0472560352381739
38.668,0.21757785995896478
38.672,0.7450873048725075
38.676,-0.43546596571029744
38.68,0.12450733979661534
38.684,0.33630328486807354
38.688,0.0893784633756296
38.692,-0.023653023036629972
38.696,-0.8603155448676882
38.7,-0.010444683423391762
38.704,-0.10065421446406586
38.708,0.9177440321948407
38.712,0.21932190408563224
38.716,-0.5900872857501036
38.72,-0.645929901997914
38.724,0.7041283696804475
38.728,0.34412455742741904
38.732,0.7987842405633414
38.736,0.32196779628583705
38.74,0.4142647120888525
38.744,0.29957163701272704
38.748,0.2803958740643063
38.752,0.02287097946879396
38.756,-0.11686506232173813
38.76,-0.1785701425063947
38.764,-0.06566285841312708
38.768,1.0821738925528974
38.772,-0.15989049365302804
38.776,-0.15687295596485298
38.78,-0.284028916633721
38.784,0.9436835317104588
38.788,0.6799282024216801
38.792,-0.19508805165877613
38.796,-0.28636135724724043
38.8,0.10715668427182694
38.804,0.40780984089474287
38.808,0.46539349549357634
38.812,-0.09479752174584988
38.816,-0.43914040415800615
38.82,-0.4766918076189977
38.824,0.37632828909048105
38.828,0.5297639306028764
38.832,0.02768152537152152
38.836,0.13549895847115362
38.84,0.5717121818245036
38.844,0.668254324428216
38.848,0.3069488692751672
38.852,-0.09179550501745054
38.856,-0.6100517684823831
38.86,0.3063199796975752
38.864,0.9134496842558726
38.868,0.6478682238091076
38.872,-0.041675742497816554
38.876,-0.48897967223639105
38.88,-0.17955661170245252
38.884,0.26261108829005525
38.888,-0.13223422524361084
38.892,-0.23444811386737915
38.896,-1.644559835266612
38.9,-0.3563932773806031
38.904,0.2790465175422574
38.908,1.1509436060804847
38.912,-0.24053228547283367
38.916,-0.25869117916019485
38.92,-0.12647118857806677
38.924,1.4831747040975576
38.928,0.5063382772572055
38.932,1.3693507182637474
38.936,0.2648781294855858
38.94,1.3676515484466798
38.944,1.2933227072419438
38.948,0.8185823498676634
38.952,0.7727090357915306
38.956,0.5296556999927114
38.96,0.1487065783096356
38.964,0.44239959490841385
38.968,-0.0002880815933265779
38.972,-0.2963102109521484
38.976,-1.0315323490654853
38.98,-1.3394692988954993
38.984,-0.5944684012078705
38.988,-0.041404331575203984
38.992,-0.7793608321073896
38.996,-0.5062991998434009
39.0,-0.2282870267204484
39.004,0.08164981208492644
39.008,-0.035156977883187696
39.012,0.14357096790246776
39.016,-0.27725318649099695
39.02,0.6195894163112856
39.024,0.43352657256889604
39.028,-0.5251598781685092
39.032,-0.6644571982270271
39.036,-0.331501269974638
39.04,0.10058943534185902
39.044,0.13606442909412825
39.048,-0.07778614566874956
39.052,-0.46623528705983885
39.056,-0.4186618086863114
39.06,0.001444000227008739
39.064,-0.022311802270919112
39.068,0.348896426016048
39.072,-0.11625630977379278
39.076,-0.40818052025946816
39.08,-0.23089633916600397
39.084,0.6718295378070682
39.088,0.8203799898323169
39.092,-0.3533803015659336
39.096,-0.5884566963896279
39.1,0.25606647444827657
39.104,-0.014934895324597797
39.108,-0.20149412159603075
39.112,-0.40719973046902547
39.116,-0.15367922084730273
39.12,-0.23602672247587725
39.124,0.5133460396545133
39.128,-0.4238910648332411
39.132,0.15693164262913825
39.136,0.3705720712028183
39.14,-0.19952262426634937
39.144,0.7506253893852568
39.148,0.35974792361673247
39.152,0.03863121256669
39.156,-0.223048324447831
39.16,0.13130895861548558
39.164,0.30557447904503965
39.168,0.06326598653112003
39.172,0.49413622358660136
39.176,-0.7655523181436183
39.18,0.28153511203972154
39.184,0.6621242131892965
39.188,0.5277929738009643
39.192,0.3210028940643097
39.196,-0.2458248392815908
39.2,0.5543007605668052
39.204,1.451864151389346
39.208,0.44266714172030974
39.212,-0.7859532133209318
39.216,-0.1648706785662086
39.22,0.1608310292164577
39.224,0.8039292629585152
39.228,-0.34413082825448793
39.232,0.11885417151523126
39.236,-0.34751605743077163
39.24,0.49754693286069585
39.244,0.3390635334714963
39.248,0.7298359640270862
39.252,-0.6976931976147506
39.256,-0.2378554946298288
39.26,-0.27977507865482265
39.264,0.2940499322932548
39.268,1.4247575672930746
39.272,-0.5217848830209886
39.276,-0.4728072730059212
39.28,-0.39858488959288935
39.284,0.3159922422625585
39.288,0.20823642326754516
39.292,-0.5045656763466217
39.296,0.2815891321656201
39.3,0.4846329349792917
39.304,0.022291703015462294
39.308,0.5756199504847094
39.312,-0.39025241084282924
39.316,-0.8642179174608564
39.32,-0.27106291007586153
39.324,-0.10850109252451651
39.328,0.6013593726977935
39.332,-0.5656882238605871
39.336,0.14531563143787102
39.34,0.061254363345045026
39.344,0.23218254524097018
39.348,0.03583535431194368
39.352,0.4763399449100623
39.356,-0.39384856129204293
39.36,-0.19263201147523074
39.364,0.7243401336183959
39.368,0.4718575581967579
39.372,-0.638375417711062
39.376,-0.3802154367071886
39.38,-0.7257382931137462
39.384,0.3558124932420314
39.388,0.36449703554556745
39.392,-0.04015051150487797
39.396,-0.7943618109141002
39.4,-0.29047333931656744
39.404,0.47520758996384543
39.408,0.7299704581755265
39.412,-0.1975248952947893
39.416,-0.6027552975087347
39.42,0.38994394667404475
39.424,0.42075550452141647
39.428,0.3175107240079631
39.432,0.0847853703168032
39.436,-0.4130038701389806
39.44,-0.36122316867800053
39.444,0.2993781075673374
39.448,0.6862741126139612
39.452,0.5203138067678148
39.456,-0.8577284944577548
39.46,0.6468868667270139
39.464,0.24301449883518192
39.468,0.23274723952870546
39.472,0.4488558796891045
39.476,-0.5414614479000415
39.48,-0.11131281372726362
39.484,0.11298680489845003
39.488,0.24657713975992201
39.492,-0.1011790045226479
39.496,-0.6403710064278282
39.5,0.59969390778694
39.504,0.0867757759680009
39.508,0.43701888305228165
39.512,-0.2199460978913431
39.516,0.13646421582053564
39.52,-0.31616214353099087
39.524,0.6106681297233256
39.528,1.2014132637650614
39.532,-0.8123174818212607
39.536,-0.7350921138550239
39.54,0.828785617616967
39.544,0.324703382176094
39.548,0.28629013224390903
39.552,-0.3631271936071468
39.556,0.30075653538892205
39.56,-0.6197122244038406
39.564,0.9038147431855301
39.568,-0.3164122136996768
39.572,-0.8158143334963464
39.576,-0.7962956537155658
39.58,0.010234236981939426
39.584,0.1861055690179887
39.588,0.01613862934034116
39.592,-0.4846356043284309
39.596,-0.6096184483079029
39.6,-0.23922295792754483
39.604,0.6129694021765564
39.608,0.12989093047966183
39.612,-1.1517983424291616
39.616,-0.24224499715108289
39.62,0.41659410314197276
39.624,0.3921174976513242
39.628,-0.16084552283561232
39.632,0.14251561165970392
39.636,-0.8440326361280365
39.64,-0.06753325080738753
39.644,0.4300040561999608
39.648,0.7115605015670172
39.652,0.039164234319810365
39.656,-0.25823050876819703
39.66,0.37700308076724265
39.664,-0.06368813528532852
39.668,0.9022781205246662
39.672,-1.4428615853052582
39.676,0.202494185202241
39.68,-0.3351934078108466
39.684,0.5296548594366126
39.688,0.8101758936589947
39.692,-0.007559117951805999
39.696,-0.2423618798292608
39.7,0.3489936153474961
39.704,-0.21804503458107338
39.708,-0.31393055285311317
39.712,-0.13330695592576008
39.716,-0.4469322625347628
39.72,-0.12372970185079231
39.724,0.8401802982974284
39.728,0.6889571776894774
39.732,-0.5944542060053327
39.736,-0.20678605722798005
39.74,-0.6217854428702843
39.744,-0.2629830873026201
39.748,-0.13126196592715092
39.752,-0.28142812956526386
39.756,-0.6980348722266283
39.76,0.102869035929891
39.764,0.27129216001555273
39.768,0.5421918691535259
39.772,-0.1594659653972404
39.776,-0.9206730866996589
39.78,0.3080159118109346
39.784,0.049677898579938595
39.788,0.5347016234025528
39.792,-0.14834643816939425
39.796,0.6188099713551687
39.8,0.9659565989566103
39.804,0.9629808978635198
39.808,1.0405743074744438
39.812,2.059103379904297
39.816,0.01220642408897421
39.82,0.44219587614341876
39.824,0.6679358090583218
39.828,0.10244469153781716
39.832,-0.49948473763656465
39.836,-0.3968995651128388
39.84,0.09616305632252817
39.844,-0.41028838165244735
39.848,-0.20010886843223666
39.852,-0.7977199049102824
39.856,-1.074223981912286
39.86,0.21784847068695223
39.864,-0.03769252518441668
39.868,-0.37706888242011827
39.872,0.0833542458326264
39.876,0.09387527735758167
39.88,0.0933079306934293
39.884,0.0002720430422295528
39.888,0.10914308976806786
39.892,-0.4951148371484874
39.896,-0.39125597660446954
39.9,0.3000399288863434
39.904,0.3483202872038966
39.908,0.2292020758799492
39.912,-0.4504812485269042
39.916,-0.11647875175420919
39.92,0.16688164663145832
39.924,-0.3550303791966311
39.928,-0.47342733866436515
39.932,-0.3652100741368919
39.936,0.03740020699238472
39.94,0.45984313070446187
39.944,0.699608548478736
39.948,0.18970809896221022
39.952,0.36171486299881517
39.956,-0.625084524979814
39.96,-0.11516826028690565
39.964,-0.14654581464038918
39.968,0.14972823803770005
39.972,-0.5254017571049321
39.976,0.2885200802439944
39.98,0.6159353271822698
39.984,0.49025151211746665
39.988,0.5338326647442636
39.992,-0.3553189860109566
39.996,-1.2461980193935267
40.0,-0.1607549239805536
40.004,0.8427580555765741
40.008,0.5784641078871919
40.012,-0.18860351770147082
40.016,0.1161915910661431
40.02,0.0255901171792679
40.024,0.15790727174782593
40.028,0.7663325849937757
40.032,-0.23078006998052
40.036,0.30082274821308275
40.04,-0.5166763419721367
40.044,0.44205621193264033
40.048,0.7634693678189012
40.052,0.26049587731366175
40.056,-0.16067078634694132
40.06,0.4039477361462591
40.064,0.7358972728972002
40.068,-0.09268456468447117
40.072,-0.0805556916252449
40.076,-0.010789752200735234
40.08,0.4736649538527096
40.084,0.6226091579930957
40.088,0.2793386670016855
40.092,-0.49797937274672366
40.096,0.13940619469223223
40.1,0.4693653719396537
40.104,0.9842530586938295
40.108,-0.01125994964195104
40.112,-0.00025318974486485124
40.116,-0.49580263166322025
40.12,0.1763705387062026
40.124,1.6756539078057249
40.128,0.723699663021258
40.132,-0.4380103616529587
40.136,-0.36520441730586817
40.14,-0.07618882729947665
40.144,0.49811813816367634
40.148,-0.32304020711561043
40.152,-0.040728073338611503
40.156,-1.1730500390733551
40.16,-0.6393010049683391
40.164,1.2267550259960553
40.168,0.11398791638897024
40.172,0.3645866933853078
40.176,-0.677132536591945
40.18,-0.8255302158222064
40.184,-0.01631767432923048
40.188,1.3206866488393767
40.192,-0.7863915132815777
40.196,0.33519484603356775
40.2,0.12563747043653145
40.204,0.4320950253143943
40.208,-0.06911858634567625
40.212,-0.5785708692874405
40.216,-0.16599594536953222
40.22,0.5418506459678696
40.224,0.45861173695470736
40.228,0.5361249055120325
40.232,-0.4182937585236829
40.236,0.48637178003406123
40.24,0.08927684477305342
40.244,1.2151007910889817
40.248,-0.15758861218444875
40.252,-0.24138383033653815
40.256,0.05999660455938732
40.26,0.06830592882294073
40.264,0.5816565306284323
40.268,-0.13789234098146613
40.272,-0.37714953240054255
40.276,-0.7268519400756508
40.28,-0.038844692057100755
40.284,0.29647025196443905
40.288,0.028225200575442116
40.292,0.018480320151852414
40.296,-0.8046598765562505
40.3,-0.8731522290173714
40.304,0.152125435798463
40.308,1.1075153473399713
40.312,-0.02300200030925495
40.316,-0.7230596471116543
40.32,0.17692434503160132
40.324,0.3120808062721708
40.328,0.3835131034104138
40.332,0.11378078321920676
40.336,-0.29667947024429536
40.34,0.041163192031175855
40.344,0.9646784470463639
40.348,0.4585872129900277
40.352,-0.16134861310909135
40.356,-0.3718217619081391
40.36,-0.21804505019445494
40.364,-0.11286726910990352
40.368,0.5017806262800095
40.372,0.2729866470343679
40.376,-0.2038887544541545
40.38,0.234327091722499
40.384,0.031671866585639086
40.388,0.003915918440608096
40.392,-0.7449157964290762
40.396,-0.4727213418615683
40.4,0.4098157912719042
40.404,0.116866330799278
40.408,0.22791303622052472
40.412,0.0885360504844134
40.416,0.16803832276437525
40.42,-0.6110806104629706
40.424,0.26842231848382214
40.428,0.03964045959577445
40.432,-0.4637668648202517
40.436,-0.3912619314247219
40.44,-0.6461673354712401
40.444,0.3968269715866093
40.448,0.4023634336109413
40.452,-0.49428220333039885
40.456,-0.43637465928303576
40.46,0.153567451858939
40.464,0.5692299310521022
40.468,-0.3055051183911653
40.472,0.1254426984550467
40.476,0.002904860622173766
40.48,-0.22147225461300907
40.484,1.1288497210761625
40.488,0.4631654198627915
40.492,-0.0777607535684141
40.496,-0.08855393406508227
40.5,-0.39698279224965793
40.504,0.28199566108971524
40.508,0.4777587540965469
40.512,-0.5597017803294367
40.516,-0.5166668471127337
40.52,0.2635971228601886
40.524,0.5139680188703081
40.528,0.26036728230999884
40.532,-0.21311485565791827
40.536,-0.463794884248088
40.54,0.33689557337491705
40.544,1.2153562968197185
40.548,0.3523771368253581
40.552,0.27560074100166254
40.556,-0.5491746986545033
40.56,-0.2797350070295025
40.564,0.05587865258552027
40.568,-0.1442795422349824
40.572,-0.3505427293113967
40.576,-0.025214950523821333
40.58,0.4109741004736686
40.584,0.18843195522875653
40.588,0.08356361151285718
40.592,-0.2589310967017632
40.596,-0.335261926088469
40.6,0.1403151170556233
40.604,0.10109121589608305
40.608,0.03009981096025248
40.612,0.15546019731245198
40.616,-0.6210660852262809
40.62,-0.2999832402557795
40.624,0.36326887760907733
40.628,0.37758294708723444
40.632,-0.593937548562827
40.636,-0.14482404438544894
40.64,0.8125211412712896
40.644,2.014278035890339
40.648,0.9948331011747003
40.652,1.050372556714352
40.656,0.614271784584937
40.66,1.241239027746991
40.664,0.6931162197020491
40.668,1.0406268495759698
40.672,0.5091539220822303
40.676,0.23664622479898612
40.68,0.5082092418645631
40.684,0.27568113019111107
40.688,0.2413048476930797
40.692,-0.6466016902795308
40.696,-1.4831593810372072
40.7,-0.06992370282486685
40.704,0.21412132721365662
40.708,0.5578600361921948
40.712,0.08169077969478689
40.716,-0.8160330252711643
40.72,0.9385523207200575
40.724,0.5404553466135276
40.728,-0.28924414087429207
40.732,-0.6896867223871472
40.736,-1.2448613201789138
40.74,0.3217216983972963
40.744,0.16171559135403346
40.748,-0.09292999543420033
40.752,-0.4927072969571962
40.756,-0.4943526159911078
40.76,0.22505643803436914
40.764,-0.2705871448219495
40.768,-0.18103735679569058
40.772,-0.048216591978515355
40.776,-0.5905890629647195
40.78,0.23327860653706928
40.784,0.20594462688605636
40.788,0.8637631536541883
40.792,-0.12670230567080148
40.796,0.1475241133732096
40.8,0.25274266480822316
40.804,0.6558248699026289
40.808,-0.015689366756355738
40.812,0.29836540390624183
40.816,-0.21463582503081852
40.82,-0.28776904684780963
40.824,-0.3857101387614481
40.828,0.39147973247810497
40.832,0.46087191581359827
40.836,-0.6291331925321507
40.84,-0.24191380453867106
40.844,0.41810012162613275
40.848,0.8407231384610101
40.852,-0.7882564339793747
40.856,-0.43852579864572483
40.86,-0.19576436623425528
40.864,0.8124057539789863
40.868,0.41085788397683076
40.872,-0.12231908710231276
40.876,-0.18385124250118606
40.88,0.5858147990067657
40.884,1.1161276552995365
40.888,0.9437665048346027
40.892,0.30109601781787354
40.896,0.4731741725567637
40.9,-0.084120530490286
40.904,0.8226113761526266
40.908,1.4603590745503947
40.912,-0.687334553473349
40.916,-0.3057903523564136
40.92,-0.11570189654824653
40.924,0.7686814879159403
40.928,1.069576488123254
40.932,0.23800518391111525
40.936,-0.23980025041942343
40.94,0.45108172071224995
40.944,0.48258750469532613
40.948,0.5074354022949029
40.952,0.21272409964096467
40.956,0.4968065099101986
40.96,0.3308728456346525
40.964,0.6027697399732272
40.968,1.1682195950158925
40.972,-0.9083730758027793
40.976,-0.3199368235764925
40.98,-0.2127494176486558
40.984,0.35934545279150143
40.988,0.5315203898865937
40.992,0.20938160767252037
40.996,-0.5546256064989723
41.0,0.31457069404921284
41.004,0.058574509922075746
41.008,-0.24751268688894057
41.012,-0.17203021162146712
41.016,-0.45486459883970015
41.02,0.6070341831685995
41.024,1.2317714209833177
41.028,0.0140317187734455
41.032,-0.9438154992755321
41.036,-0.9060268023160571
41.04,-0.3120496172806127
41.044,0.464214284735223
41.048,0.12758233735118257
41.052,-0.7532752883527106
41.056,0.32555729401767497
41.06,0.2638436663295872
41.064,1.0649281717961343
41.068,-0.49493796501250464
41.072,0.2740128584759933
41.076,-0.4304286660472452
41.08,-0.16340012984157165
41.084,0.3918128974154908
41.088,-0.0257650908335188
41.092,-0.310164086689599
41.096,0.009158208577042026
41.1,-0.7812848747399705
41.104,0.9920941209472232
41.108,0.40179777716759896
41.112,-0.2857913081134002
41.116,-0.006129421701810911
41.12,0.130941376311846
41.124,0.18324382094210423
41.128,-0.07372574431010478
41.132,0.3677489299813759
41.136,-0.9641329378502244
41.14,-0.06292993729510966
41.144,-0.18809745610211936
41.148,0.4416787356866256
41.152,-0.27125760027178636
41.156,-0.8933025575058787
41.16,-0.34909938818989794
41.164,0.3993522161204299
41.168,0.3407924235793005
41.172,-1.020358874255836
41.176,-0.6732789790105173
41.18,0.058848799562240504
41.184,0.855893366728002
41.188,0.5834545459063805
41.192,-0.44103539351325727
41.196,0.021293607559942196
41.2,-0.11915826166440815
41.204,-0.8756260053114757
41.208,0.8131000146922256
41.212,-0.04946229855770545
41.216,-0.2970698187652337
41.22,0.022778395257477647
41.224,0.5253430233593115
41.228,0.2568686467089287
41.232,-0.3325953112383023
41.236,-0.5967258605978699
41.24,0.07921274951764355
41.244,0.0907478150331022
41.248,-0.13741925808318556
41.252,-0.03480155418759229
41.256,0.1255962404004785
41.26,-0.16931499441044937
41.264,0.2735360769839132
41.268,-0.2862324137162281
41.272,-0.6078674312860851
41.276,-0.7410397540461686
41.28,0.542464847846762
41.284,-0.16794280511010773
41.288,0.5595597644612512
41.292,-0.22023320090128196
41.296,-0.044514869806788177
41.3,0.5442788740291221
41.304,0.45107485692210053
41.308,0.741491283466282
41.312,0.44310096126577364
41.316,0.21166186289853972
41.32,-0.2405024802434783
41.324,-0.37254453118235903
41.328,0.20418381874421
41.332,-0.15192137285600843
41.336,-1.153097553285447
41.34,0.02145633298929296
41.344,-0.6547778955179587
41.348,0.8392109454544254
41.352,-0.05010213158827481
41.356,-0.6853837914516638
41.36,0.03623615152097481
41.364,0.4690121873734258
41.368,0.42038171457817364
41.372,-0.21485619357819008
41.376,0.0003102723213559977
41.38,-0.5132354933391672
41.384,0.32678173292687074
41.388,0.9412866253976471
41.392,-0.38057218575108337
41.396,-0.2845267824073643
41.4,-0.3997271210665877
41.404,1.2618961450857302
41.408,0.3454448720336277
41.412,-0.7503709264187463
41.416,0.00797436530952994
41.42,-0.47259211691792624
41.424,0.5560975710080269
41.428,0.5390746340144291
41.432,0.43691175614272637
41.436,-0.4281052528213515
41.44,-0.10898793798219107
41.444,-0.5013272777015221
41.448,0.06483703820514747
41.452,-0.41898250621073563
41.456,-0.1944784872569256
41.46,0.22854901085852583
41.464,1.3271568959401465
41.468,0.8525753522511298
41.472,0.9203846947896157
41.476,0.5552882252522422
41.48,0.6898919577929178
41.484,0.8607766070360636
41.488,0.9073944737749954
41.492,0.6847561897316954
41.496,-0.5075517346001165
41.5,3.0714639231105125
41.504,3.5000111995983483
41.508,3.057743080413063
41.512,1.8303541953980795
41.516,2.112278903974123
41.52,1.3138424498833814
41.524,1.4415529107043623
41.528,1.125248606573694
41.532,0.9439223147433666
41.536,0.31568718973852805
41.54,0.355650271699664
41.544,1.321260686291128
41.548,0.8909716495649238
41.552,0.6294988463836148
41.556,-0.20391321131818718
41.56,0.37496803239492593
41.564,1.0362511843055409
41.568,-0.008455053220165931
41.572,-0.2327486232440471
41.576,0.21140141505219395
41.58,0.19989873918007878
41.584,0.46269098552061494
41.588,0.34275936700403153
41.592,0.3592653130563709
41.596,-0.3000339705013932
41.6,0.04036447481419561
41.604,0.3953375436057871
41.608,-0.3945434123368002
41.612,0.01590735910038832
41.616,-0.6816789269760444
41.62,-0.47178062423120587
41.624,-0.28666330975080584
41.628,-0.343475851319164
41.632,-1.0957988466555388
41.636,-0.7213024683272935
41.64,-0.09841473646409687
41.644,0.8975202267045118
41.648,0.3427174300990024
41.652,-0.025730102343835992
41.656,0.24883454588296938
41.66,-1.0086652191051537
41.664,0.6695477840176951
41.668,0.5058548625908971
41.672,0.26929034326415136
41.676,-0.9061203681303696
41.68,-0.03718818501994192
41.684,0.22700524816226703
41.688,-0.0413056424282473
41.692,0.9262894864681499
41.696,-0.36890039441831823
41.7,0.6214008061188683
41.704,0.929646232300211
41.708,-0.06308087632821824
41.712,-0.15613382286891406
41.716,-0.061742730735331035
41.72,0.45370944647220146
41.724,0.8193760465004203
41.728,1.2283618389333357
41.732,0.4391029969236809
41.736,0.18510258604885854
41.74,0.6834871231857684
41.744,1.1949151151750672
41.748,0.2556443438381891
41.752,-0.5992458332507973
41.756,-0.3762689888078743
41.76,-0.32027670302227745
41.764,0.20257986155477203
41.768,0.47686875647712723
41.772,-0.2737386169447562
41.776,0.08733721327062288
41.78,0.26723515269694514
41.784,0.6675192010885833
41.788,-0.12785400076371217
41.792,-0.46936560526899096
41.796,-1.0371753849054288
41.8,0.32977722263508824
41.804,1.2468447368336757
41.808,0.38058565018793455
41.812,-0.051838251593297455
41.816,-0.5519077703698868
41.82,-0.042562547542707344
41.824,0.9381794301811732
41.828,0.32770840486274644
41.832,0.04188070220081974
41.836,0.15448436443056623
41.84,0.46530387159321657
41.844,0.4119033096410902
41.848,0.28511534790921295
41.852,-0.3896393397224612
41.856,-0.17608359496106574
41.86,-0.15210353728188641
41.864,0.5235751322904865
41.868,0.6672849942280983
41.872,-0.9068402021221686
41.876,-1.1141813379701904
41.88,-0.012558677865989555
41.884,0.6458858089074176
41.888,0.35971550607032127
41.892,-0.730485636710928
41.896,-0.025184345893135784
41.9,0.7598527225231503
41.904,0.03727367960885519
41.908,-0.04820506107165004
41.912,-0.23273286127592668
41.916,-0.44007618473461063
41.92,0.48217127042495966
41.924,0.4785948805584927
41.928,0.12863446772965723
41.932,-0.47317080853976884
41.936,-1.0031061014019016
41.94,0.5359392373919283
41.944,0.6346331174831481
41.948,0.2017958841072399
41.952,-0.19929320426584085
41.956,-0.42461895968143304
41.96,-0.7175046256015829
41.964,-0.19064823938806985
41.968,0.16817306343746574
41.972,-0.30228330547495164
41.976,-0.38738916049675237
41.98,0.6833368817306584
41.984,0.26981089851281725
41.988,-0.08719830741596793
41.992,-0.22540808850376756
41.996,-0.9623182860865205
42.0,0.06672097084022638
42.004,0.10995421632574864
42.008,0.3358092225116222
42.012,-0.3067393946172158
42.016,-0.43792768758331824
42.02,0.24718656153458382
42.024,0.6849682264765875
42.028,1.0508680852515164
42.032,0.043825392271206465
42.036,-0.4884499164461155
42.04,-0.2454088016276355
42.044,0.5202702718657941
42.048,0.827712981949593
42.052,0.12354542435710941
42.056,-0.6725870213467402
42.06,0.1912045806128464
42.064,0.4832691630840531
42.068,0.6747424049756221
42.072,-0.09197405537501335
42.076,-0.23816776898484543
42.08,-0.42776502375945524
42.084,0.7744015534590966
42.088,-0.23429289815445092
42.092,-0.09861265870028721
42.096,-0.508251644683232
42.1,-0.09967831764716956
42.104,0.7450950700502825
42.108,0.3952065492466233
42.112,-1.0362013814635536
42.116,-0.311957975172961
42.12,0.012343041411997685
42.124,1.0300236377472305
42.128,-0.13260311649985612
42.132,0.6473724634485247
42.136,0.0786383800397693
42.14,-0.024932733876227187
42.144,0.2862803160693249
42.148,0.0372102962975297
42.152,-0.0642097402947501
42.156,-0.6629509459044409
42.16,0.0008661632624139201
42.164,-0.02185179027267009
42.168,0.5386756583718852
42.172,-0.16146261963331682
42.176,-0.5653456859377737
42.18,-0.09516167493883901
42.184,0.1245526887167574
42.188,0.36549782584777896
42.192,-0.7283274092627687
42.196,-0.016835947762817105
42.2,0.060936943449258124
42.204,0.20226184489253535
42.208,0.4595854823742608
42.212,-0.06763109946272133
42.216,-0.806116286089548
42.22,0.517252646785325
42.224,-0.6100554218067908
42.228,0.6639508564417332
42.232,-0.3025733951052173
42.236,-0.010648383604566047
42.24,0.5726346712364458
42.244,0.21422025086783492
42.248,0.07293546011621946
42.252,-0.11387931196692769
42.256,-0.8578616271829029
42.26,-0.16914181034837622
42.264,0.12628175841667172
42.268,-0.35721871302227254
42.272,-0.578519640585572
42.276,-0.22478451926070642
42.28,0.14816382822705326
42.284,0.2516299636352585
42.288,0.26471931685350186
42.292,-0.2427721960140105
42.296,-0.8302185166438409
42.3,0.03585128052746528
42.304,1.4293253674763293
42.308,1.514335790647364
42.312,0.38632587668196317
42.316,1.0764882963017735
42.32,0.436638863386875
42.324,0.9403183242584142
42.328,0.7584317392321765
42.332,0.010390396903848242
42.336,-0.481443229905379
42.34,0.09892933187465067
42.344,0.6181327822393452
42.348,-0.5163808106497418
42.352,-0.4070995258524482
42.356,-0.23089824359554467
42.36,-0.38723318492265263
42.364,-0.004405786462074401
42.368,-0.20975262449930845
42.372,0.4998100215695054
42.376,0.2003358439014466
42.38,-0.13944178824246337
42.384,0.8477127733737962
42.388,0.0317656005589054
42.392,-0.30746198152768384
42.396,-0.794771122574506
42.4,-0.7340739426724283
42.404,0.16326326626641313
42.408,0.07337856303599827
42.412,-0.0633621272470716
42.416,-0.11263112184424656
42.42,-0.04197494480006567
42.424,0.00976977782190297
42.428,-0.020257713237160052
42.432,0.40858547230673337
42.436,-0.12006251483767844
42.44,0.5840868229900101
42.444,1.0957723806539712
42.448,-0.012451798295533612
42.452,0.10597865975300566
42.456,-0.7224637725650143
42.46,0.4541846394765375
42.464,0.7505313140417689
42.468,-0.5725618909245471
42.472,-0.022672210298566392
42.476,-0.6643771877531617
42.48,-0.06535001255916126
42.484,0.18176528028249156
42.488,0.6785152845672502
42.492,-0.4201450424896195
42.496,-0.7858464742109315
42.5,-0.20199686563479596
42.504,0.42616872544624923
42.508,0.5628464314876733
42.512,0.4320250223644676
42.516,0.018206769809595763
42.52,0.42729837482508126
42.524,0.8916222046669722
42.528,0.7889168344329016
42.532,0.41285695393821087
42.536,0.8878755827942844
42.54,0.6046830668479272
42.544,0.7545764198211945
42.548,0.3462298658472537
42.552,0.17270562683539514
42.556,0.3734881775516003
42.56,-0.18608836986318084
42.564,1.1992489460622813
42.568,0.3667539719581235
42.572,-0.026536097323990454
42.576,0.12988638430987992
42.58,0.08654087709004507
42.584,0.8485482653617091
42.588,0.05475625250908289
42.592,0.3691005043470795
42.596,-0.07127573876859852
42.6,0.25219115693835237
42.604,0.7018682514472956
42.608,0.42962871107037914
42.612,0.13171865044266928
42.616,-0.2893838118230209
42.62,0.040876585437326765
42.624,-0.1719397983116574
42.628,0.9220658661294142
42.632,-0.5712847287985288
42.636,0.38136275532853003
42.64,-0.003170212442145312
42.644,0.9498523959598826
42.648,0.739295871050332
42.652,0.21100576619277842
42.656,-0.30962020788762123
42.66,-0.41888094076970694
42.664,0.3499824155503075
42.668,0.14048736243577534
42.672,-0.2503133826137877
42.676,-0.8345315467531434
42.68,-0.0871729879493274
42.684,-0.768456180318374
42.688,0.1180155287977909
42.692,-0.1703590757153566
42.696,-0.6855278619230324
42.7,-0.1092693607697194
42.704,0.445794420006216
42.708,0.6522746988293115
42.712,0.20318845861293827
42.716,-0.26566999866211294
42.72,-0.018583456596938983
42.724,0.5313670667270414
42.728,0.9524977134494206
42.732,-0.027845013536147045
42.736,-0.27952176768982356
42.74,0.43558981161996885
42.744,0.38640379477918946
42.748,-0.10036504993894971
42.752,-0.07216303657459183
42.756,-0.3028265455746348
42.76,-0.08762788574720184
42.764,0.6024396287056689
42.768,-0.4874547271986084
42.772,-0.46837794337469707
42.776,-0.7181883685264155
42.78,-0.30656675010700957
42.784,0.3264144994946998
42.788,-0.13687018023617648
42.792,0.4380900552788774
42.796,-0.2128477590312262
42.8,-0.3162510328885004
42.804,-0.32514313475013806
42.808,0.051812622048231644
42.812,-0.3609425235547561
42.816,-0.6210881844135637
42.82,1.0145091336567513
42.824,-0.2772466363992509
42.828,0.26461958933230345
42.832,-0.2977423125796212
42.836,-0.48666774624536524
42.84,-0.7657912363420709
42.844,0.36155250002973094
42.848,0.3005167418719358
42.852,0.04364856720761787
42.856,-0.197423423873822
42.86,0.4707770692144912
42.864,-0.45028819994789065
42.868,0.14870286791167803
42.872,0.7838401212708408
42.876,0.08371087975177799
42.88,-0.5610308019772318
42.884,0.4310482660189729
42.888,-0.1468678306658996
42.892,-0.3526465468048624
42.896,0.49013950806598927
42.9,0.46671999802245157
42.904,-0.13347345857152781
42.908,0.03281899709957781
42.912,-0.11074479830979424
42.916,-0.3689773627593919
42.92,0.24428710535654918
42.924,0.23773282096714132
42.928,0.23779967216867612
42.932,-0.39479762541618546
42.936,-0.41014595154391686
42.94,0.434853249212237
42.944,0.6381040383332613
42.948,0.05375542395987187
42.952,0.3154762401276505
42.956,0.1340646625830635
42.96,0.058954390994647755
42.964,0.34067688595043744
42.968,0.9970388156713237
42.972,0.44679256689241165
42.976,-0.9750308364866879
42.98,0.48720184327804855
42.984,1.082906770897209
42.988,0.5051842018077
42.992,-0.4174372134002836
42.996,-0.516877990051161
43.0,0.6690911559726714
43.004,0.7244659266787816
43.008,0.46140254608586
43.012,0.7038890483109043
43.016,-0.7788196731376649
43.02,-0.038919640785805794
43.024,0.45047349178627477
43.028,0.14036937864645668
43.032,-0.9557958296728023
43.036,0.020938389017767567
43.04,-0.31708225387616584
43.044,0.07247756696093138
43.048,0.07062889325373195
43.052,-0.32484672766097417
43.056,-0.4281036996005431
43.06,0.3782545696950548
43.064,0.8330779438364517
43.068,0.12282788294500743
43.072,-0.5063909919241827
43.076,-0.5096722181779592
43.08,-0.4387523765573279
43.084,0.2330307815951181
43.088,-0.3019400466510691
43.092,0.49035513908250195
43.096,-0.42254020949928883
43.1,-0.2612326473896596
43.104,0.6966606818863966
43.108,-0.1007111835081837
43.112,-0.20058774097306617
43.116,0.3166036724758228
43.12,0.785826106829766
43.124,1.6937175671375657
43.128,0.1394043131733531
43.132,1.0719554124089732
43.136,0.26473146691170835
43.14,0.2067991065002251
43.144,0.17792406787800585
43.148,0.31168659891127193
43.152,0.5222428180181518
43.156,0.012507312824850014
43.16,0.5355096984245342
43.164,0.14041006870886796
43.168,0.03550480883720364
43.172,-1.0959850287670865
43.176,-1.2118935442424896
43.18,-0.2063564968924863
43.184,-0.25931117867329817
43.188,-0.16649575502451872
43.192,-0.2607794521473264
43.196,0.11563595868987053
43.2,-8.673828178909666e-05
43.204,-0.15847022609016448
43.208,-0.4945786630342208
43.212,-0.19079478239881809
43.216,-0.6601280946852945
43.22,0.05355847689784931
43.224,0.30321249850593524
43.228,0.21807886790920306
43.232,0.24960678345071188
43.236,0.057317636288702956
43.24,0.14807880176719948
43.244,0.029476817258385024
43.248,0.026354454019117957
43.252,0.08827133409717741
43.256,0.15834803494309002
43.26,-0.48764593113179394
43.264,1.0147258228536225
43.268,-0.053995232087573064
43.272,0.07087307050846736
43.276,0.7581462043807847
43.28,-0.6011192314685461
43.284,0.6464256929959051
43.288,0.158577185614657
43.292,0.007379477807732293
43.296,-0.5402919195276211
43.3,-0.9088898664100223
43.304,0.16585868334360787
43.308,0.4931306311459115
43.312,0.42156497657247055
43.316,-0.08723778373929586
43.32,0.7163022252764495
43.324,0.3430003854115501
43.328,0.1877271634308759
43.332,0.08805385728647669
43.336,-0.33855395695693746
43.34,0.6630117576778012
43.344,0.0444626883486019
43.348,0.822969686186657
43.352,0.5001808068720165
43.356,0.05032658514174723
43.36,0.645661770748023
43.364,0.38887459588092044
43.368,0.1951316188858187
43.372,0.2018103150532201
43.376,-0.3581974843664589
43.38,0.4186397519402915
43.384,0.7981181980402093
43.388,0.5226971685902233
43.392,0.15820638741952997
43.396,0.16594651009524009
43.4,0.23694251928508434
43.404,0.4513052944528742
43.408,0.8133567184906874
43.412,0.13134860379681745
43.416,0.03523099043143682
43.42,0.4559152564408701
43.424,0.6514274246537223
43.428,0.2890753885352628
43.432,-0.31878685563316345
43.436,-0.27229316799150327
43.44,0.35314763379749714
43.444,0.7251606810088383
43.448,0.41155112770543634
43.452,0.029332924118366452
43.456,-0.7392216762749189
43.46,-0.12833071987180591
43.464,0.703141413093405
43.468,-0.04044677675166519
43.472,-0.1227940867445042
43.476,-0.2988928624004516
43.48,0.003035358836702695
43.484,0.6604113074911795
43.488,0.3827550072260994
43.492,-0.6940998389385643
43.496,-0.14160340783221093
43.5,-0.18076710536845297
43.504,-0.15141234974425816
43.508,0.5408098458306068
43.512,-0.7115104273075328
43.516,-0.5278620477087612
43.52,0.12159841720541335
43.524,0.34188632519245743
43.528,0.005572591148174655
43.532,-0.6287295812622744
43.536,-0.66125961097026
43.54,-0.4335709802018783
43.544,0.3252805524384764
43.548,0.02391694505264358
43.552,-0.788417143433803
43.556,-0.48577914996749194
43.56,-0.2424543132107127
43.564,0.49899356199509093
43.568,0.39385381109459416
43.572,0.3100328401473209
43.576,-0.1266654235535727
43.58,-0.42380272819996917
43.584,-0.4817570255599059
43.588,-0.37851015218453743
43.592,-0.4409996364720656
43.596,-1.0245016027129878
43.6,-0.23531465907674895
43.604,0.3945080578529492
43.608,0.009795511460185785
43.612,-0.12520053169063936
43.616,-0.627353148549938
43.62,-0.3164190530283705
43.624,1.0715798995516397
43.628,0.2117278915064933
43.632,-0.18963013544103027
43.636,-0.04681331615886253
43.64,0.35848400063302543
43.644,0.23057315995210184
43.648,0.6434359051311851
43.652,-0.4047693318780602
43.656,0.017815539373245592
43.66,-0.49197810970732375
43.664,0.27046472616931355
43.668,0.3168524055229628
43.672,-0.09183199156578573
43.676,-0.7221765229975907
43.68,-0.6581893521589426
43.684,0.5638615369110446
43.688,0.16163956363980936
43.692,-0.3976190763510016
43.696,0.2940847914625252
43.7,-0.10114838778846658
43.704,0.17623530746180072
43.708,-0.4928031809089708
43.712,-0.6685761439940576
43.716,-0.031215439833581216
43.72,-0.2722150611453376
43.724,0.6312006416587457
43.728,-0.26736388257942334
43.732,-0.5805189416903683
43.736,-0.735963855245077
43.74,0.19014940811288014
43.744,0.29766420601262433
43.748,-0.19329135863179903
43.752,0.053576340502453856
43.756,-0.15850787464727265
43.76,0.1709389252999004
43.764,0.5202739602541582
43.768,-0.05772800177837811
43.772,0.3261507014005782
43.776,-0.3525400791030335
43.78,0.17397916427135768
43.784,0.6198664798179486
43.788,-0.04208401184080235
43.792,0.6602170182707052
43.796,-0.26301710589979543
43.8,0.15007115546162048
43.804,0.3497268373012088
43.808,0.8349220799601512
43.812,0.38441655584536905
43.816,-0.16779967630619919
43.82,-0.4621818742442304
43.824,0.4361085962075903
43.828,0.306140780531143
43.832,-0.3000363138490732
43.836,-0.6854764999609753
43.84,-0.545701930360119
43.844,1.0173573761818238
43.848,0.5905137135393297
43.852,-0.1698121532707961
43.856,-0.6121336046405235
43.86,0.15949597102355267
43.864,0.4821065421309606
43.868,0.09213849349449041
43.872,-0.06363279207408604
43.876,-0.16424790718223156
43.88,0.2875468509213761
43.884,0.02011117025739856
43.888,0.41788589666048936
43.892,0.23206430865134403
43.896,-0.28657237217617976
43.9,0.8788829948527096
43.904,0.3028530145155548
43.908,-0.44949579445450616
43.912,-0.5662559415811159
43.916,-0.6461970232996649
43.92,0.2435271012530746
43.924,0.7079055734170017
43.928,0.26965829816405484
43.932,-0.11540628209963381
43.936,0.3796906007295768
43.94,-0.34497603729544984
43.944,0.34314402053616033
43.948,0.03287098867111443
43.952,-0.7413749328745346
43.956,-1.2317010252901315
43.96,0.428720082219651
43.964,-0.052814191017984013
43.968,0.0060103352070446925
43.972,-0.20605041247431055
43.976,-0.9755322629351886
43.98,-0.39342831299929165
43.984,0.4111503237057393
43.988,0.20115826897912156
43.992,-0.44434683991364454
43.996,0.3616512873698339
44.0,0.5323536629786827
44.004,1.331367869167485
44.008,1.2510247475947067
44.012,1.13820653963863
44.016,0.635515063225527
44.02,0.3609571806798524
44.024,1.3591393553424567
44.028,0.34804230505073785
44.032,-0.429788543424555
44.036,-0.7660600779982965
44.04,-1.0486022811886704
44.044,-0.04879924648103365
44.048,0.1475406530692859
44.052,-1.0184571017362838
44.056,0.1010347632186952
44.06,-1.0436590121101845
44.064,-0.036904612532740244
44.068,-0.4103610017307102
44.072,0.10504634321766082
44.076,-0.12825190332251424
44.08,-0.11536834906586074
44.084,-0.17600397840527487
44.088,-0.24177276960585023
44.092,-0.15027354239001905
44.096,-0.6627951185530574
44.1,-0.21097324663814715
44.104,0.3514331822864487
44.108,0.06914524909185282
44.112,-0.9199293724285286
44.116,-0.9095432713434132
44.12,-0.528657713583014
44.124,0.08556729971238897
44.128,0.2866420579840291
44.132,-0.18391144993369873
44.136,0.11648977206697331
44.14,-0.5497604617730967
44.144,0.5210948228008939
44.148,-0.05459553810438772
44.152,0.5640454016109402
44.156,-0.3880119201387136
44.16,-0.17814169859092083
44.164,0.5554299171118328
44.168,0.38011973267077487
44.172,-0.30396282384725587
44.176,-0.05280124105833378
44.18,0.7016046575629298
44.184,0.8425529846428059
44.188,0.2854885312198452
44.192,0.5779469499371543
44.196,-0.0539216332820876
44.2,-0.2872774014513412
44.204,0.5599054719053206
44.208,0.3078089916144211
44.212,-0.2464819666384831
44.216,-0.046800540207703994
44.22,-0.5164306735013026
44.224,1.260711037647424
44.228,0.738126945953432
44.232,-0.7034769147984002
44.236,0.12026362504841714
44.24,0.44923027349283867
44.244,1.2473492122478658
44.248,1.206599614418888
44.252,0.8357684362648378
44.256,-0.192057351427068
44.26,0.5209212790686704
44.264,0.4739843261854827
44.268,0.9308225511937691
44.272,-0.8123538986843224
44.276,-0.5930116093141753
44.28,0.09645364852219251
44.284,0.6369223329624155
44.288,0.5662738267634451
44.292,0.5143031394012395
44.296,-0.394891103275677
44.3,-0.2876504103740013
44.304,0.43386089971078867
44.308,0.1718603022576621
44.312,0.16872765567823964
44.316,0.39033712825677813
44.32,0.7203985416257255
44.324,0.9490538679090632
44.328,0.12586099728501993
44.332,-0.20219878899231264
44.336,-0.13133471337306354
44.34,-0.2421497462853201
44.344,0.18549770693034584
44.348,0.4243367713507097
44.352,-0.7184951505357888
44.356,0.1091096418535385
44.36,-0.12309330142857994
44.364,0.641345789365428
44.368,0.34430200048929216
44.372,0.2951186777433624
44.376,-1.2309704517115476
44.38,0.4985702679981017
44.384,0.887142567801069
44.388,0.3631377693509885
44.392,-0.007907290660095212
44.396,-0.13623573976637776
44.4,-0.3520303129996635
44.404,0.41467416193532763
44.408,0.5935899399372613
44.412,-0.9413418092678268
44.416,-0.200994982314662
44.42,0.020050403394929278
44.424,0.6274041295269719
44.428,-0.26484671963039774
44.432,-0.538880715849271
44.436,-0.931759255805082
44.44,-0.5725645104099754
44.444,0.7073026608913302
44.448,0.002236343369151017
44.452,-0.5065491439088865
44.456,0.050982966565603804
44.46,-0.16337886205018187
44.464,0.7743780033642984
44.468,-0.18577179857314796
44.472,-0.3830356333053293
44.476,-0.7243396204195578
44.48,0.21128420203425183
44.484,0.2925130646950156
44.488,0.5179544422730749
44.492,-0.16292739410177093
44.496,-1.1444675775286248
44.5,-0.09228731658240115
44.504,-0.22050278659920897
44.508,0.36774390590426453
44.512,0.003683881166550995
44.516,-0.11881479441133519
44.52,-0.06456922686398595
44.524,-0.2766834261214285
44.528,0.3222066607110012
44.532,-0.07870444190120401
44.536,-0.45197125395459825
44.54,0.03956098609513231
44.544,-0.37064094435427525
44.548,0.26816005803260345
44.552,-0.2802654698069328
44.556,-0.8727794339973728
44.56,0.19662191462377998
44.564,0.18186586845613592
44.568,0.3214465359222477
44.572,-0.04097522012734425
44.576,-0.269414368499319
44.58,-0.5511550017643755
44.584,0.23247214366998908
44.588,1.0715381080426818
44.592,0.3228291534917355
44.596,-0.05231929566931587
44.6,0.10484012328081688
44.604,-0.007794301271943471
44.608,0.1795857636489792
44.612,-0.38550480091677375
44.616,-0.40687681328227693
44.62,-0.5621705591220832
44.624,0.8071935817746891
44.628,-0.7978087918518215
44.632,0.16710279119270127
44.636,0.03399527869336083
44.64,1.0183345268173152
44.644,0.35319137849849336
44.648,0.1503733052724332
44.652,-0.06679706277635128
44.656,-0.033270603715630453
44.66,0.09721375459414092
44.664,0.05335419194886376
44.668,0.6073433684854994
44.672,-0.08672128001386506
44.676,-0.6546631043888747
44.68,-0.5096907455218507
44.684,1.4823815003834615
44.688,0.6682511205281279
44.692,0.07803021334515384
44.696,-0.3425846476503397
44.7,0.33903846098296286
44.704,0.004807908327359278
44.708,0.3512013136870775
44.712,-0.0956418987180382
44.716,-0.7585894757497534
44.72,-0.022014934723347576
44.724,0.22814284251191477
44.728,-0.03954795643463249
44.732,-0.44081304561118784
44.736,-1.057963121572111
44.74,0.4252592891456695
44.744,1.0102563324732148
44.748,-0.16506189667052729
44.752,0.21963498022711528
44.756,-0.40567247555817565
44.76,-0.011108254119986867
44.764,-0.15161378178340412
44.768,0.004700180533360909
44.772,-0.025370284844673158
44.776,-0.7616538834602404
44.78,-0.2837818672944068
44.784,0.1965780937915995
44.788,-1.1268440397690613
44.792,-0.10630140808184174
44.796,-0.11899906090095996
44.8,0.13356833025340722
44.804,0.7376940318981582
44.808,0.030021349905701156
44.812,0.44169261710330754
44.816,-0.8191401906317792
44.82,-0.19455465343318143
44.824,0.11249364153378541
44.828,0.17294745639195902
44.832,-0.4666436073512822
44.836,-0.4958010645883926
44.84,-0.26770434161070505
44.844,0.32117442605382385
44.848,-0.397536248388086
44.852,0.536685407952561
44.856,-0.1429403294429647
44.86,0.6315192625257079
44.864,0.943589809560625
44.868,1.4578778448517165
44.872,0.46061322109218805
44.876,-0.6149587943769776
44.88,0.6724082426966106
44.884,0.4460954415404814
44.888,0.3968445038393816
44.892,0.14297413703966078
44.896,-0.8523642457763447
44.9,-0.2074042128036828
44.904,-0.150544811042639
44.908,0.38108462103987106
44.912,-0.4364285086442524
44.916,-0.5492604902059482
44.92,-0.5967840059045847
44.924,0.6083972502170276
44.928,0.5604696045168951
44.932,-0.5507264460888934
44.936,-0.3230614810969985
44.94,0.22945871591259606
44.944,1.2665870624895188
44.948,0.4018697260885088
44.952,-0.22991780643116108
44.956,-0.4603035172931033
44.96,-0.05776886291499108
44.964,0.6715181232064573
44.968,-0.1277827791665875
44.972,0.13483632685747113
44.976,-0.9958804852768042
44.98,0.27283670217036654
44.984,0.7666440869907498
44.988,0.5677531306646731
44.992,-0.10246347789282187
44.996,-0.22332816285507018
45.0,-0.13749506403668338
45.004,-0.043126899620913595
45.008,0.3500204895369411
45.012,-0.16936466091994182
45.016,0.0314869683723511
45.02,-0.0115770626749584
45.024,0.4726560283568491
45.028,0.42084977667931267
45.032,0.06638938558392735
45.036,0.08333605054576754
45.04,-0.32427270327163876
45.044,0.7585665634165131
45.048,0.26372586403205367
45.052,0.1631131568218552
45.056,0.3418067853161858
45.06,-0.6725747199218173
45.064,1.0461146018452454
45.068,0.3748988206678838
45.072,-0.36651806699806155
45.076,-0.3511814743104779
45.08,-0.19270312402550852
45.084,0.8333400690989872
45.088,0.06480149976910954
45.092,0.497615339095767
45.096,0.16737548785897605
45.1,0.3648340409387836
45.104,-0.12563403540356088
45.108,0.008826690795222136
45.112,0.025456576094301943
45.116,-0.10079083583223858
45.12,0.6788350548670918
45.124,-0.47549332882008866
45.128,0.227418726053084
45.132,0.37732528880612526
45.136,-0.25018380296588394
45.14,0.07963166372928956
45.144,-0.0014967444944935515
45.148,0.9019288097580564
45.152,-0.1836047954344054
45.156,0.28428055985526735
45.16,0.7965975329221886
45.164,1.105884635986445
45.168,0.38724997384061005
45.172,-0.26927705736295116
45.176,-0.46154568950536806
45.18,0.9274513374375046
45.184,0.4082596624631186
45.188,0.7672373014402716
45.192,0.0541386287212621
45.196,-0.45242355805752654
45.2,-0.037078155117079986
45.204,0.9247477422052723
45.208,0.2945704424298527
45.212,-0.37659268255783496
45.216,-0.6620376683854285
45.22,0.17619020799566842
45.224,0.19604963312279772
45.228,0.48062488389076835
45.232,0.7945768372589932
45.236,-0.1592154324653904
45.24,0.7550209147974962
45.244,0.11040344971269878
45.248,0.5109621714401285
45.252,0.27364208550989766
45.256,0.19357538028504978
45.26,0.5143820104342646
45.264,0.38879826494840974
45.268,0.5901998535248519
45.272,-0.6327003347425111
45.276,0.2591063214673334
45.28,-0.370643300736661
45.284,0.8938539326651886
45.288,0.6595460085759058
45.292,0.17818742192518505
45.296,0.4323264662568996
45.3,0.4190963282772767
45.304,-0.15661871324539006
45.308,0.46347223436077173
45.312,-0.9930985681668326
45.316,-0.41197140248988007
45.32,-0.17511196987753402
45.324,0.6218691907557423
45.328,-0.10363578202323029
45.332,-0.5353772253947049
45.336,-0.1744365240613852
45.34,0.46034332670694555
45.344,0.39437227652265205
45.348,1.1619413823797664
45.352,-0.3496366772827987
45.356,-0.10590433527051674
45.36,0.14215837669456324
45.364,0.25169516130734104
45.368,0.7745324776286556
45.372,-0.5956328396117558
45.376,-1.19676148326755
45.38,-0.056687741966645604
45.384,0.2740607161227066
45.388,0.6603405033392231
45.392,-0.7258067355261681
45.396,-0.17423377951928262
45.4,0.17758458010519354
45.404,0.5228397875192913
45.408,0.6532041125339791
45.412,-0.25403878870985247
45.416,-0.34932744588028747
45.42,0.1595270135766466
45.424,0.3476895968518894
45.428,-0.31336423963093574
45.432,-0.38499815366844264
45.436,-0.4950851229570284
45.44,-0.22727256221816286
45.444,0.2647246499604847
45.448,0.32257995593226724
45.452,-0.33714695834845887
45.456,-0.022824665173832748
45.46,0.3837391541209954
45.464,-0.5259215227822462
45.468,-0.29614562571074865
45.472,-1.1455496676105872
45.476,-0.4327503079436986
45.48,-0.046733214215021204
45.484,0.5485927978958928
45.488,0.6873393933218894
45.492,-0.13500506191248324
45.496,-0.46662850927127564
45.5,0.12208878281530962
45.504,0.3408328819473307
45.508,-0.20388898103335984
45.512,0.29924800083744874
45.516,-0.07868192241413441
45.52,0.7080002289533781
45.524,0.0063062281984598845
45.528,-0.3076314685317414
45.532,-0.5378784958185644
45.536,-0.1285975349470665
45.54,0.41156046229245896
45.544,0.5442973456476587
45.548,0.33164684739403555
45.552,0.15239504737088339
45.556,-0.5503142241088872
45.56,0.42823178099646503
45.564,1.1936880459815078
45.568,-0.17800294090892932
45.572,-0.34193325367765176
45.576,-0.9222848163862354
45.58,-0.3811058628389953
45.584,0.5297052788440983
45.588,-0.43348068190843353
45.592,-0.5431023224381116
45.596,0.04039968207930911
45.6,0.09336226835233499
45.604,0.6939602882691208
45.608,-0.27312405848165494
45.612,-0.20693166394997262
45.616,0.37156949122929683
45.62,-0.26236642826727563
45.624,0.1971093175445806
45.628,0.47400745108295533
45.632,-0.5986894440720703
45.636,-0.0943488055133222
45.64,-0.7063541872324991
45.644,-0.5939854621362717
45.648,0.335860704526596
45.652,-0.6672078880958769
45.656,-0.6974606012946903
45.66,0.23389961698093342
45.664,0.5057163774204738
45.668,-0.39217964779217507
45.672,-0.12510431110535256
45.676,-0.5592081392735289
45.68,0.18644527438635627
45.684,0.5203984356210776
45.688,-0.09931127679574892
45.692,-0.04792704397234682
45.696,-0.660443053996395
45.7,0.9383967054692495
45.704,1.4946318830074934
45.708,0.9330169896518914
45.712,0.6208429473488516
45.716,-0.031377944426243476
45.72,1.0369857653022398
45.724,0.19646237049684945
45.728,0.27792909413096445
45.732,-0.729426758370044
45.736,-0.3803527366515257
45.74,0.24056018465431225
45.744,-0.690250497415554
45.748,0.25815555655092315
45.752,0.19369926998483894
45.756,-0.48451353411402154
45.76,-0.3670808799522915
45.764,0.30728917631471836
45.768,-0.0019084459163261902
45.772,0.5564078248645355
45.776,-0.05951120787202979
45.78,0.3693643431736949
45.784,1.253848598603827
45.788,0.7718295323975031
45.792,-0.27434103295183954
45.796,-0.3711018636757687
45.8,0.9586970585254376
45.804,0.06016380753427175
45.808,0.1845343782873957
45.812,-0.646821497003871
45.816,-1.1010716349529306
45.82,-0.3528614248890097
45.824,0.060241116955917384
45.828,-0.006241344255275699
45.832,0.0178122462003395
45.836,-0.35762433571449254
45.84,0.43149464356037304
45.844,0.4612234780388783
45.848,0.3251743351944471
45.852,-0.3292957067748329
45.856,0.4507341626018048
45.86,-0.11877302732734124
45.864,0.8028041661051436
45.868,-0.17045152397236224
45.872,-0.2803162149053469
45.876,0.5011552006057354
45.88,0.3637942782176775
45.884,-0.06513248241232472
45.888,-0.07530066590376716
45.892,0.5464560924877947
45.896,-0.1832425733309364
45.9,0.03075472096031548
45.904,0.2414497728174289
45.908,0.3001657236834654
45.912,0.5406715644218021
45.916,-0.46636092085788755
45.92,-0.00796325493419725
45.924,0.8605755092086228
45.928,0.07110158881623813
45.932,-0.3226339682111352
45.936,-0.1044924120827565
45.94,0.3009410541961613
45.944,0.3461387137309984
45.948,0.7223835993200896
45.952,0.15666557089612876
45.956,-0.8609166900447569
45.96,0.6037408480567367
45.964,0.4508597825754963
45.968,0.8517321888523836
45.972,0.8664001734130948
45.976,-0.13852668497658352
45.98,0.019869356258990445
45.984,1.1855218071757947
45.988,0.17192422739137553
45.992,0.7650157521625516
45.996,-0.3413655893743185
46.0,-0.029799821211068694
46.004,1.5259510957228595
46.008,0.5590627781727697
46.012,0.5619450458333983
46.016,-0.23609549393806345
46.02,0.10932313974870164
46.024,-0.6746237005746718
46.028,0.729787236671613
46.032,0.004553079483569117
46.036,-0.32250670507179013
46.04,0.3122266215619873
46.044,0.4754635989142108
46.048,-0.08560458884090227
46.052,-0.04641060216890791
46.056,-0.39375609815050744
46.06,0.3280754376119658
46.064,0.29570162829483254
46.068,0.0773384147746532
46.072,-0.4347730185969624
46.076,-0.708897089150091
46.08,-0.1902857879056127
46.084,0.5697208239205156
46.088,-0.061428688595718844
46.092,-0.714235883124362
46.096,-0.06682789498215896
46.1,-0.05779331149134043
46.104,0.6944454740091757
46.108,0.14191336026232837
46.112,-0.47607183860904334
46.116,-1.087315180249149
46.12,-0.4466562256046931
46.124,0.03934710038533029
46.128,0.3432682693207702
46.132,-0.28207180093656725
46.136,-0.7840038579061946
46.14,-1.1102839809825051
46.144,0.577594088590707
46.148,0.5846891143854683
46.152,0.14259006068643262
46.156,-0.7553726499689601
46.16,0.4076920098670203
46.164,0.5989956935830741
46.168,0.46856904191234316
46.172,-0.46434813516686424
46.176,-0.4316660014538527
46.18,0.7225780588564421
46.184,1.066719896589461
46.188,0.21957532123333803
46.192,-0.1562341204093588
46.196,-1.2624559975369234
46.2,0.49288404767025334
46.204,0.6675913858999165
46.208,0.36110631903372936
46.212,-0.457124625512305
46.216,-0.3624798154484032
46.22,0.5958985550074036
46.224,0.538988158033264
46.228,1.289883066464326
46.232,0.0806667386415717
46.236,-0.7416336518673861
46.24,-0.1504013654113523
46.244,0.09992724253005425
46.248,0.5707381249777314
46.252,0.2293806333175037
46.256,0.29227282344596434
46.26,-0.14263355840207018
46.264,0.5651355531341918
46.268,0.7480715563086142
46.272,0.3731099640095925
46.276,-0.8695971415761199
46.28,0.25417411073786084
46.284,-0.09744109362382147
46.288,-0.024771298829925126
46.292,-0.7530268708954819
46.296,-0.6049210858549935
46.3,-0.5667887232865809
46.304,-0.07986839284993352
46.308,-0.11302817770051976
46.312,-0.08414404625284165
46.316,-0.3326432463599511
46.32,-0.6085144968929238
46.324,1.5195625341903631
46.328,0.10743036280365692
46.332,-0.6908998946503128
46.336,-0.04864464671345867
46.34,0.08804247479830246
46.344,0.17402475486623942
46.348,0.5307609505543182
46.352,-0.3543178511807553
46.356,-0.35080302431378974
46.36,0.7146439684788614
46.364,0.5842341900261327
46.368,0.63890270896065
46.372,-0.31897511491125907
46.376,-0.2015448066669965
46.38,-0.19174466666524934
46.384,0.15691506472738403
46.388,0.16082894616937202
46.392,-0.43704760439419943
46.396,0.07230209160121526
46.4,0.2682560902332893
46.404,-0.49861880495751587
46.408,0.947460093336771
46.412,0.04207469433263564
46.416,0.08819284090719326
46.42,-0.06441018493854185
46.424,-0.21402116202074184
46.428,-0.30205939364835144
46.432,0.4428901604788855
46.436,-1.0305480127382922
46.44,-0.5778542038248997
46.444,0.2134886101867891
46.448,-0.3213463987107456
46.452,-0.004931345250183655
46.456,-0.12371219760328456
46.46,0.1605010575661827
46.464,0.13676449209853198
46.468,0.3627596010613
46.472,0.471912604966618
46.476,-0.9615039963166747
46.48,0.45961670256169307
46.484,0.7102917248860634
46.488,0.20281647210327172
46.492,-0.1684861496355483
46.496,-0.24894070137216226
46.5,-0.424803867077355
46.504,-0.3135923059132622
46.508,0.5360935765155861
46.512,-0.830227417251261
46.516,-0.9448324937656425
46.52,-0.3443535062775965
46.524,0.3899539221586337
46.528,-0.058735122387924
46.532,-0.5271565601730075
46.536,0.0883671866065075
46.54,0.11582107958577736
46.544,0.4637618952529239
46.548,1.012593127829492
46.552,0.5888648474170146
46.556,0.5840152733175932
46.56,1.176106626775009
46.564,1.2677544784936368
46.568,1.3703152442695063
46.572,-0.20176394558675054
46.576,0.5063730051443616
46.58,-0.14565153285006135
46.584,-0.2019348331745187
46.588,-0.14350993646223764
46.592,-0.511442409556099
46.596,-0.887985957556793
46.6,-0.6365749943493579
46.604,0.5623271842278145
46.608,-0.28218522540013474
46.612,-1.2521230405920942
46.616,-0.5866195973272643
46.62,0.750815724700402
46.624,-0.06821171734398829
46.628,-0.12235887850546487
46.632,-0.40736109862234227
46.636,0.24274410462384066
46.64,-0.1341085912869157
46.644,-0.028829065213735405
46.648,0.3642830975543508
46.652,-0.12497105630301933
46.656,-0.17628264570949964
46.66,-0.40900122769412445
46.664,0.13806438575097055
46.668,0.6915421921430102
46.672,-0.07948811919920992
46.676,-0.04772820531078048
46.68,-0.012936826189353667
46.684,0.8391868585940835
46.688,0.36236041404294306
46.692,-0.4154166062515292
46.696,-0.04972811760938134
46.7,-0.325159255065899
46.704,1.0308967983555855
46.708,0.675996960318455
46.712,-0.3154862000874861
46.716,-0.41124562051054625
46.72,0.10846590313586019
46.724,0.3685141393013666
46.728,0.8361868796929013
46.732,-0.36339786375196637
46.736,-0.879131381531532
46.74,0.013937619575224505
46.744,0.8053973606558307
46.748,0.7727648430729719
46.752,-0.03183609488681807
46.756,-0.4581956342835517
46.76,0.15989062621234526
46.764,0.30543818755952007
46.768,-0.4802296993553658
46.772,-0.35260283063348635
46.776,0.07363673670113802
46.78,0.14960438233870493
46.784,0.5193496253389345
46.788,0.9694544499228844
46.792,-0.3396411572080391
46.796,-0.42411488098777783
46.8,0.43878450314939743
46.804,0.40512182224446247
46.808,0.25138100046279327
46.812,0.6854791168444815
46.816,-0.5114243408215002
46.82,0.009423603504416844
46.824,0.8363645443233563
46.828,0.4938627364269075
46.832,-0.49578926894349007
46.836,0.6011621540296723
46.84,-0.057935819597242366
46.844,0.50769578052632
46.848,0.629872862534746
46.852,0.8435717634448392
46.856,-0.3486710041231374
46.86,-0.1984832030289702
46.864,0.7541197452098489
46.868,1.2338139183879697
46.872,-0.04491611342803873
46.876,-0.36150465440125157
46.88,0.2890364399685749
46.884,-0.33447713162274806
46.888,0.07523025245412679
46.892,-0.898394535662238
46.896,-0.4540516708137212
46.9,-0.12260372132918322
46.904,-0.6101904476265034
46.908,0.3504986398809382
46.912,0.06502206394311344
46.916,-0.4145470433674511
46.92,-0.6038151963489905
46.924,0.9193130992039287
46.928,1.0135852012593791
46.932,-0.06850401110025661
46.936,-0.5087066602277027
46.94,-0.1221417200152754
46.944,0.5540348760707479
46.948,0.27652492286355795
46.952,-0.05892808595338861
46.956,-0.18829768350587345
46.96,-0.2949775242191095
46.964,0.036872056255565
46.968,0.12050516625729
46.972,-0.05600318502904883
46.976,-1.0159225556351996
46.98,-0.07874143375823273
46.984,0.3747601971822833
46.988,0.03126380063005274
46.992,0.31367442986174776
46.996,0.11165770257511554
47.0,0.15320670697061134
47.004,1.0863226015021974
47.008,0.5872759589149903
47.012,-0.17833935436806375
47.016,-0.5677325864725227
47.02,-0.16586342341163807
47.024,0.5333648768076912
47.028,0.09922469961712635
47.032,-0.8628485636303893
47.036,-0.5294294765921259
47.04,0.39926581407448586
47.044,-0.6351613785320864
47.048,0.8045084877235336
47.052,0.002362710192433476
47.056,-0.4827215984066825
47.06,0.11770194945497377
47.064,0.7686188379587149
47.068,0.2247657387892331
47.072,0.14581774533486552
47.076,-0.03394545807352112
47.08,0.055952807938451386
47.084,-0.05778686403575617
47.088,0.19711165022431273
47.092,-1.0376434238069827
47.096,-0.20593825808258126
47.1,-0.16552678946144084
47.104,0.1386934558793228
47.108,0.4708329185480429
47.112,-0.7442825731161296
47.116,-0.33074557859836984
47.12,-0.15345644279368154
47.124,0.3239314275602215
47.128,0.36258281688342736
47.132,0.5132102134366162
47.136,-0.18892128938234973
47.14,0.5724823013362966
47.144,0.9824204398420828
47.148,0.6067349623074703
47.152,-0.903900010485908
47.156,-0.4123877430342471
47.16,-0.3388802712373069
47.164,1.637586240987767
47.168,-0.03326005687884348
47.172,-0.7022121591266388
47.176,-1.3547500156071077
47.18,-0.2756191448393567
47.184,0.5939418927249804
47.188,0.8203688299634635
47.192,-0.507920054179358
47.196,0.2355918197785905
47.2,0.08735526318806523
47.204,0.2848148116694076
47.208,0.39534319914841887
47.212,0.41596094063740047
47.216,-0.3099554461974274
47.22,-0.38744250987709355
47.224,0.5941983501985499
47.228,0.41762622042443476
47.232,-0.2994885610628736
47.236,0.04901477932988885
47.24,-0.8833837087267624
47.244,0.5282361733890432
47.248,0.5574647180069165
47.252,-0.8172216147262723
47.256,-0.9691542301619296
47.26,0.39436700255156526
47.264,0.848442890504638
47.268,0.804001001193996
47.272,-0.510958857697519
47.276,-0.3154806458046724
47.28,0.13982169755973098
47.284,-0.29112160066449944
47.288,0.3047968862654146
47.292,-0.18138658093257554
47.296,-0.09146806034004845
47.3,-0.237563977350413
47.304,0.8786371914282122
47.308,0.2632949037917285
47.312,0.44210122949619657
47.316,-0.07315703336964646
47.32,0.11054429824560974
47.324,-0.10258726108190303
47.328,-0.3466971982377008
47.332,0.3176478322812391
47.336,-0.14236778751327006
47.34,-0.25009238418121926
47.344,0.06928488280924794
47.348,0.20545304765856653
47.352,-0.828086012440597
47.356,-0.563325280626782
47.36,0.3651915324562696
47.364,0.9375497148136538
47.368,0.5213240990708894
47.372,1.0478237036731677
47.376,0.8567533274063848
47.38,0.6436578093370858
47.384,0.8729564698930002
47.388,1.3847116093795422
47.392,0.36085519594031484
47.396,-0.07826847700764727
47.4,0.4714276062465445
47.404,0.8545573110991231
47.408,0.6117764732260733
47.412,-0.2877222661043763
47.416,-1.4660007162338689
47.42,0.163865470603527
47.424,-0.18530338366011054
47.428,0.134141894445983
47.432,-0.4601102029582297
47.436,0.4006670213706705
47.44,0.7840701758092987
47.444,0.15026894222285356
47.448,-0.326532144715419
47.452,-0.7336619439827858
47.456,-0.26144644304399456
47.46,-0.22469636444015512
47.464,-0.08065058895358002
47.468,0.03961942077689859
47.472,-0.06346722577528188
47.476,-0.41452263963026925
47.48,-0.18927986903902838
47.484,0.23040160449671007
47.488,0.1839643012949913
47.492,-0.1403467505980947
47.496,-0.26984679952008495
47.5,-0.6587503092479985
47.504,0.4706184354080205
47.508,0.10043598627995598
47.512,-0.6187340987634862
47.516,-0.5105381170689458
47.52,0.4678443365408596
47.524,0.7387498835250844
47.528,0.3172828804998298
47.532,-0.5371270141849888
47.536,-0.8982591044063638
47.54,-0.3558674347709102
47.544,0.4523973693904381
47.548,0.3122429474067632
47.552,-0.43018683079948944
47.556,0.062348010779421204
47.56,0.25148873653331405
47.564,-0.5783015724197054
47.568,0.40554400888719866
47.572,0.2139479109570276
47.576,-0.14241821010601483
47.58,0.4040970815546988
47.584,0.4636742046758925
47.588,0.3908136078203147
47.592,-0.040368938355875475
47.596,-0.07753913792256505
47.6,0.004642433619870351
47.604,1.0615484067629668
47.608,1.060496076215981
47.612,-0.17667135191400413
47.616,-0.5563520166672717
47.62,-0.23338366232803842
47.624,0.8504083603600869
47.628,0.7529084014243701
47.632,0.21904649717366642
47.636,0.12380395773763361
47.64,0.08304159069141562
47.644,-0.1319941394788262
47.648,0.32548131769282074
47.652,0.695020461056747
47.656,-0.0009144384957066043
47.66,0.4237450228425482
47.664,0.9928603022730279
47.668,0.12302628604720728
47.672,0.060569466087881385
47.676,0.06406469607532755
47.68,-0.17806532571954165
47.684,0.7270247669257293
47.688,0.9335517121341592
47.692,-0.2608575959492889
47.696,-0.9288042756269088
47.7,0.17958745893765732
47.704,0.22549575374928693
47.708,0.38721542822037675
47.712,-0.5005660054777402
47.716,-0.28797818120343827
47.72,0.5523365029276507
47.724,0.42775016853469316
47.728,-0.3848454193359491
47.732,-0.04043795702060468
47.736,-0.3245879988929839
47.74,0.11891594856593132
47.744,0.7949871411353997
47.748,0.050181777695240126
47.752,-0.34669177397185846
47.756,-0.7678408981672558
47.76,0.07751781316916093
47.764,0.4726869625484737
47.768,0.14693049508828793
47.772,0.07571382384109443
47.776,-0.7839653505125639
47.78,0.054834669757108746
47.784,0.6162143850063424
47.788,0.011389285750716155
47.792,-0.7650555982594136
47.796,-1.0560191217093133
47.8,0.05214014361021134
47.804,1.0640887656181177
47.808,-0.004671214589048345
47.812,-0.057370737922671555
47.816,-1.3591553813413286
47.82,0.15694848729798502
47.824,-0.04526927350090254
47.828,0.08116299246594508
47.832,-0.20273928829854104
47.836,-1.0524788119843382
47.84,1.263113723662538
47.844,0.13199233580632785
47.848,0.4652220203316443
47.852,0.37322998126744816
47.856,-0.27342944642903116
47.86,-0.5100470313624639
47.864,0.4346017060368701
47.868,-0.5173814177425554
47.872,-0.3714026648724631
47.876,0.2793828049586097
47.88,-0.5717122561734393
47.884,0.07300436796763698
47.888,0.9755585797016686
47.892,-0.30117596625143267
47.896,-0.729934561278625
47.9,0.1493318898945289
47.904,0.20386696520022146
47.908,-0.8471399296932568
47.912,-0.7711160924845192
47.916,0.43620298530449036
47.92,0.13745599307208195
47.924,0.9686037940015622
47.928,-0.16093160481479296
47.932,-0.2559780191907496
47.936,-0.4180032329089945
47.94,-0.20166269223832406
47.944,0.4826757502150071
47.948,-0.18672781127770116
47.952,0.28383780739443587
47.956,-0.1541406939441924
47.96,-0.005270700826459224
47.964,0.5046855545478786
47.968,0.21893128849341464
47.972,-0.8290176640443794
47.976,-0.6640176912566829
47.98,0.05023931254534572
47.984,0.3951966788302339
47.988,0.6246200387730863
47.992,0.13918595685373972
47.996,-0.4514803327208276
48.0,-0.24758858620071642
48.004,0.848455793794724
48.008,0.43133255844151497
48.012,-0.36582455364186894
48.016,-0.7165383516034672
48.02,-0.1847191318730445
48.024,0.6136102407104709
48.028,0.9676934705799924
48.032,-0.2715480873074504
48.036,-0.6648442614911512
48.04,0.8874140042344522
48.044,0.22634055516010246
48.048,-0.06759263657586784
48.052,-0.3867018075570435
48.056,-0.5539954157182201
48.06,0.5112635094741136
48.064,-0.2945291185478421
48.068,0.4724722500685956
48.072,-0.2206083054524431
48.076,-0.602776822426984
48.08,-0.12740207899340003
48.084,0.27006237132816
48.088,0.2675703985373848
48.092,-0.42557543550315896
48.096,-0.39364937305605113
48.1,-0.3264748674020773
48.104,1.2569259737368021
48.108,0.6422312069748468
48.112,-0.036945180044232556
48.116,-0.5814859810853208
48.12,0.3079739796971634
48.124,0.49990016328177983
48.128,0.2690914810116587
48.132,-0.4665335854898946
48.136,-0.3016432902821755
48.14,0.6109298995789866
48.144,0.3146560895675407
48.148,0.009190166076188486
48.152,-0.35780109873279514
48.156,-0.5106791204193997
48.16,-0.3390474987374793
48.164,0.02675124646671856
48.168,0.6019282098019434
48.172,0.37534917677166013
48.176,0.8174370166262825
48.18,0.6587772048886096
48.184,1.1098727508447948
48.188,1.4544777541974914
48.192,0.3934959868595499
48.196,0.8760771261289966
48.2,1.3241034949740005
48.204,1.5073230452957376
48.208,1.429545543389985
48.212,-0.15154705700358453
48.216,-0.4280784430142301
48.22,-0.07334857933787675
48.224,-0.16026194383963527
48.228,0.27399588770032934
48.232,-0.1894775107401489
48.236,-0.391241956421123
48.24,-0.1520537412552474
48.244,0.6235442170821088
48.248,0.3608497885512728
48.252,-0.5330064971644226
48.256,-1.593042770240622
48.26,-0.1461097256814748
48.264,0.3967471667123191
48.268,0.2691161927273353
48.272,-0.30774588646835094
48.276,-0.6022517377369124
48.28,-0.3277026553546527
48.284,-0.051058989627466744
48.288,0.42175786964379935
48.292,0.1887274175296182
48.296,-0.870711784661809
48.3,-0.02468439053453468
48.304,0.7048908372726798
48.308,0.18759246726760542
48.312,0.05184182106529936
48.316,0.051916745869424685
48.32,0.1720184577076101
48.324,0.21380057283091997
48.328,0.7827496847570657
48.332,-0.3178449679685836
48.336,-0.457290593192373
48.34,0.229604299191384
48.344,0.3013286593810239
48.348,0.1881470319817392
48.352,-0.31730546680461
48.356,-0.3821971052182415
48.36,0.13734455408325785
48.364,-0.32955265363378294
48.368,0.29413314152694614
48.372,-0.8462345113841573
48.376,-0.43666554993934426
48.38,0.2609816920176681
48.384,0.3969591272956092
48.388,0.684897539195533
48.392,0.0789196199783462
48.396,-1.0310176078510949
48.4,0.6740994750150326
48.404,0.7036027417603036
48.408,0.22597166153070566
48.412,-0.1642307252817638
48.416,-0.9458375822035817
48.42,0.3601490899088661
48.424,0.899228685907969
48.428,0.2541283913538588
48.432,-0.3146006702843955
48.436,-0.0240359714789097
48.44,0.762076365406526
48.444,1.119431216317025
48.448,0.8624378587147752
48.452,0.8618504889761522
48.456,0.287486073529565
48.46,0.7481789636239753
48.464,0.6913590384594311
48.468,0.37258347387848634
48.472,0.4958457241695553
48.476,-0.523907615113504
48.48,0.384803813959946
48.484,0.34144981561963106
48.488,0.5771825465096888
48.492,0.07356548369199783
48.496,-0.13717696592584994
48.5,0.16025347743909166
48.504,0.7408274121893016
48.508,0.6559797554160292
48.512,-0.667718256432717
48.516,-0.3006771459543784
48.52,-0.06665098746947953
48.524,0.5275522754580332
48.528,0.1476758642022008
48.532,0.33710671506746637
48.536,-0.34978180344963283
48.54,0.44637457788314716
48.544,0.043883235906808316
48.548,0.17228801094557689
48.552,-0.45084088240853926
48.556,-0.19603670369026482
48.56,-0.4398229848213216
48.564,-0.2668467383374093
48.568,-0.001063104605549814
48.572,-0.0041420220437742294
48.576,-0.6994744520682106
48.58,0.11838871841964269
48.584,0.12560152441055455
48.588,-0.47861638585809296
48.592,0.1207753573280804
48.596,-0.10946790015645502
48.6,-0.0020749504180293237
48.604,0.4128784228080249
48.608,0.15544326126605834
48.612,-0.6444378488730921
48.616,0.15288601275866637
48.62,-0.05175848274746867
48.624,0.5220333615321388
48.628,0.03535032846107067
48.632,-0.048478805866064345
48.636,0.07245214813054224
48.64,0.059672493270559165
48.644,0.5204440223009387
48.648,0.5910879178434183
48.652,0.047196669500589566
48.656,0.0227669091589634
48.66,0.11584033447452007
48.664,0.5099399665256122
48.668,0.33257781465820313
48.672,0.11107971206454742
48.676,-0.557808735274051
48.68,0.22012925750766016
48.684,1.30314374652409
48.688,0.38214664327009507
48.692,-0.7100896819670639
48.696,-0.48018735469406376
48.7,0.23863218878634282
48.704,0.10891551960444584
48.708,-0.15786242537905879
48.712,-0.7717679183456204
48.716,-0.4636087253222079
48.72,0.6426427709699168
48.724,0.175616305696554
48.728,0.5991135700970207
48.732,-0.3169810586393954
48.736,-0.514690281478134
48.74,0.23263172049593778
48.744,-0.19944145532442487
48.748,0.9537627925940662
48.752,0.072842209459276
48.756,0.1254297141002071
48.76,-0.0011889031732349314
48.764,0.6892006176149496
48.768,0.7329976650743836
48.772,-0.12890285750150476
48.776,-0.58089372888814
48.78,-0.22532674263284472
48.784,0.36144005916209143
48.788,0.4701046901368385
48.792,-0.15418728815662264
48.796,-0.4426492842612222
48.8,0.41357663538802447
48.804,0.314112873331301
48.808,0.08258287808127551
48.812,0.2077102655561645
48.816,-0.09932895897287133
48.82,-0.4487984866223586
48.824,-0.11578578463535488
48.828,-0.18663474757599202
48.832,-0.2275654291717905
48.836,0.10451591713727149
48.84,0.5922230949200615
48.844,0.6866715953815008
48.848,0.9966928530134259
48.852,-0.13875249839019244
48.856,0.06948907979220575
48.86,-0.23251608536270837
48.864,-0.250026090828172
48.868,0.09748532983390233
48.872,-0.30028569032689334
48.876,0.664161602272221
48.88,0.009328470245878654
48.884,-0.0324963101838881
48.888,0.6346597028744266
48.892,-0.5327689133141843
48.896,-0.3209696378823806
48.9,0.35952565462690794
48.904,0.01389488460453514
48.908,0.8433723039113363
48.912,0.2121967645154966
48.916,-0.2434860002796748
48.92,0.6753862562637585
48.924,0.19765286354392586
48.928,0.5265485731445843
48.932,-0.20808820823112395
48.936,-0.7658505351050369
48.94,-0.3731863408109347
48.944,1.049731383172139
48.948,0.5377763373579938
48.952,0.04452259272295761
48.956,-0.6205004325006929
48.96,0.4032285802601888
48.964,0.4717427721313127
48.968,1.3413788318963993
48.972,0.8840505592271197
48.976,0.797942792641378
48.98,1.297391363292188
48.984,1.355831291427
48.988,1.3528106837446225
48.992,1.179517907882253
48.996,0.3764089754495473
49.0,0.03562360681764942
49.004,1.0893714545256983
49.008,0.027076250358300913
49.012,-0.31206722150643845
49.016,-0.7368398414909889
49.02,-1.2701577615906794
49.024,0.20045071595651984
49.028,0.8865924161325167
49.032,-0.28683794998721385
49.036,0.6823272106352154
49.04,-0.14128917522753576
49.044,0.4319236813957944
49.048,0.179727961088676
49.052,-0.2263380825431606
49.056,-0.25064862677832744
49.06,0.614306904054166
49.064,0.035757210152989216
49.068,0.22673661282882654
49.072,0.028490952578368423
49.076,0.14218244811616643
49.08,-0.8501834130418655
49.084,-0.17046569362441039
49.088,0.2687909186122697
49.092,0.22687020255118284
49.096,-0.569337780534234
49.1,0.2653720344070959
49.104,1.1691540289010751
49.108,0.25063093824859645
49.112,-0.32180888968345667
49.116,-0.18080362172253223
49.12,0.09317180688512157
49.124,0.5236210356402943
49.128,0.17987955223924446
49.132,-0.2996455076068403
49.136,-0.7501118490951639
49.14,0.291722522224111
49.144,0.03399559888511805
49.148,-0.03099133099413892
49.152,-0.6377471779760919
49.156,-0.41957609086996117
49.16,0.11884343156052833
49.164,0.04884205177983336
49.168,0.2679742165823814
49.172,-0.03450633274588495
49.176,-0.8488895247666861
49.18,-0.13688687830970586
49.184,1.293016535073162
49.188,0.16977791329846187
49.192,0.2576234056043331
49.196,-0.3575557184143231
49.2,0.3150086857350915
49.204,0.30734671861739565
49.208,-0.26950061076873366
49.212,-0.13848170988203545
49.216,0.0704691492821124
49.22,0.5529105147738402
49.224,0.7004729913982624
49.228,0.23611383280124176
49.232,0.44926581209276306
49.236,-0.36306157232143543
49.24,0.024544980115401183
49.244,0.26930510096348814
49.248,0.33810677069005746
49.252,-0.06654526323043619
49.256,0.020972978453431476
49.26,-0.27846509985073686
49.264,0.4543041911552169
49.268,0.15618364651591476
49.272,0.15166807488164272
49.276,-0.03982838666428973
49.28,-0.2072179200879791
49.284,0.7480079503453003
49.288,0.38831916541185396
49.292,0.2324327191124382
49.296,-0.5037068047974973
49.3,0.36437745128281074
49.304,0.8414268763964704
49.308,0.37080011067640706
49.312,0.6833452392404016
49.316,-0.10095689164001898
49.32,0.7609893820043864
49.324,1.4459460151637455
49.328,-0.3846396527277714
49.332,0.27855165816345046
49.336,-0.13691494780693414
49.34,0.12595028777482165
49.344,0.1565768699768808
49.348,-0.10377744797254657
49.352,-0.642883931586155
49.356,0.5051405612932702
49.36,0.20508488032727468
49.364,-0.1626287906695849
49.368,-0.18033448057008825
49.372,-1.0362459684894372
49.376,0.09035563229096633
49.38,0.014016186361238789
49.384,0.5713579015222758
49.388,0.23354221336949682
49.392,0.1365504262045211
49.396,-0.5161817666764068
49.4,0.1344004067393387
49.404,0.5043641867956454
49.408,-0.24126718101359299
49.412,-0.5255857408098983
49.416,-0.5132278984582523
49.42,0.14711639706534435
49.424,0.9443161388538319
49.428,0.2710400233117238
49.432,-0.2663908234387564
49.436,-0.27117495485158016
49.44,-0.06413115530665953
49.444,0.3696285934694836
49.448,0.8489045948476837
49.452,-0.3144399510182555
49.456,-0.27542763184031893
49.46,-0.26021188825643143
49.464,0.8524142714889567
49.468,-0.11381818035894203
49.472,-0.2704407198651984
49.476,0.01360067289508271
49.48,-0.32380148017727106
49.484,0.7156361564889002
49.488,-0.5843048923947431
49.492,-0.6669180401340167
49.496,-0.4071718774763744
49.5,0.9638705507780464
49.504,0.45037016483023423
49.508,0.29767381593139347
49.512,0.22942785399021784
49.516,-0.8107909399376751
49.52,-1.2141774170442126
49.524,1.0773146203763195
49.528,0.468442159928285
49.532,-0.4158393886557332
49.536,-0.36971055699143485
49.54,0.4175068583758437
49.544,0.34184221904850826
49.548,0.3000486452458224
49.552,0.5864063828199997
49.556,-0.8873200237200991
49.56,0.21968434491198693
49.564,-0.09522073995373648
49.568,0.8850886048314435
49.572,-0.07767654123685874
49.576,-0.624166598207937
49.58,-0.5578955216525641
49.584,0.30702985918558734
49.588,0.3741841444380862
49.592,0.3142275940671999
49.596,-0.738215848646008
49.6,-0.21925920061978904
49.604,0.3210837851379371
49.608,0.06545483269481478
49.612,-0.28710772323445233
49.616,-0.5997491791533747
49.62,0.33011983166711556
49.624,0.3303409501170504
49.628,0.3886628758542029
49.632,0.039065975527459273
49.636,-0.8146512747009995
49.64,0.328309212899091
49.644,0.5478482169346952
49.648,0.39918403383972945
49.652,-0.2435425492324071
49.656,-0.4468278817138304
49.66,0.05634528622848571
49.664,0.44868113953980515
49.668,-0.19766808480716386
49.672,0.41723240592101984
49.676,-0.6590970824054065
49.68,0.0727225477256038
49.684,0.8512469606647112
49.688,0.0847876185266469
49.692,-0.14868843909206586
49.696,-1.2659947252556079
49.7,-0.8054515863937641
49.704,0.3757584759654409
49.708,0.28448321110445696
49.712,0.21729900802499805
49.716,-0.05173938525844174
49.72,-0.6413437369063258
49.724,0.8969069253330003
49.728,-0.2520293734146808
49.732,0.10157703795439135
49.736,-0.5556266403793616
49.74,1.0841383104671465
49.744,0.1376578213200378
49.748,0.2029855946412856
49.752,-0.16294433973987554
49.756,-0.4762447904973308
49.76,-0.4211027771344789
49.764,1.2070174234623412
49.768,-0.08915442539361862
49.772,-0.6222983587655412
49.776,-0.5556114495877976
49.78,-0.05613703861732122
49.784,0.011596139196418498
49.788,0.5504512436621757
49.792,-0.1591572364523859
49.796,-0.23075872867845315
49.8,0.5053209666904334
49.804,0.5211105696590177
49.808,0.6882829172668932
49.812,0.6313973098736368
49.816,0.9684259300972287
49.82,0.9044811891510243
49.824,1.152140429743128
49.828,0.1283358523508069
49.832,0.016751617731649793
49.836,-0.7107552408122132
49.84,-0.3820333560119399
49.844,0.5342537264154683
49.848,1.4702876731296672
49.852,-0.3367965469910589
49.856,-0.4746085363600801
49.86,-0.5601349248576288
49.864,-0.257379503828409
49.868,0.8909106560286929
49.872,-0.6817270403176066
49.876,-1.223760976163957
49.88,0.058344134948553214
49.884,0.18283404269954645
49.888,0.48003432814863384
49.892,0.38822059116004315
49.896,-0.2352835642322005
49.9,0.08892397544765014
49.904,0.6563327722332979
49.908,1.31319904670644
49.912,0.6844589156737445
49.916,-0.5153748515252407
49.92,0.38684038982461966
49.924,1.1084602520126656
49.928,0.5322867010999883
49.932,-0.26996104631596957
49.936,-0.5736211401701238
49.94,0.06640341429973493
49.944,-0.05285350359614677
49.948,0.6076037036243849
49.952,0.34105580861947266
49.956,-0.5124906765431281
49.96,-0.15560802367566914
49.964,-0.002950624873263641
49.968,0.4663996612775465
49.972,-0.20423805744005183
49.976,-0.9087233565943373
49.98,1.2237967180400908
49.984,-0.2618088478281065
49.988,-0.2563347767526873
49.992,0.2352283773384235
49.996,-0.020292123452918698
50.0,-0.1553312792480917
50.004,-0.18129310484612068
50.008,0.34165141304567304
50.012,0.323657779335527
50.016,-0.11971709201557854
50.02,0.5796253901073787
50.024,0.4260347459415356
50.028,0.7534065413976629
50.032,0.21676292006104989
50.036,0.5680407224670678
50.04,0.15785254934065782
50.044,0.4986998809847206
50.048,0.41428970078461536
50.052,0.6305346753182299
50.056,0.4980231711505079
50.06,-0.46061471154183936
50.064,0.05484760521766424
50.068,0.34867620026570567
50.072,0.48891361205349476
50.076,0.6218053500281623
50.08,0.5266039977179673
50.084,0.009198108601279509
50.088,0.6472391053439183
50.092,-0.04441135039011257
50.096,0.7667517494792728
50.1,0.8029269664400835
50.104,0.22953388054902288
50.108,-0.027718335212804174
50.112,-0.06809648908419483
50.116,-0.2417293468310819
50.12,-0.195734396618328
50.124,0.08669734761552908
50.128,-0.07060249421399903
50.132,-0.5183077884174812
50.136,-0.07818903632174164
50.14,0.14559080627323454
50.144,-0.026954671073003367
50.148,-0.2720877442417747
50.152,-0.8811416703130326
50.156,0.5127397245540216
50.16,0.057579946106151886
50.164,0.1879832573246899
50.168,0.12614073382554294
50.172,0.2198049573979472
50.176,0.12964311897849942
50.18,0.05515565389625213
50.184,0.3339656436803393
50.188,0.4117165999370874
50.192,0.5727918276170607
50.196,-0.32824326546796734
50.2,0.0988768809751394
50.204,-0.6408820967371884
50.208,-0.1833235675490352
50.212,-0.07629988743693986
50.216,0.3027895219364703
50.22,-0.05429073165865553
50.224,0.2714567602444117
50.228,-0.12222307024011372
50.232,-0.2263175362001904
50.236,-0.31580458026927954
50.24,0.28116208674301335
50.244,-0.15583769090745883
50.248,-0.9537980856721052
50.252,0.25822697201500844
50.256,-0.36966803666949216
50.26,0.0843436574270897
50.264,-0.4420926831555309
50.268,-0.006457626133156844
50.272,-1.147524123122184
50.276,0.00893256566804496
50.28,-0.3334749382998531
50.284,-0.5081300807286246
50.288,0.3129722943600719
50.292,-0.05072203402909018
50.296,-0.09409762962560643
50.3,-0.2942990260759318
50.304,0.35307930124478243
50.308,-0.17980971966737622
50.312,0.611921377548306
50.316,0.48702432103440213
50.32,0.5815391016258843
50.324,0.382889886003582
50.328,-0.24796642825719126
50.332,0.02487760856279466
50.336,-0.09420694348081464
50.34,0.3419275726898598
50.344,-0.0055724939686151755
50.348,-0.10275277154688382
50.352,0.6556540385457237
50.356,-0.11107826730020014
50.36,-0.24980328133524207
50.364,-0.16099818141072383
50.368,0.4381438242361415
50.372,0.06821229551449833
50.376,0.19715410433294314
50.38,0.097838455482017
50.384,-0.8852114900256595
50.388,-0.42423723560863574
50.392,-0.1100218855680638
50.396,0.14425815907703146
50.4,-0.37752535047095714
50.404,-0.3827430273019088
50.408,-0.07972735623980896
50.412,0.5847871160498592
50.416,-0.782222996170043
50.42,-0.9681025963343416
50.424,0.7901336452141323
50.428,-0.4975017474892231
50.432,-0.05332633147767385
50.436,-0.45912861831097684
50.44,0.025973119534480768
50.444,0.10337714645892096
50.448,0.7911990818164283
50.452,0.43318231643513294
50.456,-0.3740376836398817
50.46,-0.6157087211431429
50.464,0.32426098559029903
50.468,-0.11461761183780586
50.472,-0.18894608364348195
50.476,0.5486379485240535
50.48,-0.6263247917413921
50.484,-0.08859276677269606
50.488,0.30586107094149656
50.492,-0.43032804224537385
50.496,0.5519804283092836
50.5,-0.3763748637556325
50.504,-0.008039875860535006
50.508,-0.2760106087801673
50.512,-1.1019388142691418
50.516,-0.17291019548831563
50.52,0.3265302814244647
50.524,-0.434609599491958
50.528,-0.2505646074854774
50.532,-0.208726090838854
50.536,0.22696110970375527
50.54,-0.14490451224093445
50.544,0.005673132930641232
50.548,0.027702749982765465
50.552,-0.21026557434942408
50.556,0.6733273991841043
50.56,-0.41500581837821443
50.564,0.2840362535954072
50.568,0.5069532766845881
50.572,-0.058846699918422965
50.576,0.03788125138176825
50.58,0.20947908826492465
50.584,-0.16183886289357838
50.588,-0.7895538529975439
50.592,-0.14086921281019987
50.596,0.577948532423346
50.6,0.11346660670689007
50.604,-0.11598399697807132
50.608,0.15859895793537995
50.612,-0.19635913664067234
50.616,-0.061244419395171855
50.62,-0.18066312992162184
50.624,0.2980025610858612
50.628,0.027654285036351922
50.632,0.2877056961826086
50.636,0.9744196007130359
50.64,0.7470429185350771
50.644,1.1899206463456107
50.648,1.245777449528291
50.652,0.9031399428863676
50.656,0.6450691465832787
50.66,0.06911334191813234
50.664,-0.056989218949663245
50.668,0.44487991354836887
50.672,0.2876876343494366
50.676,-0.4546309235462786
50.68,0.007607333692769808
50.684,-0.1476884141392903
50.688,0.122808602895349
50.692,0.619645218578188
50.696,0.027948799996369372
50.7,-0.38989861126743575
50.704,0.23350022454914826
50.708,-0.44725614494535987
50.712,0.8913894636343604
50.716,-0.5115841174608101
50.72,0.1537486969351693
50.724,-0.010126856073958298
50.728,-0.1858056060887577
50.732,-0.19555985229630987
50.736,0.5521426425345825
50.74,0.23160891252444218
50.744,-0.04801885823617956
50.748,0.6999625948158098
50.752,-0.04723742710066427
50.756,0.2940722822204036
50.76,-0.5250560550640958
50.764,-0.5217294003734476
50.768,0.2624506229630882
50.772,0.13979567707417861
50.776,0.8764808139368971
50.78,-0.24772790487221352
50.784,0.2997662841506847
50.788,-0.06827861748998738
50.792,0.36816265019940325
50.796,0.337182242755285
50.8,0.030498167190954998
50.804,-0.2350134533437993
50.808,-0.07122808012236587
50.812,-0.3669284806412899
50.816,0.2257009789673824
50.82,-1.0431123653750283
50.824,-0.11987366746655202
50.828,0.48560061779156805
50.832,0.4801619303938538
50.836,-0.49948049976782327
50.84,0.3920009547052057
50.844,-0.29296149985676473
50.848,0.028799253415909498
50.852,0.4945327868993966
50.856,-0.18113353748231734
50.86,0.8065486907856434
50.864,0.349929537089623
50.868,0.4418809079908399
50.872,0.7031163486479285
50.876,0.6253609912769532
50.88,0.5911591122406443
50.884,0.024142929018911685
50.888,-0.1508430672357431
50.892,0.19184127391748584
50.896,0.49468559033542614
50.9,-0.2044235419686667
50.904,0.510687840745602
50.908,0.4356169803361426
50.912,0.21448823244307663
50.916,0.3101506925977896
50.92,0.3188026900696728
50.924,0.42835883284935933
50.928,0.5414152519295113
50.932,1.3817316448936166
50.936,0.28420433760262553
50.94,-0.0564575181556827
50.944,-0.5662920648626704
50.948,-0.3721560468838141
50.952,-0.13508283398062734
50.956,0.4195149296716558
50.96,-0.021566793890147817
50.964,0.27714290445944134
50.968,-0.17105956019351123
50.972,0.29660542476687507
50.976,0.4212848859452394
50.98,-0.08095411968383362
50.984,0.23406218986343624
50.988,-0.1166124060537827
50.992,-0.44276582852366186
50.996,0.2516528727754915
51.0,0.21431573926047773
51.004,0.2672924769586951
51.008,0.40394310153426227
51.012,-0.07627384323854647
51.016,-0.060426314219274926
51.02,-0.10065924032419406
51.024,0.13214535209842135
51.028,-0.06896724612334822
51.032,0.048841432276871544
51.036,-0.2870058813988881
51.04,-0.4233539780481031
51.044,-0.364293974493364
51.048,0.16458996403489717
51.052,-0.015180874148911916
51.056,-0.18926451849105358
51.06,0.2840107853213536
51.064,0.5886093151091196
51.068,-0.20683646061679903
51.072,-0.42623916859471495
51.076,0.39257903034440667
51.08,-0.004639045385845528
51.084,-0.08370485071697861
51.088,0.39310659206187887
51.092,-0.11050453221202196
51.096,0.16267279112778324
51.1,0.07902235356404856
51.104,1.3067776560546687
51.108,-0.04981822685710646
51.112,0.37521523866661943
51.116,-0.09632589591451192
51.12,0.18453686959131774
51.124,-0.06534928776946965
51.128,0.3179597271576011
51.132,-0.03564887952153104
51.136,0.19731857038375167
51.14,-0.30126181551728637
51.144,-0.32121663920366983
51.148,-0.764723007117175
51.152,0.15505435341306
51.156,-0.24471399095977883
51.16,0.8778246891022848
51.164,-0.1856073573774977
51.168,0.5071780134894226
51.172,0.4563143892009053
51.176,-0.09650514568286213
51.18,-0.2968565800099852
51.184,-0.05935704079288821
51.188,0.45920340198435533
51.192,0.9193744794031743
51.196,-0.4846064108593784
51.2,0.005861910639133228
51.204,-0.2534793481455526
51.208,-0.1330447579582207
51.212,0.6763544859924083
51.216,-0.3137793110751796
51.22,-0.6457706506578824
51.224,0.06728839304396168
51.228,0.15560919420507782
51.232,-0.1534114540514379
51.236,-0.26412792814814157
51.24,0.09547740776862887
51.244,-0.5025441821550543
51.248,0.21059098297993814
51.252,-0.11540507857896225
51.256,0.623844276676119
51.26,0.19278326492361786
51.264,0.037276646511510185
51.268,-0.0015189714697444734
51.272,-0.6642561265043083
51.276,0.0749967956651501
51.28,0.044297415525503384
51.284,0.1477472363112287
51.288,0.04843469657424408
51.292,0.7508226874632952
51.296,0.02334104810035259
51.3,-0.21251878064510832
51.304,-0.527768100494242
51.308,-0.07193662517742452
51.312,-0.3277086906000897
51.316,-0.45508271305417936
51.32,-0.04342119767270647
51.324,0.5090760409671637
51.328,0.4321368650037999
51.332,-0.4731494566698094
51.336,0.046315699006918884
51.34,0.18758382688666592
51.344,0.24766792543112826
51.348,0.6441938926418715
51.352,-0.4678410913737835
51.356,-0.359896442853932
51.36,-0.24638538335898363
51.364,0.1448217633902263
51.368,-1.1099957403181022
51.372,-0.08803723327064925
51.376,-0.7204982562679854
51.38,-0.001090245903424706
51.384,0.82549603674564
51.388,0.37539053629070146
51.392,-0.49428208345166535
51.396,-0.15926900365701432
51.4,-0.34879615838366035
51.404,0.5041672881511275
51.408,-0.878856254421037
51.412,-0.18333559406718677
51.416,-0.29098235586834725
51.42,-0.48237715716186347
51.424,0.6682166487880816
51.428,-0.6095023737056005
51.432,-0.5081307183695688
51.436,0.5953299902267518
51.44,-0.11398689345235115
51.444,-0.18826252454709747
51.448,-0.3757102788217769
51.452,-0.12429478940395382
51.456,-0.3006985609889364
51.46,-0.34926316044670364
51.464,-0.5625229176089607
51.468,0.11465751796069495
51.472,0.008154123427028814
51.476,0.24738891677067476
51.48,0.891591584900405
51.484,0.62653658147133
51.488,0.9162530841004435
51.492,1.6820259271142408
51.496,1.0906488169084345
51.5,0.5761731977270614
51.504,0.1285832557274511
51.508,0.3180867333155146
51.512,0.5104981715656255
51.516,-0.19508792550344772
51.52,-0.09661582855177779
51.524,-0.4053899786535733
51.528,-0.38166940421770523
51.532,-0.7561056682395806
51.536,-0.13016692632559335
51.54,-0.1515116326504417
51.544,0.44731695063775534
51.548,-0.05845460084353156
51.552,-0.3402176439632839
51.556,0.5474706574185848
51.56,0.12904443957059183
51.564,0.03690440555527906
51.568,-0.027908970482326954
51.572,0.04926137140251714
51.576,-0.3815051667603824
51.58,-0.07193151937130304
51.584,-0.12886142475744877
51.588,0.12312528986702448
51.592,0.4142828827554714
51.596,0.36704965451639415
51.6,0.17931431101372775
51.604,-0.6930408217179912
51.608,-0.1860475202234956
51.612,-0.7548497450307275
51.616,0.41421122313710435
51.62,-0.053108881484342514
51.624,-0.07906934932385618
51.628,-0.2681103294139625
51.632,0.5019255837558669
51.636,0.05270006736216966
51.64,-0.037914467184816794
51.644,0.06126180774802825
51.648,0.0977239896756941
51.652,-0.004530651228579041
51.656,0.5432012643169206
51.66,0.5827854903742958
51.664,0.10091928090481696
51.668,-0.2461617642192282
51.672,0.20071316240544207
51.676,-0.1269419254650243
51.68,0.6813073419881887
51.684,0.763067221887134
51.688,0.4523706633934817
51.692,-0.30196061758397297
51.696,-0.012857032670151702
51.7,0.1165826127765051
51.704,-0.12980696039673478
51.708,0.07789705676261127
51.712,0.3305415148739577
51.716,0.4459643002134853
51.72,0.7762411688830156
51.724,0.25085421696135807
51.728,0.15346243233232043
51.732,-0.2504809733885123
51.736,0.3943712612675184
51.74,0.09689215376570592
51.744,0.19857503295240986
51.748,0.03829569594952764
51.752,0.049139767022848474
51.756,0.5254573936686378
51.76,0.228750384526136
51.764,0.8563625720377498
51.768,-0.20837351008229105
51.772,0.7256124432325525
51.776,0.012391057445201303
51.78,0.18720766680356418
51.784,0.38228817360050904
51.788,0.5803087351416434
51.792,0.5828184635894846
51.796,0.551497405113308
51.8,0.051204248778083244
51.804,0.8265135959611432
51.808,0.3473583660752776
51.812,-1.08056926255411
51.816,0.085612184012476
51.82,-0.09456588811169532
51.824,-0.07496902560105773
51.828,0.323881449483262
51.832,0.15893983269955575
51.836,-0.24823755090985966
51.84,0.6319797621651788
51.844,-0.5205747495360914
51.848,-0.5355499412658213
51.852,-0.41018246510058853
51.856,0.17396696082828378
51.86,0.14644586724259429
51.864,-0.3230708992294119
51.868,-0.2388985272162218
51.872,-0.01300588184566874
51.876,-0.42988079813354213
51.88,0.32439537942255586
51.884,0.6050651719453454
51.888,-0.0877477258784242
51.892,0.1248839668045015
51.896,0.03697699289582013
51.9,0.5333536240442693
51.904,0.7606858456926373
51.908,-0.17328737704630506
51.912,-0.013409381093924776
51.916,0.32999027490932786
51.92,0.11746838857659209
51.924,-0.3836148722739071
51.928,-0.739829785553949
51.932,-0.23114150900308092
51.936,0.11047732947207156
51.94,-0.1594902455844771
51.944,-0.4245222419648178
51.948,-0.23985521120960168
51.952,0.7080449980658261
51.956,-0.46584262015183053
51.96,-0.14561533693257045
51.964,-0.20211573528349133
51.968,0.7707770117100996
51.972,-0.6069297206155642
51.976,-0.3120615744066332
51.98,0.006586147335084568
51.984,0.05737249720605789
51.988,0.4403459872627131
51.992,0.39547402767680423
51.996,-0.2979483448571427
52.0,0.11848795398406428
52.004,0.11848795398406428
52.008,0.11848795398406428
52.012,0.11848795398406428
52.016,0.11848795398406428
52.02,0.11848795398406428
52.024,0.11848795398406428
52.028,0.11848795398406428
52.032,0.11848795398406428
52.036,0.11848795398406428
52.04,0.11848795398406428
52.044,0.11848795398406428
52.048,0.11848795398406428
52.052,0.11848795398406428
52.056,0.11848795398406428
52.06,0.11848795398406428
52.064,0.11848795398406428
52.068,0.11848795398406428
52.072,0.11848795398406428
52.076,0.11848795398406428
52.08,0.11848795398406428
52.084,0.11848795398406428
52.088,0.11848795398406428
52.092,0.11848795398406428
52.096,0.11848795398406428
52.1,0.11848795398406428
52.104,0.11848795398406428
52.108,0.11848795398406428
52.112,0.11848795398406428
52.116,0.11848795398406428
52.12,0.11848795398406428
52.124,0.11848795398406428
52.128,0.11848795398406428
52.132,0.11848795398406428
52.136,0.11848795398406428
52.14,0.11848795398406428
52.144,0.11848795398406428
52.148,0.11848795398406428
52.152,0.11848795398406428
52.156,0.11848795398406428
52.16,0.11848795398406428
52.164,0.11848795398406428
52.168,0.11848795398406428
52.172,0.11848795398406428
52.176,0.11848795398406428
52.18,0.11848795398406428
52.184,0.11848795398406428
52.188,0.11848795398406428
52.192,0.11848795398406428
52.196,0.11848795398406428
52.2,0.11848795398406428
52.204,0.11848795398406428
52.208,0.11848795398406428
52.212,0.11848795398406428
52.216,0.11848795398406428
52.22,0.11848795398406428
52.224,0.11848795398406428
52.228,0.11848795398406428
52.232,0.11848795398406428
52.236,0.11848795398406428
52.24,0.11848795398406428
52.244,0.11848795398406428
52.248,0.11848795398406428
52.252,0.11848795398406428
52.256,0.11848795398406428
52.26,0.11848795398406428
52.264,0.11848795398406428
52.268,0.11848795398406428
52.272,0.11848795398406428
52.276,0.11848795398406428
52.28,0.11848795398406428
52.284,0.11848795398406428
52.288,0.11848795398406428
52.292,0.11848795398406428
52.296,0.11848795398406428
52.3,0.11848795398406428
52.304,0.11848795398406428
52.308,0.11848795398406428
52.312,0.11848795398406428
52.316,0.11848795398406428
52.32,0.11848795398406428
52.324,0.11848795398406428
52.328,0.11848795398406428
52.332,0.11848795398406428
52.336,0.11848795398406428
52.34,0.11848795398406428
52.344,0.11848795398406428
52.348,0.11848795398406428
52.352,0.11848795398406428
52.356,0.11848795398406428
52.36,0.11848795398406428
52.364,0.11848795398406428
52.368,0.11848795398406428
52.372,0.11848795398406428
52.376,0.11848795398406428
52.38,0.11848795398406428
52.384,0.11848795398406428
52.388,0.11848795398406428
52.392,0.11848795398406428
52.396,0.11848795398406428
52.4,0.11848795398406428
52.404,0.11848795398406428
52.408,0.11848795398406428
52.412,0.11848795398406428
52.416,0.11848795398406428
52.42,0.11848795398406428
52.424,0.11848795398406428
52.428,0.11848795398406428
52.432,0.11848795398406428
52.436,0.11848795398406428
52.44,0.11848795398406428
52.444,0.11848795398406428
52.448,0.11848795398406428
52.452,0.11848795398406428
52.456,0.11848795398406428
52.46,0.11848795398406428
52.464,0.11848795398406428
52.468,0.11848795398406428
52.472,0.11848795398406428
52.476,0.11848795398406428
52.48,0.11848795398406428
52.484,0.11848795398406428
52.488,0.11848795398406428
52.492,0.11848795398406428
52.496,0.11848795398406428
52.5,0.11848795398406428
52.504,0.11848795398406428
52.508,0.11848795398406428
52.512,0.11848795398406428
52.516,0.11848795398406428
52.52,0.11848795398406428
52.524,0.11848795398406428
52.528,0.11848795398406428
52.532,0.11848795398406428
52.536,0.11848795398406428
52.54,0.11848795398406428
52.544,0.11848795398406428
52.548,0.11848795398406428
52.552,0.11848795398406428
52.556,0.11848795398406428
52.56,0.11848795398406428
52.564,0.11848795398406428
52.568,0.11848795398406428
52.572,0.11848795398406428
52.576,0.11848795398406428
52.58,0.11848795398406428
52.584,0.11848795398406428
52.588,0.11848795398406428
52.592,0.11848795398406428
52.596,0.11848795398406428
52.6,0.11848795398406428
52.604,0.11848795398406428
52.608,0.11848795398406428
52.612,0.11848795398406428
52.616,0.11848795398406428
52.62,0.11848795398406428
52.624,0.11848795398406428
52.628,0.11848795398406428
52.632,0.11848795398406428
52.636,0.11848795398406428
52.64,0.11848795398406428
52.644,0.11848795398406428
52.648,0.11848795398406428
52.652,0.11848795398406428
52.656,0.11848795398406428
52.66,0.11848795398406428
52.664,0.11848795398406428
52.668,0.11848795398406428
52.672,0.11848795398406428
52.676,0.11848795398406428
52.68,0.11848795398406428
52.684,0.11848795398406428
52.688,0.11848795398406428
52.692,0.11848795398406428
52.696,0.11848795398406428
52.7,0.11848795398406428
52.704,0.11848795398406428
52.708,0.11848795398406428
52.712,0.11848795398406428
52.716,0.11848795398406428
52.72,0.11848795398406428
52.724,0.11848795398406428
52.728,0.11848795398406428
52.732,0.11848795398406428
52.736,0.11848795398406428
52.74,0.11848795398406428
52.744,0.11848795398406428
52.748,0.11848795398406428
52.752,0.11848795398406428
52.756,0.11848795398406428
52.76,0.11848795398406428
52.764,0.11848795398406428
52.768,0.11848795398406428
52.772,0.11848795398406428
52.776,0.11848795398406428
52.78,0.11848795398406428
52.784,0.11848795398406428
52.788,0.11848795398406428
52.792,0.11848795398406428
52.796,0.11848795398406428
52.8,0.11848795398406428
52.804,0.11848795398406428
52.808,0.11848795398406428
52.812,0.11848795398406428
52.816,0.11848795398406428
52.82,0.11848795398406428
52.824,0.11848795398406428
52.828,0.11848795398406428
52.832,0.11848795398406428
52.836,0.11848795398406428
52.84,0.11848795398406428
52.844,0.11848795398406428
52.848,0.11848795398406428
52.852,0.11848795398406428
52.856,0.11848795398406428
52.86,0.11848795398406428
52.864,0.11848795398406428
52.868,0.11848795398406428
52.872,0.11848795398406428
52.876,0.11848795398406428
52.88,0.11848795398406428
52.884,0.11848795398406428
52.888,0.11848795398406428
52.892,0.11848795398406428
52.896,0.11848795398406428
52.9,0.11848795398406428
52.904,0.11848795398406428
52.908,0.11848795398406428
52.912,0.11848795398406428
52.916,0.11848795398406428
52.92,0.11848795398406428
52.924,0.11848795398406428
52.928,0.11848795398406428
52.932,0.11848795398406428
52.936,0.11848795398406428
52.94,0.11848795398406428
52.944,0.11848795398406428
52.948,0.11848795398406428
52.952,0.11848795398406428
52.956,0.11848795398406428
52.96,0.11848795398406428
52.964,0.11848795398406428
52.968,0.11848795398406428
52.972,0.11848795398406428
52.976,0.11848795398406428
52.98,0.11848795398406428
52.984,0.11848795398406428
52.988,0.11848795398406428
52.992,0.11848795398406428
52.996,0.11848795398406428
53.0,0.11848795398406428
53.004,0.11848795398406428
53.008,0.11848795398406428
53.012,0.11848795398406428
53.016,0.11848795398406428
53.02,0.11848795398406428
53.024,0.11848795398406428
53.028,0.11848795398406428
53.032,0.11848795398406428
53.036,0.11848795398406428
53.04,0.11848795398406428
53.044,0.11848795398406428
53.048,0.11848795398406428
53.052,0.11848795398406428
53.056,0.11848795398406428
53.06,0.11848795398406428
53.064,0.11848795398406428
53.068,0.11848795398406428
53.072,0.11848795398406428
53.076,0.11848795398406428
53.08,0.11848795398406428
53.084,0.11848795398406428
53.088,0.11848795398406428
53.092,0.11848795398406428
53.096,0.11848795398406428
53.1,0.11848795398406428
53.104,0.11848795398406428
53.108,0.11848795398406428
53.112,0.11848795398406428
53.116,0.11848795398406428
53.12,0.11848795398406428
53.124,0.11848795398406428
53.128,0.11848795398406428
53.132,0.11848795398406428
53.136,0.11848795398406428
53.14,0.11848795398406428
53.144,0.11848795398406428
53.148,0.11848795398406428
53.152,0.11848795398406428
53.156,0.11848795398406428
53.16,0.11848795398406428
53.164,0.11848795398406428
53.168,0.11848795398406428
53.172,0.11848795398406428
53.176,0.11848795398406428
53.18,0.11848795398406428
53.184,0.11848795398406428
53.188,0.11848795398406428
53.192,0.11848795398406428
53.196,0.11848795398406428
53.2,0.11848795398406428
53.204,0.11848795398406428
53.208,0.11848795398406428
53.212,0.11848795398406428
53.216,0.11848795398406428
53.22,0.11848795398406428
53.224,0.11848795398406428
53.228,0.11848795398406428
53.232,0.11848795398406428
53.236,0.11848795398406428
53.24,0.11848795398406428
53.244,0.11848795398406428
53.248,0.11848795398406428
53.252,0.11848795398406428
53.256,0.11848795398406428
53.26,0.11848795398406428
53.264,0.11848795398406428
53.268,0.11848795398406428
53.272,0.11848795398406428
53.276,0.11848795398406428
53.28,0.11848795398406428
53.284,0.11848795398406428
53.288,0.11848795398406428
53.292,0.11848795398406428
53.296,0.11848795398406428
53.3,0.11848795398406428
53.304,0.11848795398406428
53.308,0.11848795398406428
53.312,0.11848795398406428
53.316,0.11848795398406428
53.32,0.11848795398406428
53.324,0.11848795398406428
53.328,0.11848795398406428
53.332,0.11848795398406428
53.336,0.11848795398406428
53.34,0.11848795398406428
53.344,0.11848795398406428
53.348,0.11848795398406428
53.352,0.11848795398406428
53.356,0.11848795398406428
53.36,0.11848795398406428
53.364,0.11848795398406428
53.368,0.11848795398406428
53.372,0.11848795398406428
53.376,0.11848795398406428
53.38,0.11848795398406428
53.384,0.11848795398406428
53.388,0.11848795398406428
53.392,0.11848795398406428
53.396,0.11848795398406428
53.4,0.11848795398406428
53.404,0.11848795398406428
53.408,0.11848795398406428
53.412,0.11848795398406428
53.416,0.11848795398406428
53.42,0.11848795398406428
53.424,0.11848795398406428
53.428,0.11848795398406428
53.432,0.11848795398406428
53.436,0.11848795398406428
53.44,0.11848795398406428
53.444,0.11848795398406428
53.448,0.11848795398406428
53.452,0.11848795398406428
53.456,0.11848795398406428
53.46,0.11848795398406428
53.464,0.11848795398406428
53.468,0.11848795398406428
53.472,0.11848795398406428
53.476,0.11848795398406428
53.48,0.11848795398406428
53.484,0.11848795398406428
53.488,0.11848795398406428
53.492,0.11848795398406428
53.496,0.11848795398406428
53.5,0.11848795398406428
53.504,0.11848795398406428
53.508,0.11848795398406428
53.512,0.11848795398406428
53.516,0.11848795398406428
53.52,0.11848795398406428
53.524,0.11848795398406428
53.528,0.11848795398406428
53.532,0.11848795398406428
53.536,0.11848795398406428
53.54,0.11848795398406428
53.544,0.11848795398406428
53.548,0.11848795398406428
53.552,0.11848795398406428
53.556,0.11848795398406428
53.56,0.11848795398406428
53.564,0.11848795398406428
53.568,0.11848795398406428
53.572,0.11848795398406428
53.576,0.11848795398406428
53.58,0.11848795398406428
53.584,0.11848795398406428
53.588,0.11848795398406428
53.592,0.11848795398406428
53.596,0.11848795398406428
53.6,0.11848795398406428
53.604,0.11848795398406428
53.608,0.11848795398406428
53.612,0.11848795398406428
53.616,0.11848795398406428
53.62,0.11848795398406428
53.624,0.11848795398406428
53.628,0.11848795398406428
53.632,0.11848795398406428
53.636,0.11848795398406428
53.64,0.11848795398406428
53.644,0.11848795398406428
53.648,0.11848795398406428
53.652,0.11848795398406428
53.656,0.11848795398406428
53.66,0.11848795398406428
53.664,0.11848795398406428
53.668,0.11848795398406428
53.672,0.11848795398406428
53.676,0.11848795398406428
53.68,0.11848795398406428
53.684,0.11848795398406428
53.688,0.11848795398406428
53.692,0.11848795398406428
53.696,0.11848795398406428
53.7,0.11848795398406428
53.704,0.11848795398406428
53.708,0.11848795398406428
53.712,0.11848795398406428
53.716,0.11848795398406428
53.72,0.11848795398406428
53.724,0.11848795398406428
53.728,0.11848795398406428
53.732,0.11848795398406428
53.736,0.11848795398406428
53.74,0.11848795398406428
53.744,0.11848795398406428
53.748,0.11848795398406428
53.752,0.11848795398406428
53.756,0.11848795398406428
53.76,0.11848795398406428
53.764,0.11848795398406428
53.768,0.11848795398406428
53.772,0.11848795398406428
53.776,0.11848795398406428
53.78,0.11848795398406428
53.784,0.11848795398406428
53.788,0.11848795398406428
53.792,0.11848795398406428
53.796,0.11848795398406428
53.8,0.11848795398406428
53.804,0.11848795398406428
53.808,0.11848795398406428
53.812,0.11848795398406428
53.816,0.11848795398406428
53.82,0.11848795398406428
53.824,0.11848795398406428
53.828,0.11848795398406428
53.832,0.11848795398406428
53.836,0.11848795398406428
53.84,0.11848795398406428
53.844,0.11848795398406428
53.848,0.11848795398406428
53.852,0.11848795398406428
53.856,0.11848795398406428
53.86,0.11848795398406428
53.864,0.11848795398406428
53.868,0.11848795398406428
53.872,0.11848795398406428
53.876,0.11848795398406428
53.88,0.11848795398406428
53.884,0.11848795398406428
53.888,0.11848795398406428
53.892,0.11848795398406428
53.896,0.11848795398406428
53.9,0.11848795398406428
53.904,0.11848795398406428
53.908,0.11848795398406428
53.912,0.11848795398406428
53.916,0.11848795398406428
53.92,0.11848795398406428
53.924,0.11848795398406428
53.928,0.11848795398406428
53.932,0.11848795398406428
53.936,0.11848795398406428
53.94,0.11848795398406428
53.944,0.11848795398406428
53.948,0.11848795398406428
53.952,0.11848795398406428
53.956,0.11848795398406428
53.96,0.11848795398406428
53.964,0.11848795398406428
53.968,0.11848795398406428
53.972,0.11848795398406428
53.976,0.11848795398406428
53.98,0.11848795398406428
53.984,0.11848795398406428
53.988,0.11848795398406428
53.992,0.11848795398406428
53.996,0.11848795398406428
54.0,0.11848795398406428
54.004,0.11848795398406428
54.008,0.11848795398406428
54.012,0.11848795398406428
54.016,0.11848795398406428
54.02,0.11848795398406428
54.024,0.11848795398406428
54.028,0.11848795398406428
54.032,0.11848795398406428
54.036,0.11848795398406428
54.04,0.11848795398406428
54.044,0.11848795398406428
54.048,0.11848795398406428
54.052,0.11848795398406428
54.056,0.11848795398406428
54.06,0.11848795398406428
54.064,0.11848795398406428
54.068,0.11848795398406428
54.072,0.11848795398406428
54.076,0.11848795398406428
54.08,0.11848795398406428
54.084,0.11848795398406428
54.088,0.11848795398406428
54.092,0.11848795398406428
54.096,0.11848795398406428
54.1,0.11848795398406428
54.104,0.11848795398406428
54.108,0.11848795398406428
54.112,0.11848795398406428
54.116,0.11848795398406428
54.12,0.11848795398406428
54.124,0.11848795398406428
54.128,0.11848795398406428
54.132,0.11848795398406428
54.136,0.11848795398406428
54.14,0.11848795398406428
54.144,0.11848795398406428
54.148,0.11848795398406428
54.152,0.11848795398406428
54.156,0.11848795398406428
54.16,0.11848795398406428
54.164,0.11848795398406428
54.168,0.11848795398406428
54.172,0.11848795398406428
54.176,0.11848795398406428
54.18,0.11848795398406428
54.184,0.11848795398406428
54.188,0.11848795398406428
54.192,0.11848795398406428
54.196,0.11848795398406428
54.2,0.11848795398406428
54.204,0.11848795398406428
54.208,0.11848795398406428
54.212,0.11848795398406428
54.216,0.11848795398406428
54.22,0.11848795398406428
54.224,0.11848795398406428
54.228,0.11848795398406428
54.232,0.11848795398406428
54.236,0.11848795398406428
54.24,0.11848795398406428
54.244,0.11848795398406428
54.248,0.11848795398406428
54.252,0.11848795398406428
54.256,0.11848795398406428
54.26,0.11848795398406428
54.264,0.11848795398406428
54.268,0.11848795398406428
54.272,0.11848795398406428
54.276,0.11848795398406428
54.28,0.11848795398406428
54.284,0.11848795398406428
54.288,0.11848795398406428
54.292,0.11848795398406428
54.296,0.11848795398406428
54.3,0.11848795398406428
54.304,0.11848795398406428
54.308,0.11848795398406428
54.312,0.11848795398406428
54.316,0.11848795398406428
54.32,0.11848795398406428
54.324,0.11848795398406428
54.328,0.11848795398406428
54.332,0.11848795398406428
54.336,0.11848795398406428
54.34,0.11848795398406428
54.344,0.11848795398406428
54.348,0.11848795398406428
54.352,0.11848795398406428
54.356,0.11848795398406428
54.36,0.11848795398406428
54.364,0.11848795398406428
54.368,0.11848795398406428
54.372,0.11848795398406428
54.376,0.11848795398406428
54.38,0.11848795398406428
54.384,0.11848795398406428
54.388,0.11848795398406428
54.392,0.11848795398406428
54.396,0.11848795398406428
54.4,0.11848795398406428
54.404,0.11848795398406428
54.408,0.11848795398406428
54.412,0.11848795398406428
54.416,0.11848795398406428
54.42,0.11848795398406428
54.424,0.11848795398406428
54.428,0.11848795398406428
54.432,0.11848795398406428
54.436,0.11848795398406428
54.44,0.11848795398406428
54.444,0.11848795398406428
54.448,0.11848795398406428
54.452,0.11848795398406428
54.456,0.11848795398406428
54.46,0.11848795398406428
54.464,0.11848795398406428
54.468,0.11848795398406428
54.472,0.11848795398406428
54.476,0.11848795398406428
54.48,0.11848795398406428
54.484,0.11848795398406428
54.488,0.11848795398406428
54.492,0.11848795398406428
54.496,0.11848795398406428
54.5,0.11848795398406428
54.504,0.11848795398406428
54.508,0.11848795398406428
54.512,0.11848795398406428
54.516,0.11848795398406428
54.52,0.11848795398406428
54.524,0.11848795398406428
54.528,0.11848795398406428
54.532,0.11848795398406428
54.536,0.11848795398406428
54.54,0.11848795398406428
54.544,0.11848795398406428
54.548,0.11848795398406428
54.552,0.11848795398406428
54.556,0.11848795398406428
54.56,0.11848795398406428
54.564,0.11848795398406428
54.568,0.11848795398406428
54.572,0.11848795398406428
54.576,0.11848795398406428
54.58,0.11848795398406428
54.584,0.11848795398406428
54.588,0.11848795398406428
54.592,0.11848795398406428
54.596,0.11848795398406428
54.6,0.11848795398406428
54.604,0.11848795398406428
54.608,0.11848795398406428
54.612,0.11848795398406428
54.616,0.11848795398406428
54.62,0.11848795398406428
54.624,0.11848795398406428
54.628,0.11848795398406428
54.632,0.11848795398406428
54.636,0.11848795398406428
54.64,0.11848795398406428
54.644,0.11848795398406428
54.648,0.11848795398406428
54.652,0.11848795398406428
54.656,0.11848795398406428
54.66,0.11848795398406428
54.664,0.11848795398406428
54.668,0.11848795398406428
54.672,0.11848795398406428
54.676,0.11848795398406428
54.68,0.11848795398406428
54.684,0.11848795398406428
54.688,0.11848795398406428
54.692,0.11848795398406428
54.696,0.11848795398406428
54.7,0.11848795398406428
54.704,0.11848795398406428
54.708,0.11848795398406428
54.712,0.11848795398406428
54.716,0.11848795398406428
54.72,0.11848795398406428
54.724,0.11848795398406428
54.728,0.11848795398406428
54.732,0.11848795398406428
54.736,0.11848795398406428
54.74,0.11848795398406428
54.744,0.11848795398406428
54.748,0.11848795398406428
54.752,0.11848795398406428
54.756,0.11848795398406428
54.76,0.11848795398406428
54.764,0.11848795398406428
54.768,0.11848795398406428
54.772,0.11848795398406428
54.776,0.11848795398406428
54.78,0.11848795398406428
54.784,0.11848795398406428
54.788,0.11848795398406428
54.792,0.11848795398406428
54.796,0.11848795398406428
54.8,0.11848795398406428
54.804,0.11848795398406428
54.808,0.11848795398406428
54.812,0.11848795398406428
54.816,0.11848795398406428
54.82,0.11848795398406428
54.824,0.11848795398406428
54.828,0.11848795398406428
54.832,0.11848795398406428
54.836,0.11848795398406428
54.84,0.11848795398406428
54.844,0.11848795398406428
54.848,0.11848795398406428
54.852,0.11848795398406428
54.856,0.11848795398406428
54.86,0.11848795398406428
54.864,0.11848795398406428
54.868,0.11848795398406428
54.872,0.11848795398406428
54.876,0.11848795398406428
54.88,0.11848795398406428
54.884,0.11848795398406428
54.888,0.11848795398406428
54.892,0.11848795398406428
54.896,0.11848795398406428
54.9,0.11848795398406428
54.904,0.11848795398406428
54.908,0.11848795398406428
54.912,0.11848795398406428
54.916,0.11848795398406428
54.92,0.11848795398406428
54.924,0.11848795398406428
54.928,0.11848795398406428
54.932,0.11848795398406428
54.936,0.11848795398406428
54.94,0.11848795398406428
54.944,0.11848795398406428
54.948,0.11848795398406428
54.952,0.11848795398406428
54.956,0.11848795398406428
54.96,0.11848795398406428
54.964,0.11848795398406428
54.968,0.11848795398406428
54.972,0.11848795398406428
54.976,0.11848795398406428
54.98,0.11848795398406428
54.984,0.11848795398406428
54.988,0.11848795398406428
54.992,0.11848795398406428
54.996,0.11848795398406428
55.0,0.11848795398406428
55.004,0.11848795398406428
55.008,0.11848795398406428
55.012,0.11848795398406428
55.016,0.11848795398406428
55.02,0.11848795398406428
55.024,0.11848795398406428
55.028,0.11848795398406428
55.032,0.11848795398406428
55.036,0.11848795398406428
55.04,0.11848795398406428
55.044,0.11848795398406428
55.048,0.11848795398406428
55.052,0.11848795398406428
55.056,0.11848795398406428
55.06,0.11848795398406428
55.064,0.11848795398406428
55.068,0.11848795398406428
55.072,0.11848795398406428
55.076,0.11848795398406428
55.08,0.11848795398406428
55.084,0.11848795398406428
55.088,0.11848795398406428
55.092,0.11848795398406428
55.096,0.11848795398406428
55.1,0.11848795398406428
55.104,0.11848795398406428
55.108,0.11848795398406428
55.112,0.11848795398406428
55.116,0.11848795398406428
55.12,0.11848795398406428
55.124,0.11848795398406428
55.128,0.11848795398406428
55.132,0.11848795398406428
55.136,0.11848795398406428
55.14,0.11848795398406428
55.144,0.11848795398406428
55.148,0.11848795398406428
55.152,0.11848795398406428
55.156,0.11848795398406428
55.16,0.11848795398406428
55.164,0.11848795398406428
55.168,0.11848795398406428
55.172,0.11848795398406428
55.176,0.11848795398406428
55.18,0.11848795398406428
55.184,0.11848795398406428
55.188,0.11848795398406428
55.192,0.11848795398406428
55.196,0.11848795398406428
55.2,0.11848795398406428
55.204,0.11848795398406428
55.208,0.11848795398406428
55.212,0.11848795398406428
55.216,0.11848795398406428
55.22,0.11848795398406428
55.224,0.11848795398406428
55.228,0.11848795398406428
55.232,0.11848795398406428
55.236,0.11848795398406428
55.24,0.11848795398406428
55.244,0.11848795398406428
55.248,0.11848795398406428
55.252,0.11848795398406428
55.256,0.11848795398406428
55.26,0.11848795398406428
55.264,0.11848795398406428
55.268,0.11848795398406428
55.272,0.11848795398406428
55.276,0.11848795398406428
55.28,0.11848795398406428
55.284,0.11848795398406428
55.288,0.11848795398406428
55.292,0.11848795398406428
55.296,0.11848795398406428
55.3,0.11848795398406428
55.304,0.11848795398406428
55.308,0.11848795398406428
55.312,0.11848795398406428
55.316,0.11848795398406428
55.32,0.11848795398406428
55.324,0.11848795398406428
55.328,0.11848795398406428
55.332,0.11848795398406428
55.336,0.11848795398406428
55.34,0.11848795398406428
55.344,0.11848795398406428
55.348,0.11848795398406428
55.352,0.11848795398406428
55.356,0.11848795398406428
55.36,0.11848795398406428
55.364,0.11848795398406428
55.368,0.11848795398406428
55.372,0.11848795398406428
55.376,0.11848795398406428
55.38,0.11848795398406428
55.384,0.11848795398406428
55.388,0.11848795398406428
55.392,0.11848795398406428
55.396,0.11848795398406428
55.4,0.11848795398406428
55.404,0.11848795398406428
55.408,0.11848795398406428
55.412,0.11848795398406428
55.416,0.11848795398406428
55.42,0.11848795398406428
55.424,0.11848795398406428
55.428,0.11848795398406428
55.432,0.11848795398406428
55.436,0.11848795398406428
55.44,0.11848795398406428
55.444,0.11848795398406428
55.448,0.11848795398406428
55.452,0.11848795398406428
55.456,0.11848795398406428
55.46,0.11848795398406428
55.464,0.11848795398406428
55.468,0.11848795398406428
55.472,0.11848795398406428
55.476,0.11848795398406428
55.48,0.11848795398406428
55.484,0.11848795398406428
55.488,0.11848795398406428
55.492,0.11848795398406428
55.496,0.11848795398406428
55.5,0.11848795398406428
55.504,0.11848795398406428
55.508,0.11848795398406428
55.512,0.11848795398406428
55.516,0.11848795398406428
55.52,0.11848795398406428
55.524,0.11848795398406428
55.528,0.11848795398406428
55.532,0.11848795398406428
55.536,0.11848795398406428
55.54,0.11848795398406428
55.544,0.11848795398406428
55.548,0.11848795398406428
55.552,0.11848795398406428
55.556,0.11848795398406428
55.56,0.11848795398406428
55.564,0.11848795398406428
55.568,0.11848795398406428
55.572,0.11848795398406428
55.576,0.11848795398406428
55.58,0.11848795398406428
55.584,0.11848795398406428
55.588,0.11848795398406428
55.592,0.11848795398406428
55.596,0.11848795398406428
55.6,0.11848795398406428
55.604,0.11848795398406428
55.608,0.11848795398406428
55.612,0.11848795398406428
55.616,0.11848795398406428
55.62,0.11848795398406428
55.624,0.11848795398406428
55.628,0.11848795398406428
55.632,0.11848795398406428
55.636,0.11848795398406428
55.64,0.11848795398406428
55.644,0.11848795398406428
55.648,0.11848795398406428
55.652,0.11848795398406428
55.656,0.11848795398406428
55.66,0.11848795398406428
55.664,0.11848795398406428
55.668,0.11848795398406428
55.672,0.11848795398406428
55.676,0.11848795398406428
55.68,0.11848795398406428
55.684,0.11848795398406428
55.688,0.11848795398406428
55.692,0.11848795398406428
55.696,0.11848795398406428
55.7,0.11848795398406428
55.704,0.11848795398406428
55.708,0.11848795398406428
55.712,0.11848795398406428
55.716,0.11848795398406428
55.72,0.11848795398406428
55.724,0.11848795398406428
55.728,0.11848795398406428
55.732,0.11848795398406428
55.736,0.11848795398406428
55.74,0.11848795398406428
55.744,0.11848795398406428
55.748,0.11848795398406428
55.752,0.11848795398406428
55.756,0.11848795398406428
55.76,0.11848795398406428
55.764,0.11848795398406428
55.768,0.11848795398406428
55.772,0.11848795398406428
55.776,0.11848795398406428
55.78,0.11848795398406428
55.784,0.11848795398406428
55.788,0.11848795398406428
55.792,0.11848795398406428
55.796,0.11848795398406428
55.8,0.11848795398406428
55.804,0.11848795398406428
55.808,0.11848795398406428
55.812,0.11848795398406428
55.816,0.11848795398406428
55.82,0.11848795398406428
55.824,0.11848795398406428
55.828,0.11848795398406428
55.832,0.11848795398406428
55.836,0.11848795398406428
55.84,0.11848795398406428
55.844,0.11848795398406428
55.848,0.11848795398406428
55.852,0.11848795398406428
55.856,0.11848795398406428
55.86,0.11848795398406428
55.864,0.11848795398406428
55.868,0.11848795398406428
55.872,0.11848795398406428
55.876,0.11848795398406428
55.88,0.11848795398406428
55.884,0.11848795398406428
55.888,0.11848795398406428
55.892,0.11848795398406428
55.896,0.11848795398406428
55.9,0.11848795398406428
55.904,0.11848795398406428
55.908,0.11848795398406428
55.912,0.11848795398406428
55.916,0.11848795398406428
55.92,0.11848795398406428
55.924,0.11848795398406428
55.928,0.11848795398406428
55.932,0.11848795398406428
55.936,0.11848795398406428
55.94,0.11848795398406428
55.944,0.11848795398406428
55.948,0.11848795398406428
55.952,0.11848795398406428
55.956,0.11848795398406428
55.96,0.11848795398406428
55.964,0.11848795398406428
55.968,0.11848795398406428
55.972,0.11848795398406428
55.976,0.11848795398406428
55.98,0.11848795398406428
55.984,0.11848795398406428
55.988,0.11848795398406428
55.992,0.11848795398406428
55.996,0.11848795398406428
56.0,0.11848795398406428
56.004,0.11848795398406428
56.008,0.11848795398406428
56.012,0.11848795398406428
56.016,0.11848795398406428
56.02,0.11848795398406428
56.024,0.11848795398406428
56.028,0.11848795398406428
56.032,0.11848795398406428
56.036,0.11848795398406428
56.04,0.11848795398406428
56.044,0.11848795398406428
56.048,0.11848795398406428
56.052,0.11848795398406428
56.056,0.11848795398406428
56.06,0.11848795398406428
56.064,0.11848795398406428
56.068,0.11848795398406428
56.072,0.11848795398406428
56.076,0.11848795398406428
56.08,0.11848795398406428
56.084,0.11848795398406428
56.088,0.11848795398406428
56.092,0.11848795398406428
56.096,0.11848795398406428
56.1,0.11848795398406428
56.104,0.11848795398406428
56.108,0.11848795398406428
56.112,0.11848795398406428
56.116,0.11848795398406428
56.12,0.11848795398406428
56.124,0.11848795398406428
56.128,0.11848795398406428
56.132,0.11848795398406428
56.136,0.11848795398406428
56.14,0.11848795398406428
56.144,0.11848795398406428
56.148,0.11848795398406428
56.152,0.11848795398406428
56.156,0.11848795398406428
56.16,0.11848795398406428
56.164,0.11848795398406428
56.168,0.11848795398406428
56.172,0.11848795398406428
56.176,0.11848795398406428
56.18,0.11848795398406428
56.184,0.11848795398406428
56.188,0.11848795398406428
56.192,0.11848795398406428
56.196,0.11848795398406428
56.2,0.11848795398406428
56.204,0.11848795398406428
56.208,0.11848795398406428
56.212,0.11848795398406428
56.216,0.11848795398406428
56.22,0.11848795398406428
56.224,0.11848795398406428
56.228,0.11848795398406428
56.232,0.11848795398406428
56.236,0.11848795398406428
56.24,0.11848795398406428
56.244,0.11848795398406428
56.248,0.11848795398406428
56.252,0.11848795398406428
56.256,0.11848795398406428
56.26,0.11848795398406428
56.264,0.11848795398406428
56.268,0.11848795398406428
56.272,0.11848795398406428
56.276,0.11848795398406428
56.28,0.11848795398406428
56.284,0.11848795398406428
56.288,0.11848795398406428
56.292,0.11848795398406428
56.296,0.11848795398406428
56.3,0.11848795398406428
56.304,0.11848795398406428
56.308,0.11848795398406428
56.312,0.11848795398406428
56.316,0.11848795398406428
56.32,0.11848795398406428
56.324,0.11848795398406428
56.328,0.11848795398406428
56.332,0.11848795398406428
56.336,0.11848795398406428
56.34,0.11848795398406428
56.344,0.11848795398406428
56.348,0.11848795398406428
56.352,0.11848795398406428
56.356,0.11848795398406428
56.36,0.11848795398406428
56.364,0.11848795398406428
56.368,0.11848795398406428
56.372,0.11848795398406428
56.376,0.11848795398406428
56.38,0.11848795398406428
56.384,0.11848795398406428
56.388,0.11848795398406428
56.392,0.11848795398406428
56.396,0.11848795398406428
56.4,0.11848795398406428
56.404,0.11848795398406428
56.408,0.11848795398406428
56.412,0.11848795398406428
56.416,0.11848795398406428
56.42,0.11848795398406428
56.424,0.11848795398406428
56.428,0.11848795398406428
56.432,0.11848795398406428
56.436,0.11848795398406428
56.44,0.11848795398406428
56.444,0.11848795398406428
56.448,0.11848795398406428
56.452,0.11848795398406428
56.456,0.11848795398406428
56.46,0.11848795398406428
56.464,0.11848795398406428
56.468,0.11848795398406428
56.472,0.11848795398406428
56.476,0.11848795398406428
56.48,0.11848795398406428
56.484,0.11848795398406428
56.488,0.11848795398406428
56.492,0.11848795398406428
56.496,0.11848795398406428
56.5,0.11848795398406428
56.504,0.11848795398406428
56.508,0.11848795398406428
56.512,0.11848795398406428
56.516,0.11848795398406428
56.52,0.11848795398406428
56.524,0.11848795398406428
56.528,0.11848795398406428
56.532,0.11848795398406428
56.536,0.11848795398406428
56.54,0.11848795398406428
56.544,0.11848795398406428
56.548,0.11848795398406428
56.552,0.11848795398406428
56.556,0.11848795398406428
56.56,0.11848795398406428
56.564,0.11848795398406428
56.568,0.11848795398406428
56.572,0.11848795398406428
56.576,0.11848795398406428
56.58,0.11848795398406428
56.584,0.11848795398406428
56.588,0.11848795398406428
56.592,0.11848795398406428
56.596,0.11848795398406428
56.6,0.11848795398406428
56.604,0.11848795398406428
56.608,0.11848795398406428
56.612,0.11848795398406428
56.616,0.11848795398406428
56.62,0.11848795398406428
56.624,0.11848795398406428
56.628,0.11848795398406428
56.632,0.11848795398406428
56.636,0.11848795398406428
56.64,0.11848795398406428
56.644,0.11848795398406428
56.648,0.11848795398406428
56.652,0.11848795398406428
56.656,0.11848795398406428
56.66,0.11848795398406428
56.664,0.11848795398406428
56.668,0.11848795398406428
56.672,0.11848795398406428
56.676,0.11848795398406428
56.68,0.11848795398406428
56.684,0.11848795398406428
56.688,0.11848795398406428
56.692,0.11848795398406428
56.696,0.11848795398406428
56.7,0.11848795398406428
56.704,0.11848795398406428
56.708,0.11848795398406428
56.712,0.11848795398406428
56.716,0.11848795398406428
56.72,0.11848795398406428
56.724,0.11848795398406428
56.728,0.11848795398406428
56.732,0.11848795398406428
56.736,0.11848795398406428
56.74,0.11848795398406428
56.744,0.11848795398406428
56.748,0.11848795398406428
56.752,0.11848795398406428
56.756,0.11848795398406428
56.76,0.11848795398406428
56.764,0.11848795398406428
56.768,0.11848795398406428
56.772,0.11848795398406428
56.776,0.11848795398406428
56.78,0.11848795398406428
56.784,0.11848795398406428
56.788,0.11848795398406428
56.792,0.11848795398406428
56.796,0.11848795398406428
56.8,0.11848795398406428
56.804,0.11848795398406428
56.808,0.11848795398406428
56.812,0.11848795398406428
56.816,0.11848795398406428
56.82,0.11848795398406428
56.824,0.11848795398406428
56.828,0.11848795398406428
56.832,0.11848795398406428
56.836,0.11848795398406428
56.84,0.11848795398406428
56.844,0.11848795398406428
56.848,0.11848795398406428
56.852,0.11848795398406428
56.856,0.11848795398406428
56.86,0.11848795398406428
56.864,0.11848795398406428
56.868,0.11848795398406428
56.872,0.11848795398406428
56.876,0.11848795398406428
56.88,0.11848795398406428
56.884,0.11848795398406428
56.888,0.11848795398406428
56.892,0.11848795398406428
56.896,0.11848795398406428
56.9,0.11848795398406428
56.904,0.11848795398406428
56.908,0.11848795398406428
56.912,0.11848795398406428
56.916,0.11848795398406428
56.92,0.11848795398406428
56.924,0.11848795398406428
56.928,0.11848795398406428
56.932,0.11848795398406428
56.936,0.11848795398406428
56.94,0.11848795398406428
56.944,0.11848795398406428
56.948,0.11848795398406428
56.952,0.11848795398406428
56.956,0.11848795398406428
56.96,0.11848795398406428
56.964,0.11848795398406428
56.968,0.11848795398406428
56.972,0.11848795398406428
56.976,0.11848795398406428
56.98,0.11848795398406428
56.984,0.11848795398406428
56.988,0.11848795398406428
56.992,0.11848795398406428
56.996,0.11848795398406428
57.0,-0.20267379594442178
57.004,-0.06682084759133951
57.008,-0.1348878046753677
57.012,0.6169955220073169
57.016,0.06440459205514422
57.02,0.2207617455377643
57.024,-0.04534151587539433
57.028,0.1733078484536055
57.032,0.20140578667078013
57.036,-0.23634579924555524
57.04,0.7103153144788947
57.044,-0.08432476725578537
57.048,0.4073795941737491
57.052,-0.5129997874732037
57.056,0.27736446635502715
57.06,0.41707179912373116
57.064,0.11129542200057492
57.068,0.42667892437787197
57.072,-0.2838843761371202
57.076,0.20617161474594287
57.08,-0.5912501550181253
57.084,0.060407675456470356
57.088,-0.3102983385388361
57.092,0.001910390374275088
57.096,0.5666237863258047
57.1,0.7482597278890337
57.104,-0.46201996084791797
57.108,0.5544434348713395
57.112,0.6355967602441921
57.116,0.2337348734466029
57.12,0.6265778114940039
57.124,-0.037330668999840055
57.128,-0.06312841953597595
57.132,-0.06685931124974936
57.136,0.43165619992002346
57.14,0.11229017798807997
57.144,-0.1299317370863827
57.148,-0.12990898259489497
57.152,0.13696972781655153
57.156,-0.21479789543474892
57.16,0.38718198416628
57.164,0.6037427483597974
57.168,0.46662983063502994
57.172,1.2354450665747283
57.176,0.21364300920666263
57.18,0.7181764287006658
57.184,0.09740079548712641
57.188,-0.10067027825213326
57.192,0.07850613542498133
57.196,0.08368226452831695
57.2,-0.03908225543656045
57.204,-0.4353525049330897
57.208,-0.38830078907407917
57.212,0.44442733130860695
57.216,0.3350854716170198
57.22,0.7158786253172384
57.224,-0.16190758135306046
57.228,-0.2016222454563422
57.232,-0.46439277552714125
57.236,0.43064032353927645
57.24,-0.35477475252234286
57.244,-0.028378630812687555
57.248,0.13254019218061808
57.252,-0.6199490348637741
57.256,0.31264471176133846
57.26,0.42045234686696126
57.264,0.110804639540549
57.268,-0.031018884751490488
57.272,-0.010328949937314275
57.276,0.5625866934427586
57.28,0.003242472150515239
57.284,-0.04869921179753037
57.288,-0.32766220922719236
57.292,-1.2084778065188755
57.296,0.32104970395272825
57.3,-0.14317129720167354
57.304,-0.5026650068029052
57.308,0.7485341670376141
57.312,0.14423259870525107
57.316,-0.009951215343112024
57.32,0.6023655266554141
57.324,0.5002913718033144
57.328,0.6607700275368602
57.332,0.492477026055114
57.336,1.1850120091363725
57.34,1.367604813862216
57.344,0.7331901868532742
57.348,0.10738366539965105
57.352,1.0511233054273106
57.356,0.6990068684348012
57.36,0.5951099323638126
57.364,0.11670533921449318
57.368,0.361817868215342
57.372,-0.37976828778654925
57.376,-0.26848101062546137
57.38,-0.6653454993506582
57.384,0.22410340609531806
57.388,-0.19973879349920828
57.392,-0.06135914602338138
57.396,0.09629441017711031
57.4,-0.13259780942936772
57.404,0.30770249101934355
57.408,0.6564995190432339
57.412,0.39439221518246187
57.416,-0.6921919081465101
57.42,0.03826316949739431
57.424,0.05605140642829122
57.428,0.5169773029387172
57.432,-0.22215155018016197
57.436,-0.41172997399479955
57.44,0.345195235697396
57.444,-0.005869267352157938
57.448,-0.24418081450505452
57.452,-0.09279198781225548
57.456,-0.5651627009990393
57.46,0.062278511927360974
57.464,-0.11702327064548322
57.468,0.24489292263536233
57.472,-0.07023009366591366
57.476,0.03661517882731193
57.48,-0.17007982392081683
57.484,-0.05829648222523397
57.488,-0.4192609880433125
57.492,0.45025709516348306
57.496,0.03096677419531325
57.5,-0.7136739757116008
57.504,-0.5641623280639542
57.508,0.4885968435084561
57.512,0.03944961760513143
57.516,0.10238394098608301
57.52,0.10082406870449447
57.524,0.3080176259741494
57.528,0.7395649817910702
57.532,0.3415460729651699
57.536,0.2856375849578961
57.54,-0.06612854942176447
57.544,-0.4269453093437244
57.548,0.38803287255941815
57.552,0.4463290356989637
57.556,0.6701622588479385
57.56,0.9161000067948339
57.564,-0.2060339391334286
57.568,0.023220839219502465
57.572,0.5334543040056418
57.576,0.26733257883136347
57.58,0.872753248313282
57.584,0.2166694328928867
57.588,1.0976383645113625
57.592,0.32981333275271935
57.596,0.9302998568761133
57.6,-0.6667533396615775
57.604,0.49149022072978826
57.608,0.29102545364064236
57.612,-0.5764890935193202
57.616,0.25253467534031815
57.62,-0.24548419163473645
57.624,0.018260937763443313
57.628,0.3545971663339922
57.632,0.1659092703019982
57.636,0.3368985321300537
57.64,0.25903839535063566
57.644,1.1083005889989184
57.648,0.27584764091291775
57.652,0.18553332009673962
57.656,0.2883485141658826
57.66,0.09665695572324748
57.664,-0.5287472822515995
57.668,0.3582384154407518
57.672,0.5990137584584859
57.676,0.6892874606848122
57.68,0.33348056763737033
57.684,-0.05437622835304318
57.688,0.16126632021769421
57.692,0.7484281535794304
57.696,-0.05439316744538516
57.7,-0.44484770828717
57.704,0.8951847875320569
57.708,-0.38242398303547837
57.712,-0.6043722696174626
57.716,0.15062674450002678
57.72,0.16328852490150936
57.724,0.18164950321135848
57.728,0.3578617781527382
57.732,-0.06009327994492107
57.736,-0.054186746750725774
57.74,-0.2292696754728418
57.744,0.05938986277484472
57.748,0.19342537793103684
57.752,0.37099381189824066
57.756,-0.34308954438561934
57.76,-0.5030194386177851
57.764,0.35678322705507376
57.768,-0.19422065895682122
57.772,-0.3932951868563845
57.776,-0.7366749226569577
57.78,0.5816154902371241
57.784,0.13080705903894102
57.788,0.20771810309955654
57.792,0.17094673223749018
57.796,0.09401863033922846
57.8,-0.004266899478405449
57.804,-0.021019499503171987
57.808,-0.4169539098324531
57.812,-0.7256750479545593
57.816,0.9161057725049279
57.82,0.02293837071794943
57.824,-0.17147711291321735
57.828,-0.332803197410891
57.832,0.41568588572025805
57.836,0.06358855511979396
57.84,-0.35919173699960577
57.844,-0.12848258109264785
57.848,0.12827682586270042
57.852,-0.14875430544434412
57.856,0.3208026650850497
57.86,0.8594596290068515
57.864,-0.15928654985242555
57.868,-0.13190639045283334
57.872,-0.315590970252189
57.876,-0.04973223290487334
57.88,-0.7820806745798008
57.884,0.4383706786339578
57.888,-0.5257568293934715
57.892,-0.31715441137247496
57.896,0.030869444848224622
57.9,0.567146437686596
57.904,-0.3625502442525769
57.908,-0.08096453044526797
57.912,0.12249527496111637
57.916,-0.2681306292534155
57.92,-0.039527242458072424
57.924,-0.6474788851472801
57.928,-0.20947479221211343
57.932,0.5099695952859356
57.936,0.3206118755813766
57.94,-0.16654275924770054
57.944,-0.3917751431505289
57.948,-0.05564121411142493
57.952,-0.5473010648747474
57.956,-0.033240513020336884
57.96,-0.11053706551447648
57.964,-0.10838703159169959
57.968,0.025698497565902798
57.972,0.31271937574600855
57.976,-0.28842818073586174
57.98,0.4964034512093608
57.984,0.5897365783664957
57.988,1.0147475484948334
57.992,0.28702352108694335
57.996,0.7399786983733597
58.0,0.5248995475039689
58.004,0.21439366102564456
58.008,-0.3704572759570259
58.012,0.4707239466810914
58.016,0.207369658982386
58.02,0.8194419771200131
58.024,0.3833424908742114
58.028,0.4839634914652434
58.032,-0.17552608645999224
58.036,0.1449452707584613
58.04,-0.717312414431219
58.044,0.2376920387680863
58.048,0.5180219631227991
58.052,0.5569738597460546
58.056,-0.12254701636513636
58.06,-0.7266100319742075
58.064,-0.21856212990908772
58.068,-0.03187634668885865
58.072,0.15706661783790712
58.076,-0.8067293401618437
58.08,-0.029093330094954843
58.084,-0.43584896556876274
58.088,0.5770069484616097
58.092,-0.9447552093850328
58.096,0.41417136587568115
58.1,-0.04958503548880516
58.104,-0.8204938790615227
58.108,0.6639399331649294
58.112,0.5239234497531875
58.116,0.519411783005123
58.12,0.05010634442949572
58.124,-0.28964557107974115
58.128,0.028652617611865258
58.132,0.1965866148543424
58.136,-0.24684053558399127
58.14,-0.4044617459270602
58.144,0.09523358749050966
58.148,-0.03942910530218548
58.152,0.2474664816903424
58.156,0.45586136370186303
58.16,0.23354335618260647
58.164,-0.5145130316745823
58.168,0.017731049401237008
58.172,0.2995107313817723
58.176,0.6032381950308869
58.18,0.813768495899476
58.184,0.6213065608372902
58.188,0.6552131704674657
58.192,1.3881405042396369
58.196,1.1395304764556147
58.2,0.9932327983379245
58.204,0.4570567603173645
58.208,1.3809482860348288
58.212,0.45289858250300896
58.216,0.1337756195320965
58.22,0.1318809495838138
58.224,-0.14192199964291638
58.228,-0.690122066673702
58.232,-0.11176942123479532
58.236,-0.8327082382111015
58.24,-0.16995155439826168
58.244,-0.789511761542361
58.248,-0.9800668876363202
58.252,0.18887668903524468
58.256,-0.48293085998189667
58.26,0.145562028418354
58.264,0.07482089092504912
58.268,0.07832325364918777
58.272,-0.253617070140881
58.276,-0.03313434799406506
58.28,-0.2677184929201818
58.284,0.37726536349186507
58.288,-0.1743569710385267
58.292,-0.10570117533144055
58.296,0.31059599921577125
58.3,-0.24760992805593549
58.304,-0.7180651529313509
58.308,-0.42243066134534457
58.312,0.40935950218264583
58.316,0.056422720929288746
58.32,0.13232150428779035
58.324,0.13287649706104593
58.328,0.7278093198795734
58.332,-0.8035856371770049
58.336,-0.014386303492593587
58.34,0.04238972661739515
58.344,0.04056558880248948
58.348,0.3682926341956097
58.352,0.3822619105311712
58.356,-0.015754140711141243
58.36,-0.6100983008142472
58.364,1.071699127830771
58.368,0.08869606498031757
58.372,0.13875590148388123
58.376,0.6185400355086619
58.38,-0.016462219874478518
58.384,0.6643121266045563
58.388,0.03296072626499462
58.392,0.902731767365903
58.396,0.3686239313215817
58.4,-0.06473820722514462
58.404,1.0871067399540943
58.408,0.4676440763621861
58.412,-0.0155250492505897
58.416,-0.31632273485957985
58.42,0.546616753763435
58.424,0.8302403839375064
58.428,0.4231694943519173
58.432,0.416473990489189
58.436,0.9093542933104881
58.44,0.5514990565369684
58.444,0.03929574537744607
58.448,0.05777898097260478
58.452,0.5186153291614548
58.456,0.48738284241076535
58.46,0.7174830237471317
58.464,0.4314260368188152
58.468,0.5391648819649633
58.472,0.40350524488562456
58.476,0.6345941282722601
58.48,0.5360229610880382
58.484,0.12135446686255885
58.488,0.12656260539410502
58.492,0.31922695342606655
58.496,0.2321459192900191
58.5,0.7076904705590101
58.504,0.24340205557932743
58.508,-0.4617017986583983
58.512,-0.3582134670476014
58.516,0.014883027279289418
58.52,0.3750560422265643
58.524,-0.21551429853372817
58.528,0.3319206256815053
58.532,-0.237399389508378
58.536,0.12689210250460786
58.54,0.21143401289115407
58.544,-0.41954786029319774
58.548,0.18572476174751212
58.552,0.6816451358522696
58.556,-0.0491260223330515
58.56,0.0609247558768157
58.564,0.12029368814456282
58.568,0.03767830772181759
58.572,0.018032781575219033
58.576,-0.003038737450395769
58.58,-0.6365029993721878
58.584,0.186611832445106
58.588,-0.4221227345248597
58.592,0.1746087280357093
58.596,0.2775931352757986
58.6,0.16399527200167285
58.604,-0.3346833086846828
58.608,0.12175448653265294
58.612,-0.0735797147332949
58.616,-0.23115591459069587
58.62,0.8238805261882465
58.624,-0.3542661038973852
58.628,0.19678693986620385
58.632,0.6331600277820666
58.636,0.13266289442352944
58.64,-0.24872749478871103
58.644,-0.22292287677919934
58.648,-0.5600461748102622
58.652,0.048249689370603074
58.656,0.04767024977745663
58.66,-0.09532760375720332
58.664,0.5718593810915187
58.668,-0.006533782361144592
58.672,-0.6213729608987809
58.676,0.6098194994841774
58.68,-0.4606124161616247
58.684,0.20916598766672836
58.688,0.28746952330851544
58.692,-0.022939728295882197
58.696,0.385265875705195
58.7,0.03902514015807196
58.704,-0.12289465242634504
58.708,-0.821719205089618
58.712,-0.6605549216730661
58.716,1.1239277307323083
58.72,0.30857454263975054
58.724,0.5107099731030006
58.728,1.0226210432994585
58.732,-0.1205993627515532
58.736,-0.037548361883653236
58.74,-0.6420392198375701
58.744,-0.10664160485546237
58.748,-0.08448032267030649
58.752,-0.1388355237826801
58.756,0.4264498717063753
58.76,0.2952561776461987
58.764,0.3847430378642159
58.768,-0.4480961648658768
58.772,0.03064117776245027
58.776,0.1553069352271671
58.78,0.7784940106010835
58.784,0.0804956518395713
58.788,-0.03170446848592725
58.792,0.4673633095331731
58.796,-0.07889156382572898
58.8,0.222128673478766
58.804,0.20963105881634575
58.808,-0.15145719391867818
58.812,-0.2108506595012865
58.816,0.045221172243109814
58.82,-0.0934019637965613
58.824,-0.5145195538442062
58.828,0.3909958845887819
58.832,0.34266863226739674
58.836,-0.16610134098013563
58.84,-0.19146152279512313
58.844,0.3291582487250134
58.848,0.8552728933808036
58.852,0.559796836319537
58.856,0.6284959765756565
58.86,0.015439774031411418
58.864,0.2947581279764908
58.868,0.0548817318148897
58.872,-0.18815128208340898
58.876,0.173029620374008
58.88,-0.28289857415344494
58.884,-0.24669552270798034
58.888,-0.12761075646702685
58.892,-0.10701763744964728
58.896,0.006427462436437888
58.9,-0.8037342791031892
58.904,-0.3640348831854701
58.908,0.6497325080931344
58.912,-0.0020033164656144183
58.916,0.2204509894731299
58.92,0.169039862457868
58.924,-0.037311309199090044
58.928,-0.3489667457776022
58.932,-0.213964862361045
58.936,0.7781781500015524
58.94,-0.20175764291269496
58.944,0.6722229805347306
58.948,-0.17387572413293498
58.952,-0.12725939810672465
58.956,0.02361683041854358
58.96,-0.07352818660275875
58.964,-0.3852387541439973
58.968,-0.0078000596284700015
58.972,-0.5843977251959342
58.976,0.1397387730275818
58.98,0.07881744276545817
58.984,0.27998582571823327
58.988,-0.20462013310987068
58.992,0.2702606484419234
58.996,0.10218844722749085
59.0,-0.0446955557994025
59.004,0.6584767181812018
59.008,0.054771214708265875
59.012,-0.3176834404298073
59.016,0.5193724032837513
59.02,0.19429284622136672
59.024,0.7707519196929273
59.028,-0.5432053399947364
59.032,0.2544115742625904
59.036,0.4452355005361669
59.04,-0.004164645652900978
59.044,0.9781872526650347
59.048,0.8343478396544002
59.052,0.18195071133109697
59.056,0.5200684165314968
59.06,1.2092768166658519
59.064,0.7905455425918189
59.068,-0.005926457280408026
59.072,-0.2133672327504231
59.076,0.3137834098500053
59.08,-0.9077630535176082
59.084,0.022445620641202424
59.088,-0.9710980450871827
59.092,0.4174152262607034
59.096,0.07359547418782761
59.1,-0.8614578986586157
59.104,-0.23613375444574047
59.108,0.10183034139565403
59.112,-0.8082617909900461
59.116,-0.0038966243347521475
59.12,0.18284132337086206
59.124,-0.8336936690361413
59.128,0.2968780797902045
59.132,-0.06089975504660544
59.136,0.3774669633265213
59.14,-0.0926292478468598
59.144,-0.43182040861957793
59.148,-0.4669546986240649
59.152,-0.12952811753551907
59.156,-0.0612062158285608
59.16,0.4365277074516413
59.164,-0.10516284458371242
59.168,-0.6180309940561045
59.172,-0.17353398191998767
59.176,-0.5772319110425234
59.18,0.15539430155593237
59.184,0.26193326605340667
59.188,0.3224708700368135
59.192,-0.07365080517590625
59.196,-0.2560146984538813
59.2,-0.15378884599569564
59.204,0.0054225895867453175
59.208,-0.12404815240221287
59.212,0.7170923431281818
59.216,-0.08754354861604899
59.22,0.03616746865199544
59.224,-0.195988498873422
59.228,-0.17514249129306786
59.232,-0.3807850228599877
59.236,-0.2738271617155249
59.24,0.895607640243827
59.244,0.3926299699957658
59.248,0.03452582852619937
59.252,-0.06882862094579423
59.256,0.6955736448040326
59.26,-0.11957492650484686
59.264,-0.450701970042088
59.268,0.43060581104812107
59.272,-0.10559010878133473
59.276,-0.2579990163455868
59.28,-0.15331974618907568
59.284,0.4466497781889622
59.288,0.25157594889077445
59.292,-0.0982881115033461
59.296,0.48232205630911157
59.3,-0.01895500651706644
59.304,-0.359528760035579
59.308,-0.22104349879987173
59.312,0.3058268948882654
59.316,-0.03321432975555799
59.32,0.3039451378185561
59.324,0.7005936920411466
59.328,0.01401766133037774
59.332,1.3123848779047278
59.336,0.3396514225958719
59.34,0.13777044340821082
59.344,-0.3168655024099585
59.348,0.03710761763670692
59.352,0.07263793142964105
59.356,0.46516645353338465
59.36,-0.1092125842051268
59.364,0.293866358720998
59.368,0.12764960126546102
59.372,0.5015307479458948
59.376,0.5084099175104863
59.38,0.19955542277570348
59.384,0.3611313869578281
59.388,0.5030490272001864
59.392,0.25301019636810135
59.396,0.1643009816197627
59.4,0.21059132822171134
59.404,0.6776616927847121
59.408,0.07015604742425695
59.412,0.322215263290325
59.416,-0.2442011340403978
59.42,0.6064584839892171
59.424,0.1844335489330909
59.428,-0.12037684303028647
59.432,-0.01665686448782986
59.436,-0.07428787247980129
59.44,-0.001358014002935514
59.444,0.08083686855077302
59.448,-0.07055459800565232
59.452,-0.639273476397545
59.456,0.6967193789790361
59.46,0.1015197149137074
59.464,0.10772640350415613
59.468,-0.0012125319214502071
59.472,0.35558336881710717
59.476,0.019233739978952395
59.48,-0.10352093017937088
59.484,-0.10941954663794154
59.488,0.5073640325974426
59.492,0.0740185440775123
59.496,-0.009906849689688062
59.5,-0.1507421484041776
59.504,-0.12022812873549911
59.508,0.433820958344221
59.512,-0.37600959094699876
59.516,0.2661488739494304
59.52,0.2770106068137194
59.524,0.07175809916572509
59.528,-0.09723729560593053
59.532,-0.601109801071028
59.536,0.2653447968575324
59.54,-0.6268272788098874
59.544,0.05935355560738639
59.548,0.02275385821204908
59.552,0.2902002209037824
59.556,-0.36628927351547486
59.56,-0.40253524048732175
59.564,0.23617631024322486
59.568,-0.06634236579813901
59.572,-0.8051802003898318
59.576,0.0028704452311532195
59.58,0.7484227127333529
59.584,0.21509485530534322
59.588,-0.4840450406511112
59.592,0.20787360180873576
59.596,0.3808095726030866
59.6,-0.6770291764383464
59.604,-0.11571726329212023
59.608,0.5241496662505234
59.612,-0.6240510851359142
59.616,-0.08604117084585489
59.62,-0.08989054718097825
59.624,-0.17322829313481283
59.628,0.555823914215799
59.632,0.48246409424130027
59.636,-0.11674024485520525
59.64,-0.41945659965791127
59.644,0.5106397925154467
59.648,0.30393559896655636
59.652,-0.014555808389662653
59.656,0.2525488557716202
59.66,0.2678697888690108
59.664,-0.35332330800355805
59.668,-0.23943320113216748
59.672,0.00652539800144164
59.676,-0.7619383841510935
59.68,-0.14630209503478275
59.684,-0.31473179470497764
59.688,0.05946371026226528
59.692,-0.45254726713983434
59.696,0.18241049797864822
59.7,0.06555124572446071
59.704,-0.049964953337725146
59.708,0.1853643794199904
59.712,0.24074594616242515
59.716,-0.08296556530964916
59.72,-0.002811094626588734
59.724,-0.2573112167508986
59.728,-0.27092352544467924
59.732,0.6298105853576097
59.736,-0.09559834431575862
59.74,-0.010414832773233292
59.744,-0.02063134986262395
59.748,0.14887185422889107
59.752,-0.219395187958353
59.756,-0.18882891364519613
59.76,0.3821465010153273
59.764,-0.5964235750239925
59.768,0.07239882027527522
59.772,-0.3293222786921811
59.776,-0.8100625841084501
59.78,-0.040627714619340546
59.784,-0.47697418464656643
59.788,-0.5395314550318288
59.792,1.0203144266049813
59.796,0.22169015743769557
59.8,0.21997205522631294
59.804,-0.02522418128219548
59.808,-0.47802932505860646
59.812,-0.07422096892910234
59.816,-0.1538364031404329
59.82,-0.7674912345228104
59.824,0.7354079201456419
59.828,-0.026666010854496797
59.832,-0.3203197665798478
59.836,0.03627810407645059
59.84,-0.5533648173646593
59.844,-0.3771239857635024
59.848,0.628870494072146
59.852,-0.1987224877542862
59.856,-0.008903538440043816
59.86,0.018517164360157247
59.864,-0.08122233086645493
59.868,-0.20913970647437075
59.872,0.9044315201426371
59.876,-0.2975100013824321
59.88,-0.3514220603026105
59.884,0.2075729906079374
59.888,-0.5217489985884165
59.892,0.4144074343083657
59.896,-0.0643185358136153
59.9,0.06589096506154753
59.904,0.11290247327392651
59.908,-0.1328715513712922
59.912,0.3737845405730782
59.916,0.26010170531603094
59.92,0.20408563927932263
59.924,-0.623027087599812
59.928,-0.14811160522458808
59.932,-0.05147128620619717
59.936,0.6824598261746332
59.94,-0.5645106403383628
59.944,-0.24660821310726966
59.948,0.42844154245595506
59.952,-0.39754647467868687
59.956,-0.2642555495588557
59.96,0.6723298716536691
59.964,0.14837427532786018
59.968,0.33597288723425667
59.972,0.27696537425481493
59.976,0.055697715789024084
59.98,0.040100270475509056
59.984,0.34784985473502356
59.988,-0.35380408761431015
59.992,0.695833410288002
59.996,-0.22260127827180884
