time,ecg
0.0,0.008478518564904251
0.004,0.013065584409873444
0.008,-0.004855571163623513
0.012,-0.00038688267080288835
0.016,-0.0010418755340144568
0.02,-0.0063528024986513896
0.024,0.007357495297606193
0.028,0.0036284824662322556
0.032,0.0014182317511960622
0.036,0.0035830543919592485
0.04,0.006154512479574837
0.044,0.0060543701913038815
0.048,-0.008384899561218573
0.052,0.008963285487429461
0.056,0.002553661176805593
0.06,-0.004346161949802652
0.064,0.002342296914461701
0.068,0.0034447747672505325
0.072,0.010817836671641238
0.076,-0.010461556284851804
0.08,0.013249843536541935
0.084,0.000231663563098284
0.088,-0.00506153250748595
0.092,-0.005367580998571207
0.096,-0.010013677583425274
0.1,-0.01740914883756553
0.104,0.006773998803598782
0.108,0.01980886400424299
0.112,-0.016176153488279388
0.116,-0.009504279159044575
0.12,0.007515831892283525
0.124,-0.00045636908412048936
0.128,0.008344192430650215
0.132,-0.0010172052080423377
0.136,-0.005806274924827228
0.14,-0.002258420915420167
0.144,-0.023820893696664864
0.148,-0.011434842047392188
0.152,0.009482797422308826
0.156,0.0119190078102215
0.16,0.014061683797220196
0.164,0.0044087496886006505
0.168,-0.022560556194729083
0.172,-0.006349760708194007
0.176,0.013247238981164873
0.18,0.01623203181248141
0.184,0.013629646983086998
0.188,-0.0023559502000075755
0.192,-0.013052466290605746
0.196,-0.0003801203227588497
0.2,0.000198389576488002
0.204,0.015749864253161005
0.208,0.002449860737721621
0.212,0.00047269108678405425
0.216,0.0012653298066607225
0.22,0.004894991731877755
0.224,0.00774113840707455
0.228,-0.004874081534393681
0.232,-0.006864706965482543
0.236,0.019367914227741836
0.24,-0.007990198519236772
0.244,0.028582347541726533
0.248,-0.0018632863996317223
0.252,0.017901092064980632
0.256,0.04159396334708783
0.26,0.04170901395876192
0.264,0.04002336424651652
0.268,0.07038190266205875
0.272,0.08078281558193248
0.276,0.09245634019769458
0.28,0.10268313265322469
0.284,0.12187547933000335
0.288,0.1278589671561041
0.292,0.1668586217588856
0.296,0.14569206422037584
0.3,0.1462624304618089
0.304,0.14267587428366568
0.308,0.16028280349877594
0.312,0.11728751449667196
0.316,0.12581586354430355
0.32,0.10652945584228957
0.324,0.08038282203569408
0.328,0.07192200888529642
0.332,0.0692871610598571
0.336,0.04454420008757427
0.34,0.04430123435018021
0.344,0.04916695592811832
0.348,0.025452510165466957
0.352,0.002708375787665548
0.356,0.0037369103312197578
0.36,0.005566157037685886
0.364,0.0021399778237825772
0.368,0.005231635431995762
0.372,0.0054957222266834565
0.376,0.018782017097860024
0.38,0.0008592067837556547
0.384,-0.0109915661428812
0.388,0.011843940600875714
0.392,0.012802193492870319
0.396,0.002418646804906288
0.4,-0.002413626835531166
0.404,0.006251636368019516
0.408,-0.0020977073125392777
0.412,-0.020552004227819134
0.416,0.005628534241374558
0.42,0.00887368512884616
0.424,0.014181485043581247
0.428,-0.00820366775415228
0.432,-0.0007142715573369364
0.436,-0.005941495967515996
0.44,-0.019442715640079822
0.444,-0.04053835863955741
0.448,-0.07255782262165085
0.452,-0.10646939170454578
0.456,-0.12985677177796767
0.46,-0.13393118955416008
0.464,-0.13492175598613554
0.468,-0.0820798311698061
0.472,-0.011510332872174062
0.476,0.0879730546667036
0.48,0.2128917380035501
0.484,0.40293447635054863
0.488,0.6083476904177318
0.492,0.7982880155464012
0.496,0.9456249349857613
0.5,1.004051302223884
0.504,0.959679497488375
0.508,0.7950467189726248
0.512,0.5898576698112901
0.516,0.3961794361699159
0.52,0.23436162412129968
0.524,0.054227935228343016
0.528,-0.04944246151265488
0.532,-0.14137027817124617
0.536,-0.2432938581337938
0.54,-0.24198753011637467
0.544,-0.22347929338001704
0.548,-0.1837894585154182
0.552,-0.1279507949842508
0.556,-0.0752358112004893
0.56,-0.036896238389072814
0.564,-0.016757399033062333
0.568,-0.009469823915851033
0.572,-0.004407755906537379
0.576,0.012228157402553001
0.58,-0.011301538600292805
0.584,-0.016293838095843848
0.588,0.013641514458662712
0.592,0.0001154770391896421
0.596,-0.0012691435050825664
0.6,0.0022205239166518975
0.604,0.006315921670411859
0.608,7.687713811599904e-05
0.612,0.01171174309254594
0.616,-0.0013530560512826553
0.62,0.007195974641884777
0.624,-0.009611238722868856
0.628,0.02700906072969602
0.632,0.016761553859432444
0.636,0.02900094717260851
0.64,0.031442231080478424
0.644,0.03720656458615982
0.648,0.037371337113006435
0.652,0.04782919096610154
0.656,0.04163033273080009
0.66,0.04765782416278716
0.664,0.06733490208435026
0.668,0.0713797824998492
0.672,0.10310756672757446
0.676,0.10409325600834046
0.68,0.10542851575421464
0.684,0.12281932828885503
0.688,0.14040077106868037
0.692,0.1524033097771618
0.696,0.17015032695434726
0.7,0.18264574335841297
0.704,0.18257772166106404
0.708,0.18930627118548007
0.712,0.2210125163985778
0.716,0.2436791472557135
0.72,0.24695737307774576
0.724,0.27442799692770725
0.728,0.27185239365305985
0.732,0.29474842932632306
0.736,0.2999865478641238
0.74,0.30457247064377124
0.744,0.285812641029074
0.748,0.29993150265413715
0.752,0.31198783084922826
0.756,0.3005712046187244
0.76,0.29960320104201627
0.764,0.27458864042032455
0.768,0.3003643679898839
0.772,0.2644075166203947
0.776,0.24211810437615303
0.78,0.24706980604513087
0.784,0.21359938168951925
0.788,0.21389735539958604
0.792,0.23640043519156365
0.796,0.1926838813707326
0.8,0.16768132623399198
0.804,0.16768584549066579
0.808,0.1441053018883312
0.812,0.14771589724553869
0.816,0.11663928488005042
0.82,0.11530066675677161
0.824,0.08887122134654477
0.828,0.11484320644298572
0.832,0.08321378350408001
0.836,0.06689090344457814
0.84,0.05644002721877163
0.844,0.045707177024425893
0.848,0.036337782240634615
0.852,0.029565125136938035
0.856,0.04849171528706611
0.86,0.021150345660603538
0.864,0.001005717188852711
0.868,0.006862753616229796
0.872,0.024563935581049648
0.876,0.01001248326406542
0.88,0.008873420419016094
0.884,0.019967714201068937
0.888,-0.0011192340742664656
0.892,0.011641566653362388
0.896,-0.002455676516403409
0.9,0.009091465328996278
0.904,-0.0012981343441371418
0.908,-0.0003795011630611171
0.912,0.009777482335420067
0.916,0.00869262456678338
0.92,-0.0007276652314414818
0.924,-0.004012546815364242
0.928,0.016522462960249503
0.932,0.006291421863319933
0.936,-0.003614831917593912
0.94,-0.006311302869714185
0.944,0.010410448145696275
0.948,0.0012720074292707536
0.952,-0.001549838998740076
0.956,0.0012115807623452521
0.96,0.0034222988213109
0.964,-0.0005353033427724921
0.968,0.012059251070831318
0.972,0.012609183906998094
0.976,0.00533005575147974
0.98,0.013755251240905526
0.984,9.119337057858802e-05
0.988,0.006908998920673111
0.992,0.010051401464691394
0.996,0.010201032522679013
1.0,0.00917907667625597
1.004,0.006347651108221866
1.008,0.01963827978266938
1.012,-0.005273507036451694
1.016,-0.0013298027091445815
1.02,-0.0017541310270040333
1.024,-0.003010478952112953
1.028,-0.018767781981443448
1.032,0.015572935011015207
1.036,-0.0073638441006430525
1.04,0.006181031274347784
1.044,-0.007455985905465926
1.048,0.016151039169128256
1.052,0.006398138057967684
1.056,0.008550956269187905
1.06,0.029056018613629282
1.064,0.02897919339067869
1.068,0.040816088212555786
1.072,0.060429592408413675
1.076,0.08016711771863637
1.08,0.07828041341789442
1.084,0.09106378503473542
1.088,0.1151767617392375
1.092,0.13292538012775007
1.096,0.15255406417087258
1.1,0.13468371889335382
1.104,0.14621850226096816
1.108,0.16138733301994837
1.112,0.16580432091062922
1.116,0.1290666082784467
1.12,0.12153330317864192
1.124,0.12036446667231575
1.128,0.09693129795218502
1.132,0.08062860246340432
1.136,0.07630616295661057
1.14,0.07577044852785718
1.144,0.03485164590866158
1.148,0.05215818030496602
1.152,0.022346958149150557
1.156,0.024153624190936227
1.16,0.0307685096121227
1.164,0.013653385744645575
1.168,0.004119925713774812
1.172,0.01189942245528391
1.176,0.0013260326132503357
1.18,0.0071452255868393825
1.184,-0.0008572835564540381
1.188,0.009325510831579986
1.192,-0.013524599758143213
1.196,-0.00989700649422094
1.2,-0.013956874896513627
1.204,-0.0004925550732705408
1.208,-0.015257502224164828
1.212,-0.006898874566705759
1.216,-0.01106579588186014
1.22,0.014798137389243274
1.224,-0.00992453887894958
1.228,-0.012964503752259245
1.232,0.0020572421178334625
1.236,0.01531912331023203
1.24,-0.005954963931789815
1.244,-0.01302948520375426
1.248,-0.015497358922164927
1.252,-0.045588626475200615
1.256,-0.08437055399844233
1.26,-0.12867748191750852
1.264,-0.13968021634172448
1.268,-0.15507387638482442
1.272,-0.11626297366943153
1.276,-0.03709300845058066
1.28,0.04633438971771016
1.284,0.15285975713290847
1.288,0.2815698703218978
1.292,0.47695596861278544
1.296,0.6861581091078125
1.3,0.8712511269742094
1.304,0.9700454805388177
1.308,0.9866696976249216
1.312,0.908208832655654
1.316,0.7198929305919165
1.32,0.5124719768461309
1.324,0.30330136741811015
1.328,0.1295034708275068
1.332,-0.0030678200515274964
1.336,-0.11854681827436955
1.34,-0.18585434613844762
1.344,-0.23283983183915843
1.348,-0.25342002937031227
1.352,-0.20955968123812266
1.356,-0.14032387979887942
1.36,-0.07727258872475758
1.364,-0.04376133765794528
1.368,-0.024933593642659894
1.372,-0.0013421602600679396
1.376,0.010985090426326026
1.38,-0.02030892204067332
1.384,0.015415002564007558
1.388,-0.004443087062327858
1.392,-0.003995056913712721
1.396,-0.0017850660216379838
1.4,0.005474588366506481
1.404,-0.008202204359684292
1.408,0.0008530725782606918
1.412,0.009929728982966237
1.416,0.008057942382124976
1.42,0.01113408309386529
1.424,0.005841527450388274
1.428,0.0181223355885585
1.432,0.02425300875667289
1.436,0.026610364130095595
1.44,0.024388872765470283
1.444,0.033535480879570104
1.448,0.03751501479191999
1.452,0.060906632451746504
1.456,0.05239011776181437
1.46,0.04616622191445164
1.464,0.04559479193486017
1.468,0.06059857920877154
1.472,0.06924470377470121
1.476,0.08788174729218069
1.48,0.08680284341430929
1.484,0.11755882984407902
1.488,0.10430648417544071
1.492,0.11509270415710042
1.496,0.14382813513563586
1.5,0.15093288861887758
1.504,0.1612242294865128
1.508,0.18198454069652
1.512,0.19520465944385273
1.516,0.21710262526857957
1.52,0.22448879771488667
1.524,0.23829374391370758
1.528,0.2557174848979974
1.532,0.2768759796310425
1.536,0.29110411939299224
1.54,0.2860603417772151
1.544,0.29339725938917927
1.548,0.2941201311106098
1.552,0.3037348946270915
1.556,0.3038986878987848
1.56,0.31241219284618027
1.564,0.27752315034742314
1.568,0.2894732346994329
1.572,0.2888564334857739
1.576,0.27720486673790545
1.58,0.2585826300142395
1.584,0.24416108695122718
1.588,0.25326092111474185
1.592,0.22473583451784132
1.596,0.20113730247856537
1.6,0.21311831106809748
1.604,0.19470153433397022
1.608,0.17440436824559924
1.612,0.15194804625097813
1.616,0.14573914555397705
1.62,0.14521037794275496
1.624,0.103619695437231
1.628,0.09147836397249595
1.632,0.08891655400910907
1.636,0.08379146290284366
1.64,0.06878793666895205
1.644,0.07072300387046204
1.648,0.06658198754317719
1.652,0.050723019886457305
1.656,0.04659889300073847
1.66,0.03755612554370614
1.664,0.029507385603402984
1.668,0.011739642017922875
1.672,0.010289114422425801
1.676,0.0035275753946443274
1.68,0.012536007001037196
1.684,0.0137883302027596
1.688,-0.005176621254004097
1.692,0.008247110484834726
1.696,-0.002718784781200685
1.7,-0.005882970705699133
1.704,-0.0024448219005388317
1.708,-0.008207598327683136
1.712,0.008410111354196422
1.716,0.00014069197412705232
1.72,0.009557689118478737
1.724,-0.0033568482412022027
1.728,-0.0032351761716344963
1.732,0.01935607718513754
1.736,-0.015762388616222565
1.74,0.013194876679446474
1.744,0.016805298055340943
1.748,0.007850135573826793
1.752,-0.0031639136328051975
1.756,0.014371623361829554
1.76,-0.003143318093344183
1.764,-0.007004401015664561
1.768,-0.0038444686002454855
1.772,-0.005674791906548257
1.776,-0.009447071772015654
1.78,0.0111135149674687
1.784,-0.007725120474501994
1.788,-0.00028998704689829727
1.792,-0.014433258887849307
1.796,0.00031115563908185403
1.8,-0.011557189472185392
1.804,-0.01180346013825059
1.808,-0.0010919404410708318
1.812,0.010570351006320956
1.816,0.004404560261336972
1.82,0.00509150053346049
1.824,-0.0012989343514069503
1.828,-0.003356146723997137
1.832,0.007911803133433521
1.836,-0.005631003340175669
1.84,0.008345942247306096
1.844,0.012362824357557721
1.848,-0.008406948822024978
1.852,-0.006930507479128319
1.856,-0.005429527100722167
1.86,-0.014617038526889312
1.864,-0.004595741292758353
1.868,0.013193554673170205
1.872,-0.01013779148725649
1.876,0.013802321140522423
1.88,-0.003405909342169461
1.884,0.022667331862506357
1.888,-0.004370488916876658
1.892,0.0023844255302837426
1.896,-0.003277773359488121
1.9,0.00176844278753132
1.904,0.02589105350343838
1.908,0.022387772265456404
1.912,0.03454120611232859
1.916,0.01934207533937013
1.92,0.048993477282016785
1.924,0.04432152666137415
1.928,0.053679981333340766
1.932,0.08349082104422391
1.936,0.09790308881622306
1.94,0.11041403273565888
1.944,0.13025504613509797
1.948,0.14311494535020763
1.952,0.15770554784672594
1.956,0.13644124310984748
1.96,0.16501104732697
1.964,0.16664537563129578
1.968,0.13834048871597698
1.972,0.11627966407175792
1.976,0.10751985743246795
1.98,0.10334085660006458
1.984,0.1137564548203071
1.988,0.07929566142618477
1.992,0.05901536436085655
1.996,0.045493222019037396
2.0,0.027746681236411594
2.004,0.04000676530551376
2.008,0.02232704413245965
2.012,0.037849862057844935
2.016,0.018188537575269254
2.02,0.016499212819520395
2.024,0.0030833744465003894
2.028,-0.007308668081012134
2.032,-0.006438763506355043
2.036,-0.012264490428307738
2.04,0.00996922579382534
2.044,-0.0033380915566159266
2.048,0.009819224194717494
2.052,0.0015242454021356364
2.056,-0.002837878506698645
2.06,-0.011647885330465376
2.064,0.003041320039953829
2.068,-0.002173889302619521
2.072,0.009026397116287006
2.076,-0.007161678681833427
2.08,0.006106327833445165
2.084,0.01615515872477191
2.088,0.0017471830930827473
2.092,0.004639449132911159
2.096,-0.003272893414922517
2.1,-0.0024574440397912255
2.104,-0.03983293817579654
2.108,-0.06834736501633991
2.112,-0.11130347244379424
2.116,-0.14638384911395338
2.12,-0.15785236705412448
2.124,-0.11232975055101638
2.128,-0.08622838273759434
2.132,0.006176777339977506
2.136,0.1059285520032915
2.14,0.24898768571569374
2.144,0.4107597332392946
2.148,0.6097973333457924
2.152,0.8158389891636908
2.156,0.9498294751536039
2.16,0.9872884902879034
2.164,0.9574527762073838
2.168,0.778818138742415
2.172,0.5773135394110663
2.176,0.3812046119778104
2.18,0.21672305553626398
2.184,0.034953524149539394
2.188,-0.0517349323264915
2.192,-0.1677444203935759
2.196,-0.220204595687035
2.2,-0.2530397219497059
2.204,-0.2070734184740927
2.208,-0.17587117526532037
2.212,-0.12456915145959964
2.216,-0.06931464841909236
2.22,-0.030883257096467085
2.224,-0.01105037409703472
2.228,0.0002037574111768952
2.232,-0.0008398960258602617
2.236,-0.01340141577270958
2.24,-0.0025336290784108107
2.244,0.007287492924662301
2.248,-0.005096478376715478
2.252,0.008799255794849343
2.256,0.0029750710347833656
2.26,0.0012108127097388089
2.264,0.016233053123872576
2.268,-0.01198010979094294
2.272,1.102488663253312e-06
2.276,0.020716800603211873
2.28,0.028662013046824322
2.284,0.03557080208548147
2.288,0.015997001740031935
2.292,0.023343649407930038
2.296,0.030755872666882816
2.3,0.03975230047957557
2.304,0.035211574661802435
2.308,0.04713349601845608
2.312,0.04902135549531706
2.316,0.0569984234124115
2.32,0.05077700457539701
2.324,0.0657038480644359
2.328,0.07365858944673001
2.332,0.07772995677176481
2.336,0.08464616937662156
2.34,0.10922758869713155
2.344,0.12381072822448475
2.348,0.14107277607261925
2.352,0.15962035678826636
2.356,0.1703112658420472
2.36,0.18039307694983953
2.364,0.18832897790595915
2.368,0.22056118613525896
2.372,0.22467046905884938
2.376,0.23462674387775076
2.38,0.24954282940611663
2.384,0.255483162140426
2.388,0.26767165869752385
2.392,0.2761061267427428
2.396,0.28603532163751805
2.4,0.3009370428195754
2.404,0.30211143191459583
2.408,0.3152890161730863
2.412,0.31180674729651114
2.416,0.3172105016230575
2.42,0.29932271808074506
2.424,0.2934493055873809
2.428,0.2757406335386299
2.432,0.27991759990274206
2.436,0.2547471271299113
2.44,0.23504532654285182
2.444,0.25244314361623704
2.448,0.21131382198100135
2.452,0.21422677064904255
2.456,0.18668410646958755
2.46,0.19222288330235468
2.464,0.17906603621016712
2.468,0.15739708585311626
2.472,0.1505849239315371
2.476,0.12469611633534827
2.48,0.1340678266614209
2.484,0.10698668346128604
2.488,0.07908529343472606
2.492,0.07816889170763686
2.496,0.06617498423799299
2.5,0.05627832269004063
2.504,0.03414272349909197
2.508,0.047342656438749894
2.512,0.02317224572815795
2.516,0.006085492116690391
2.52,0.022914398838044962
2.524,0.014462126313222665
2.528,0.00966738767527703
2.532,-0.015948726320959415
2.536,0.0038541796018412167
2.54,0.008332320432550524
2.544,0.0018066399144061945
2.548,0.010425326561720013
2.552,0.019161322254250747
2.556,0.009319335689580002
2.56,0.013541933472289075
2.564,0.01366045417109202
2.568,-0.008187804600764412
2.572,0.005939369671192602
2.576,0.011141946503537758
2.58,-0.0034502084751298033
2.584,-0.007215957033097965
2.588,0.0058247255211644425
2.592,-0.014426089258217017
2.596,-0.010589483805572474
2.6,-0.006452576792848006
2.604,0.004663195872339988
2.608,0.0023045817495931974
2.612,0.01040751048385671
2.616,-0.009158262897755549
2.62,-0.009711420245371747
2.624,0.005269957156508728
2.628,-0.00796485202253927
2.632,-0.0060197023918854
2.636,-0.018556935740792008
2.64,0.002915895308886711
2.644,0.015418033174059789
2.648,-0.010289372375165497
2.652,0.010219437424000662
2.656,-0.0005923441946976284
2.66,-0.01765300175047245
2.664,-0.008946407744606696
2.668,-0.009563882508473632
2.672,-0.003164268686846247
2.676,0.00419685977315571
2.68,0.018492573007218887
2.684,-0.014304716698911644
2.688,-0.004834271036436948
2.692,-0.008933284404757545
2.696,-0.01262891214961377
2.7,0.0010496781438801832
2.704,0.00018845424677222902
2.708,-0.017829250686441055
2.712,0.0007166657722057505
2.716,-0.011149864187160909
2.72,0.0016070485743803534
2.724,0.01508455866497503
2.728,0.00836922225073771
2.732,0.007476324284493549
2.736,0.0031866688317837124
2.74,0.012946735692239076
2.744,0.02297203230187964
2.748,0.028510155527424398
2.752,0.031033296698503923
2.756,0.04405779606845237
2.76,0.040227260600898665
2.764,0.05900041725074242
2.768,0.08742806426278493
2.772,0.10327970119771498
2.776,0.11009091076070235
2.78,0.13721983721049655
2.784,0.13892936998145783
2.788,0.1403033536833585
2.792,0.13595747244380402
2.796,0.16438679759647967
2.8,0.15573161691179785
2.804,0.1603741631765256
2.808,0.1551749315529258
2.812,0.10914298106982788
2.816,0.09584616916616268
2.82,0.0657422224497294
2.824,0.08905684431833123
2.828,0.07245658516133033
2.832,0.053961583034329026
2.836,0.02926628902424846
2.84,0.030835502937092817
2.844,0.025472024644216235
2.848,0.024975176880469407
2.852,0.014861905676425256
2.856,0.01500440141912383
2.86,0.004382420550757898
2.864,0.015499440107635347
2.868,0.008670416808806192
2.872,-0.01040453889106688
2.876,0.014780976011642704
2.88,0.012781353781612654
2.884,0.004957763647350867
2.888,0.002977442579268659
2.892,0.016679369957391024
2.896,-0.016283346486470895
2.9,0.012438127192350757
2.904,-0.004749135796869872
2.908,0.010956732841037676
2.912,0.001197231469425239
2.916,-0.012479469620683858
2.92,-0.005200185855034027
2.924,0.009301866725671544
2.928,-0.0051340945394102305
2.932,-0.014770144283666478
2.936,-0.026850585465781562
2.94,-0.03571091743363585
2.944,-0.05600646440740048
2.948,-0.13056906560523784
2.952,-0.10959913520974954
2.956,-0.14402095476439003
2.96,-0.12099701181293672
2.964,-0.08371027013963753
2.968,-0.00587733966120789
2.972,0.09751120292980253
2.976,0.22114988089457358
2.98,0.397824157776236
2.984,0.6188298782343673
2.988,0.7872975707717323
2.992,0.9518712286528148
2.996,0.9961453530573589
3.0,0.9341848485659968
3.004,0.8159546111273968
3.008,0.5885607669809789
3.012,0.3825116972266457
3.016,0.21089693219929864
3.02,0.055906819440507335
3.024,-0.05770481829961555
3.028,-0.15278456022574627
3.032,-0.21808779041356718
3.036,-0.24739393722045178
3.04,-0.2359383799744592
3.044,-0.17371793730913992
3.048,-0.12163097230803183
3.052,-0.07354489567628336
3.056,-0.01836007926022225
3.06,-0.014724715773266062
3.064,0.006451723827522938
3.068,0.011339523334842644
3.072,0.013209359235299317
3.076,0.007760754720477828
3.08,0.0011962495255732643
3.084,0.000940157159360421
3.088,-0.0003969278183474992
3.092,-0.019045008651590575
3.096,0.010534137574834236
3.1,0.006684305059171959
3.104,0.013592830420787487
3.108,0.0055069725710781255
3.112,0.014947460353505871
3.116,-0.0035253202363668672
3.12,0.0008853096134344499
3.124,-0.009425553153012724
3.128,0.017237384087682404
3.132,0.014642625403731957
3.136,0.017721124074588493
3.14,0.035144810484486345
3.144,0.033296137533739
3.148,0.029731135348589774
3.152,0.07681959904758584
3.156,0.05914231891761791
3.16,0.057671421033678415
3.164,0.07165050933503332
3.168,0.08730669499405491
3.172,0.09878775787432778
3.176,0.12582555230949757
3.18,0.12496178249148435
3.184,0.15785312224780887
3.188,0.14899627440818097
3.192,0.17193871000540337
3.196,0.19242196914123288
3.2,0.20867716068242317
3.204,0.22417044429485528
3.208,0.2222564851732701
3.212,0.23823538506783826
3.216,0.22598745459508351
3.22,0.26028404885674944
3.224,0.28339360351857135
3.228,0.29027977857803045
3.232,0.2877102582412062
3.236,0.3111292760169509
3.24,0.29405516857353375
3.244,0.29261444165000494
3.248,0.29506220108469994
3.252,0.2865751196572314
3.256,0.30020476937320023
3.26,0.29124424159017437
3.264,0.28714088168383545
3.268,0.2680173564835811
3.272,0.2612994916373688
3.276,0.22859597340639237
3.28,0.24162019004611238
3.284,0.22550885639501048
3.288,0.1995735243243406
3.292,0.19519631152388897
3.296,0.1791377356088287
3.3,0.18483455267346782
3.304,0.14223499947912538
3.308,0.14215476506313904
3.312,0.11440586592480055
3.316,0.10680420801643108
3.32,0.10291180844613902
3.324,0.08655432251702909
3.328,0.0779465556174031
3.332,0.0715163310124088
3.336,0.05429013573518951
3.34,0.059956119303399065
3.344,0.04077721389060687
3.348,0.03637163181361295
3.352,0.035231877167513574
3.356,0.02886821230903198
3.36,0.02867437740733531
3.364,0.021633780533560278
3.368,0.019927257550848683
3.372,0.009239876401182545
3.376,-0.0005088836303582707
3.38,-0.006036367229689376
3.384,-0.010079147434649664
3.388,0.02292452524986823
3.392,-0.017921017173360552
3.396,0.015256607275528357
3.4,-0.005606199613922506
3.404,0.013891825662983479
3.408,-0.020456060162088077
3.412,-0.0011439263964527267
3.416,0.015462660528481477
3.42,0.007832522552263904
3.424,-0.0028441861033603397
3.428,-0.019033589952616947
3.432,-0.0129297689084456
3.436,0.014109900340760623
3.44,-0.003321773606671689
3.444,-0.000600857212885901
3.448,0.002920580090826082
3.452,-0.012966901536209474
3.456,0.00411697838027089
3.46,-0.004164760649639854
3.464,0.0029592461268129464
3.468,-0.005764885206070971
3.472,-0.01572024381758906
3.476,-0.004266146217503418
3.48,0.006413004479904736
3.484,0.003944184540334226
3.488,0.0003117493562050639
3.492,0.008982970195227187
3.496,-0.0020348294902143072
3.5,0.0005635053340091229
3.504,-0.004797175631072003
3.508,0.009566506296055405
3.512,0.00291550266783352
3.516,-0.005569431643705766
3.52,-0.014890181068987051
3.524,0.011049734687282495
3.528,-0.007440462785255897
3.532,0.0007210122492935564
3.536,0.023526782032450788
3.54,0.008016780113889297
3.544,0.016115053070232387
3.548,-0.005373906935130036
3.552,0.010724543314667358
3.556,0.00029569862147279635
3.56,0.00371567186537204
3.564,0.02031192916615416
3.568,-0.002598287150289423
3.572,0.0005259693724189421
3.576,-0.00845627532836397
3.58,0.009854156761895286
3.584,-0.004015428729031526
3.588,0.01277159154597203
3.592,-0.012532188152784954
3.596,0.011514668233502907
3.6,0.0024922942337096314
3.604,0.020197044691255172
3.608,0.01800702406171765
3.612,0.01953323610586726
3.616,0.029409105785223835
3.62,0.03486162131370109
3.624,0.06346583752664588
3.628,0.05772409611603553
3.632,0.07965340062150646
3.636,0.10029934016840665
3.64,0.1271869636413546
3.644,0.12402909580957558
3.648,0.1327988719351743
3.652,0.14633171450680538
3.656,0.12789629052106605
3.66,0.13796822938237926
3.664,0.14371268943122512
3.668,0.13422424463701957
3.672,0.11606189584025674
3.676,0.12885518190679668
3.68,0.1093665638326299
3.684,0.09378486695848706
3.688,0.07097375410534468
3.692,0.06484419998192145
3.696,0.05646729652175987
3.7,0.03743603234013885
3.704,0.03496226472870212
3.708,0.014684320853508842
3.712,0.017353896609507383
3.716,0.022972489806064172
3.72,0.020255618394986304
3.724,0.01859126185885312
3.728,0.006326085423363517
3.732,0.002524691584014041
3.736,-0.0031178983954992415
3.74,-0.01724650552136531
3.744,-0.0129608126374939
3.748,-0.001400109680474482
3.752,-0.0009258560870304142
3.756,0.014207933513283649
3.76,0.013193581296174078
3.764,-0.00684125207184297
3.768,0.008194929786582025
3.772,-0.004766798196958276
3.776,0.00681672367320686
3.78,0.007997280505578052
3.784,0.012135034350402639
3.788,-0.006015299559563751
3.792,0.006614980043471004
3.796,-0.028467192957392223
3.8,-0.009944920793347217
3.804,-0.04615447663886183
3.808,-0.07838543600670136
3.812,-0.1341585526258462
3.816,-0.1440817191918256
3.82,-0.1315826740647297
3.824,-0.12618038674136078
3.828,-0.06366390604056016
3.832,0.006625646408619431
3.836,0.12263341537642568
3.84,0.2552108316250512
3.844,0.4230183652038529
3.848,0.6356285059806543
3.852,0.8427364924981686
3.856,0.9657580990025703
3.86,0.9973799165385053
3.864,0.9508040970547136
3.868,0.7826246181676322
3.872,0.5777860463882194
3.876,0.37041968258447017
3.88,0.19777625000287918
3.884,0.05309203803371809
3.888,-0.09431670457027623
3.892,-0.16146628729826737
3.896,-0.2281365536410409
3.9,-0.25122448983993295
3.904,-0.22564332450710975
3.908,-0.18769744260003984
3.912,-0.13067903521261445
3.916,-0.050231993462296246
3.92,-0.02500978992021481
3.924,-0.03590557652263082
3.928,-0.00951572854560785
3.932,0.008135252698993518
3.936,-0.002372523812383079
3.94,0.0133506699197165
3.944,0.011748390051043068
3.948,-0.011928901944758628
3.952,0.0006829787063146848
3.956,-0.0017670855864852395
3.96,-0.010434767683344082
3.964,-0.010165598828068504
3.968,-0.002554353583053153
3.972,0.0004722004436444093
3.976,0.011378156163176188
3.98,0.020987257840715954
3.984,0.018065544713141497
3.988,0.023254613348643826
3.992,0.016399955423042442
3.996,0.02896193454206072
4.0,0.025921842631054577
4.004,0.02812832583824007
4.008,0.057368055877783986
4.012,0.0217103076744105
4.016,0.033704037458180874
4.02,0.06452013921864709
4.024,0.06715111298028148
4.028,0.06539350824672224
4.032,0.08002007185787388
4.036,0.09293202115329321
4.04,0.12346224351918525
4.044,0.13970249876391905
4.048,0.15759145052205384
4.052,0.1393797232416434
4.056,0.15598617984606755
4.06,0.1698392770609999
4.064,0.21159224456459474
4.068,0.2171592941157217
4.072,0.22764270947583728
4.076,0.24235050512381326
4.08,0.2518489766074386
4.084,0.2525113000479174
4.088,0.2789090195635386
4.092,0.2805406447651668
4.096,0.27743689870298993
4.1,0.30050393641782575
4.104,0.2940069760157256
4.108,0.3021596885031316
4.112,0.2983403366459552
4.116,0.3063001043480759
4.12,0.2955171071771787
4.124,0.2786177510190013
4.128,0.28313396915476013
4.132,0.27437894328893786
4.136,0.265486437186156
4.14,0.25907988338786114
4.144,0.22991505955015137
4.148,0.22932151152034352
4.152,0.19138603557568182
4.156,0.1930604958868995
4.16,0.17697625448142448
4.164,0.1796909783256509
4.168,0.14934148032732972
4.172,0.14303676691246506
4.176,0.10588736271074395
4.18,0.10714652936244451
4.184,0.0900619892400894
4.188,0.11191402189229456
4.192,0.06994372682330928
4.196,0.06764399660544686
4.2,0.05933192536968132
4.204,0.03417410914881466
4.208,0.03763727761863578
4.212,0.040566689533999535
4.216,0.03174776506569083
4.22,0.0029587432542071343
4.224,0.01601210903694233
4.228,0.028199731074559135
4.232,0.020716156677912136
4.236,0.02433281846287672
4.24,3.576446208299576e-05
4.244,0.0208102999966099
4.248,0.005985999301124071
4.252,0.021056817892426093
4.256,0.0041070115912157385
4.26,-0.017262946984221386
4.264,0.01100849635831818
4.268,-0.002476855003695728
4.272,-0.0022477979098646903
4.276,-0.013367152237538347
4.28,0.017110617824870382
4.284,-0.004536836813427993
4.288,0.01625857363570816
4.292,-0.0039317653486010025
4.296,-0.008994142568388812
4.3,0.013404798602867628
4.304,-0.0005794059042133329
4.308,-0.000523328390632166
4.312,-0.012734726499347138
4.316,-0.0045174640247349455
4.32,0.004329049497360782
4.324,-0.012961846113591443
4.328,-0.005369696583146582
4.332,-0.0041895832543719334
4.336,0.0006747967532013589
4.34,0.014802802880240983
4.344,-0.002994563747288734
4.348,-0.006901602798492971
4.352,0.02746602727401195
4.356,-0.004330272392788432
4.36,-0.0019054905299188477
4.364,-0.003577667152495134
4.368,-0.002767005539824772
4.372,0.0007783531960548884
4.376,0.009209263527742775
4.38,0.004042367987924452
4.384,0.010775985183603174
4.388,0.01045044055222533
4.392,0.002105661115654378
4.396,0.003802154463456205
4.4,0.01116116815140714
4.404,-0.010976058594981066
4.408,0.02522656248277809
4.412,-0.004697690544437135
4.416,-0.002778663376554594
4.42,-0.010902559026284798
4.424,-0.009848346600065044
4.428,0.012860041705235057
4.432,0.027509722291165477
4.436,0.0015496407757892372
4.44,0.01404758708239524
4.444,0.017293267209051257
4.448,0.030996488333157067
4.452,0.05065396054751964
4.456,0.052833630642118316
4.46,0.04608314939065482
4.464,0.06615156696224186
4.468,0.08077620411451295
4.472,0.08867496986171741
4.476,0.09239268490775521
4.48,0.10916062802726788
4.484,0.1409117294148539
4.488,0.15189838829863103
4.492,0.14423648894700014
4.496,0.15231197404588276
4.5,0.16127046019668978
4.504,0.12808927958897245
4.508,0.13305295965701153
4.512,0.14718595878414764
4.516,0.11732941885808947
4.52,0.08903583818664942
4.524,0.08698364650967849
4.528,0.08175355125355047
4.532,0.032668387738261244
4.536,0.047809100659091296
4.54,0.031826080029544304
4.544,0.010333024714187716
4.548,0.020443152288554648
4.552,0.012665893910375271
4.556,0.009537223531805732
4.56,0.0031596267446844573
4.564,-0.005815381498275672
4.568,-0.011709604612177089
4.572,-0.00512130883668096
4.576,0.009687406374671415
4.58,0.0029850940252690705
4.584,-0.00031050228851404516
4.588,-0.010181199831328529
4.592,-0.0036193275292506423
4.596,0.007436219439524197
4.6,0.005081822923330492
4.604,-0.004754651282013341
4.608,-0.026106005165979208
4.612,-0.00674886176781959
4.616,-0.004851366837868436
4.62,-0.009198867001538543
4.624,-0.00466561096864811
4.628,0.006276274155103791
4.632,-0.006066593764989255
4.636,-0.0047233725827159085
4.64,-0.04707169553336706
4.644,-0.06267201929180054
4.648,-0.11400870654244333
4.652,-0.13191663712112647
4.656,-0.1561278114051138
4.66,-0.12542956338982558
4.664,-0.09801117352037515
4.668,-0.02905258236613635
4.672,0.04582446285467348
4.676,0.16086028037738673
4.68,0.31935783745939356
4.684,0.5252885056486187
4.688,0.7438389269917199
4.692,0.9013056842006552
4.696,0.9875050025352281
4.7,0.9777212182935716
4.704,0.8653816536306567
4.708,0.7029446531211319
4.712,0.4885409209878832
4.716,0.2860232318275757
4.72,0.12231384369480618
4.724,-0.007873529566329154
4.728,-0.11284709616800304
4.732,-0.2017434042151575
4.736,-0.2493666475229556
4.74,-0.2304654049117661
4.744,-0.20255976626105102
4.748,-0.13550222412632362
4.752,-0.0717299919151817
4.756,-0.04040854552183077
4.76,-0.016391803805199154
4.764,0.024736456018187063
4.768,9.960046445207666e-05
4.772,-0.010943701586999803
4.776,-0.0021360584458751143
4.78,0.016577151378595625
4.784,-0.01152468372650603
4.788,-0.005683549600857595
4.792,0.01343412481748974
4.796,0.00031387797172079774
4.8,0.0027469469030307015
4.804,0.015592782487214133
4.808,-0.0010738202380064068
4.812,-0.007090995089770698
4.816,-0.004484070074795694
4.82,0.01738929287667542
4.824,0.016737849522979943
4.828,0.01025860346538889
4.832,0.009153229309286118
4.836,0.022168801976930292
4.84,0.0408065008349749
4.844,0.026738084510336536
4.848,0.03466313633519215
4.852,0.03636162791144651
4.856,0.05238852816958173
4.86,0.06808297838720571
4.864,0.09534842390649331
4.868,0.08671953977019903
4.872,0.09517776467399398
4.876,0.1163019900823516
4.88,0.1273141154225869
4.884,0.1278895766726087
4.888,0.17052686115335777
4.892,0.16149707147353304
4.896,0.17858156337063885
4.9,0.19627916657358932
4.904,0.2086558188095016
4.908,0.23456612320440953
4.912,0.2270036956173089
4.916,0.25359155188872295
4.92,0.2593135197793715
4.924,0.27825889830599543
4.928,0.27571127778149057
4.932,0.28228278106279187
4.936,0.29938434866310515
4.94,0.30015391860267904
4.944,0.29102983827057155
4.948,0.31344544702080784
4.952,0.3061542339243964
4.956,0.29503237453238845
4.96,0.28620098480024914
4.964,0.2878893458813408
4.968,0.2825969712615259
4.972,0.25032567170652026
4.976,0.25900145496797405
4.98,0.24964370328834984
4.984,0.20656600014311347
4.988,0.21833359055469143
4.992,0.2091188997482891
4.996,0.19350933871113296
5.0,0.18117703185777734
5.004,0.15543741867156083
5.008,0.1341506015836261
5.012,0.11281286451667677
5.016,0.12854390704307056
5.02,0.1121186882366648
5.024,0.10497587584723873
5.028,0.07503850304371702
5.032,0.08016141257343883
5.036,0.047782214000849435
5.04,0.04565393507771628
5.044,0.047988022735730135
5.048,0.04655193866375692
5.052,0.050676027516869816
5.056,0.026179845222762496
5.06,0.015294441223103838
5.064,0.010773428586726986
5.068,0.009623834967157976
5.072,0.03577705276627096
5.076,0.018651039746655936
5.08,0.020120370794705175
5.084,0.004864483075690732
5.088,0.005796676298522661
5.092,0.011621224175703758
5.096,-0.001396113627272733
5.1,-3.449026743770336e-05
5.104,-0.004498628915872752
5.108,-0.0027299344705087516
5.112,0.0018354336895437938
5.116,-0.007186027813275719
5.12,0.0036447875055776293
5.124,0.0034396550610704614
5.128,-0.0013461241190954197
5.132,-0.007941227530293707
5.136,0.0012970242265804926
5.14,-0.004866626631247662
5.144,0.0005995925895284058
5.148,0.011078570530445296
5.152,-0.012459023115663648
5.156,0.021785445918448672
5.16,-0.0006891128384225832
5.164,0.0041440251627191255
5.168,-0.0075094284762775455
5.172,0.011434776528128713
5.176,-0.0012474508973153078
5.18,-0.0039350855395340984
5.184,-0.005750955902436332
5.188,-0.002682046549243766
5.192,0.004185446480208094
5.196,0.0017294929676869516
5.2,-0.0003975396397617601
5.204,-0.007113218373839837
5.208,-0.00769043393893797
5.212,-0.004606510640374654
5.216,0.0046070933790213165
5.22,0.006631275239451425
5.224,0.007987672111005914
5.228,1.887413943607414e-05
5.232,0.0038993856357256705
5.236,-0.0015662801749166796
5.24,-0.017209278356841905
5.244,-0.0017827294988282771
5.248,-0.0031065668228190055
5.252,-0.009307819531120184
5.256,-0.003907322803825216
5.26,0.004160790363163794
5.264,-0.006976208700051134
5.268,-0.0005248775763796888
5.272,0.025175476993011647
5.276,-0.0021055687583989204
5.28,0.017650500375337844
5.284,0.014912173259244993
5.288,0.027817942094488086
5.292,0.043815476069523025
5.296,0.04797122818596816
5.3,0.07696651501963679
5.304,0.09899714322595374
5.308,0.10842194842785176
5.312,0.12427998147944871
5.316,0.11294658163736791
5.32,0.13487944856955714
5.324,0.14967160632444054
5.328,0.1579569109078459
5.332,0.16726788294633915
5.336,0.1571187452357478
5.34,0.14854094923810757
5.344,0.15601768201432056
5.348,0.11840650898639159
5.352,0.10078121682300806
5.356,0.09097559439889802
5.36,0.06566138376393377
5.364,0.061833721181810776
5.368,0.03146290200608922
5.372,0.03255354467512035
5.376,0.027500030540755914
5.38,0.03064010646951823
5.384,0.0263188506687004
5.388,0.0010258876367634246
5.392,0.02804640915139007
5.396,0.006336935593434152
5.4,0.005551424662326471
5.404,-0.01418284962572945
5.408,-0.004970518890479558
5.412,0.011237821958143055
5.416,0.0021312279896101
5.42,0.0013257522322800677
5.424,0.00240959124188334
5.428,-0.01435721632731844
5.432,-0.0009265058543844398
5.436,0.014103662769197759
5.44,0.010876903435034554
5.444,-0.0012499776970208397
5.448,0.015621232481080105
5.452,-0.012680129507497577
5.456,-0.010105309542700688
5.46,0.01720903987522197
5.464,0.0013147165604589514
5.468,-0.014790680395458921
5.472,-0.02758475857826919
5.476,-0.0603711093574782
5.48,-0.08342214428586459
5.484,-0.11882443259635123
5.488,-0.14326168521824023
5.492,-0.15414422004466008
5.496,-0.11038504594294316
5.5,-0.06146396924006508
5.504,0.016862485952448027
5.508,0.15227503262000305
5.512,0.3110588953523242
5.516,0.4949357036365496
5.52,0.6859304903374033
5.524,0.8598931040962223
5.528,0.9774713208360803
5.532,0.9962156042229168
5.536,0.8958342953708793
5.54,0.7423455328789231
5.544,0.5038722994622546
5.548,0.3229830908673866
5.552,0.16418248889489462
5.556,0.009123010019961783
5.56,-0.09743420582382324
5.564,-0.17591682115186694
5.568,-0.21942170864040692
5.572,-0.2575977342644811
5.576,-0.2278966180138866
5.58,-0.16854256760958533
5.584,-0.1158553370590011
5.588,-0.06864723692707055
5.592,-0.034324448688796846
5.596,0.0029566264481032997
5.6,-0.005910837158903696
5.604,-1.3796665831843275e-05
5.608,-0.008996394255372499
5.612,0.007314504596219818
5.616,0.02008734401836497
5.62,-0.007142521385494742
5.624,0.019483163139279096
5.628,0.0065071185395316564
5.632,0.003811061291252704
5.636,0.008605898130131545
5.64,0.00968921699866473
5.644,0.025789965649669528
5.648,0.014154627702944688
5.652,0.01644243363518353
5.656,0.009291361596420522
5.66,0.02482192329323233
5.664,0.010293312831202458
5.668,0.024945563343684633
5.672,0.05730235870945877
5.676,0.008717285598522272
5.68,0.04210775545304638
5.684,0.04928309543798304
5.688,0.051888046976494344
5.692,0.06056486962946076
5.696,0.07281899497090003
5.7,0.07953275100733348
5.704,0.0952552948891408
5.708,0.09993916482333025
5.712,0.13755714052328258
5.716,0.12798808423571112
5.72,0.14993265488856825
5.724,0.15170163801272313
5.728,0.18215847230399032
5.732,0.19470925649180917
5.736,0.2060432544676684
5.74,0.2057845509692344
5.744,0.2222657329787657
5.748,0.2596969699415915
5.752,0.24734945704518538
5.756,0.272441906918545
5.76,0.2663428988273905
5.764,0.2941640544723355
5.768,0.28388929723132544
5.772,0.2860527405105406
5.776,0.291657849535616
5.78,0.294446277645682
5.784,0.30331743576002096
5.788,0.2973479605342041
5.792,0.28123288399413626
5.796,0.2856667162051073
5.8,0.2666208390003544
5.804,0.27509389038801213
5.808,0.26619142385632133
5.812,0.24579634166149458
5.816,0.23591630802450336
5.82,0.23714455201907805
5.824,0.2039416833224886
5.828,0.1816485814100982
5.832,0.18233574575330766
5.836,0.15073681704274702
5.84,0.1457158462534642
5.844,0.12798119590460505
5.848,0.11362560719969209
5.852,0.10544833187686002
5.856,0.10497309250118923
5.86,0.09583990055298677
5.864,0.083681404247714
5.868,0.06826916643543655
5.872,0.05366983237147609
5.876,0.024854248346133062
5.88,0.04511424018369919
5.884,0.01243350477169287
5.888,0.010522189157722815
5.892,0.02335755416972582
5.896,0.02347303634430615
5.9,0.012747245173675703
5.904,0.029564653455460534
5.908,0.016245552193261546
5.912,0.00695518039015578
5.916,0.021495136165168537
5.92,0.021776098921694263
5.924,0.010009718458124664
5.928,-0.0038827493944298876
5.932,-0.0024560981824490223
5.936,-0.012084181233845635
5.94,0.0014281994728423332
5.944,-0.009069829578033086
5.948,-0.00219295479425553
5.952,0.0034430459583767053
5.956,-0.01920293121507006
5.96,-0.012160033029784143
5.964,-0.004711411038603235
5.968,-0.00025989738201977555
5.972,-0.004742936895544741
5.976,-0.002561384758915481
5.98,-0.0069570352562164685
5.984,-0.014418052436432212
5.988,-0.005292841842453055
5.992,-0.0020925877284134245
5.996,-0.0030761165605173463
6.0,0.0011375781353361513
6.004,0.004202710498772845
6.008,0.006826858136643469
6.012,-0.006328861452489916
6.016,-0.015753393209046625
6.02,0.012719092267745721
6.024,0.0038565850913843576
6.028,-0.009545188102957475
6.032,0.002778013615503535
6.036,0.010680589512301457
6.04,0.017292191188101557
6.044,0.00250638464699152
6.048,0.010596894739919687
6.052,-0.012095888227937
6.056,-0.0003589173294105157
6.06,-0.003349997223239528
6.064,0.003425916624403657
6.068,0.016112383851442584
6.072,0.002499847647346124
6.076,-0.009374866091571739
6.08,-0.012630098600175263
6.084,0.01646659393688351
6.088,0.005155523672359536
6.092,0.004515114770350411
6.096,-0.0033721105074945587
6.1,0.0027994321310242033
6.104,-0.009651401140817542
6.108,0.004256102433822626
6.112,-0.011089583673843675
6.116,-0.0024904762881689862
6.12,-0.004631700258096869
6.124,-0.02971774640418817
6.128,0.0009558870720810693
6.132,-0.0023101329732556596
6.136,0.007724228110040627
6.14,0.014114744542419686
6.144,0.03738976895860688
6.148,0.029908728891458722
6.152,0.03902323782655642
6.156,0.0511570607409543
6.16,0.06702671112843762
6.164,0.07627216687128885
6.168,0.0888260146552454
6.172,0.10763690861721334
6.176,0.09025384755184662
6.18,0.1480575475927227
6.184,0.1535386928083689
6.188,0.14738440974393163
6.192,0.135198986652845
6.196,0.16178393307178557
6.2,0.13930177858686704
6.204,0.14460682361024474
6.208,0.1164474258848579
6.212,0.1392324510803534
6.216,0.08873502203544642
6.22,0.08936718541530846
6.224,0.05308136317200184
6.228,0.0602732744641336
6.232,0.044057943758866486
6.236,0.04885925093002605
6.24,0.024099851102585657
6.244,0.0322895116891798
6.248,0.004779898611634874
6.252,0.007701733096692412
6.256,0.0045641634614366905
6.26,0.009736200213616857
6.264,0.0067845353816401496
6.268,0.009182767260324892
6.272,0.003876537671599288
6.276,0.0073389402083483
6.28,-0.0085536713718344
6.284,0.004130526013740279
6.288,0.016216983583141407
6.292,-0.016726767058405756
6.296,0.0049287416467828785
6.3,0.0067876613723184655
6.304,0.014621402188511651
6.308,0.00726214751719283
6.312,0.0009865137259805353
6.316,0.004206410341101671
6.32,-0.007758530632769972
6.324,-0.005370942661508155
6.328,-0.01799562311538542
6.332,0.002576975042124466
6.336,-0.02325842836830623
6.34,-0.0625656402231471
6.344,-0.08477700534720362
6.348,-0.11031120580551851
6.352,-0.13396317899974372
6.356,-0.15126173392514702
6.36,-0.14277878440615174
6.364,-0.049683441268943355
6.368,0.0213617227210234
6.372,0.1505565593106889
6.376,0.3049933995172427
6.38,0.49386958404231357
6.384,0.704120433483639
6.388,0.8805237023595105
6.392,0.9980691080555604
6.396,1.0043930579743174
6.4,0.9096631053390122
6.404,0.7216693877180599
6.408,0.5038735894422861
6.412,0.3440811048278703
6.416,0.1512871458617265
6.42,0.025376757522635577
6.424,-0.1041431942191679
6.428,-0.17477425523622162
6.432,-0.2601880614330544
6.436,-0.24830965460734078
6.44,-0.21351495352621047
6.444,-0.15228188407875298
6.448,-0.08781082284581995
6.452,-0.0635683520671552
6.456,-0.017234750403976457
6.46,0.0032433767402291983
6.464,0.02080867156821238
6.468,0.006788136104650917
6.472,-0.004017306956818058
6.476,-0.01172584259694621
6.48,0.019634990564589498
6.484,0.009123415653160742
6.488,0.0020362077922372896
6.492,-0.01331001447271375
6.496,-0.005638081773488056
6.5,0.010956399128414512
6.504,0.009369342217993735
6.508,-0.012187338317282737
6.512,0.015347220412082144
6.516,-0.004570945713885397
6.52,0.027143777507525384
6.524,0.01863129498825549
6.528,0.015361460208980045
6.532,0.0339123391999032
6.536,0.03218320750065363
6.54,0.047212513724247195
6.544,0.040812229200395476
6.548,0.048214906768387404
6.552,0.05160612957565176
6.556,0.06556004740664964
6.56,0.08923559356411868
6.564,0.07740686428731244
6.568,0.09992629453078962
6.572,0.0964498561266387
6.576,0.09713015189708644
6.58,0.13306896322084943
6.584,0.148444478284781
6.588,0.15780814047437983
6.592,0.15839091757715126
6.596,0.19094202643561778
6.6,0.20503202987113406
6.604,0.20767482746152263
6.608,0.2167385022559488
6.612,0.24076631507208335
6.616,0.26193224803676773
6.62,0.2705748449449684
6.624,0.2673066878434223
6.628,0.28571906626328647
6.632,0.29983329889187343
6.636,0.28410198172416806
6.64,0.2994893711253363
6.644,0.3133883183948172
6.648,0.28645990185415426
6.652,0.3080799990595818
6.656,0.30818148225910175
6.66,0.2834675088998567
6.664,0.27431211534879674
6.668,0.2786242805087724
6.672,0.2556512548111341
6.676,0.2220569109134654
6.68,0.23173382622467445
6.684,0.22382659766545288
6.688,0.21240264033507328
6.692,0.18176118461418841
6.696,0.1733213344675448
6.7,0.17131370682267785
6.704,0.1467144091215099
6.708,0.11819328244360763
6.712,0.13255079990360444
6.716,0.1053632874640706
6.72,0.10646884347706037
6.724,0.07044032640688291
6.728,0.07285153143613181
6.732,0.0696758922507662
6.736,0.0550791762727188
6.74,0.03633612076726439
6.744,0.01733223416347326
6.748,0.05024960417184995
6.752,0.03205214290137154
6.756,0.036481996663794314
6.76,0.029975543333050664
6.764,0.023107914259038517
6.768,0.010895023561564
6.772,0.016436959205379215
6.776,0.023703170451093714
6.78,0.008402682016086176
6.784,0.025092851580883535
6.788,-0.01015037783108022
6.792,-0.012232067824311842
6.796,0.01290083161982426
6.8,-0.005825519121973578
6.804,0.02226876157806677
6.808,0.01479056093951749
6.812,0.016962945337613854
6.816,0.009673160903376301
6.82,-0.00858807252098774
6.824,-0.01612095678616409
6.828,0.015306254280878739
6.832,-0.014733162195312087
6.836,0.016042673971126256
6.84,0.006838329132251875
6.844,-0.0006588889489572079
6.848,0.00449553897026918
6.852,0.004706932049849601
6.856,-0.0019854618743148323
6.86,0.01428435926404177
6.864,0.013933489381599641
6.868,0.0015704329166860798
6.872,-0.005989906435872401
6.876,0.013067343832860208
6.88,-0.020218426118654157
6.884,0.0044475718447300775
6.888,0.007409156112436859
6.892,-0.008259683658237288
6.896,0.009782127601139903
6.9,-0.0001816237136652219
6.904,-0.005306764776289637
6.908,0.009900613937330691
6.912,-0.01038900554861298
6.916,0.009487174667340718
6.92,-0.018505666482943467
6.924,0.004985689704716776
6.928,0.0037900203469106554
6.932,-0.00025318589003193136
6.936,0.011591045301209071
6.94,0.010424359782880319
6.944,0.026493831147869407
6.948,0.027693666274772443
6.952,0.03435896723003165
6.956,0.04218395865834537
6.96,0.045653700604092184
6.964,0.059977394363234154
6.968,0.07926814045694286
6.972,0.08949624326446531
6.976,0.11676560496662568
6.98,0.12019400938600806
6.984,0.1349778906009533
6.988,0.12670013945728306
6.992,0.15654245069609898
6.996,0.14408423578183194
7.0,0.1384476339686234
7.004,0.16058403411890357
7.008,0.14297164629616851
7.012,0.13485441907916312
7.016,0.11668418116065575
7.02,0.09706198211269372
7.024,0.08067176320721484
7.028,0.07708943738835539
7.032,0.06740527815487368
7.036,0.04355424167824846
7.04,0.05473699474611968
7.044,0.0235161606232434
7.048,0.004679621605389829
7.052,-0.003957502366691096
7.056,-0.007676494663503224
7.06,0.0020864264292833733
7.064,0.001784222227699219
7.068,0.009463993813824739
7.072,0.001366569551827115
7.076,0.009442892165016951
7.08,0.0010496039859459567
7.084,0.000483706180138128
7.088,-0.0055780755993853955
7.092,0.014334513119189957
7.096,-0.015256480521153824
7.1,0.0030436541517542726
7.104,-0.0018010260206351618
7.108,0.007824360614562374
7.112,-0.00021072751170206192
7.116,5.36963540199907e-05
7.12,-0.0028294014790512688
7.124,0.013270416970489888
7.128,-0.0022588536318708845
7.132,0.01299236391660962
7.136,-0.01405269842901298
7.14,-0.03554629237531489
7.144,-0.0664043107085005
7.148,-0.09477753355109372
7.152,-0.1378082148908253
7.156,-0.14491777219037072
7.16,-0.1342440908051674
7.164,-0.09043080918811071
7.168,-0.02311439227358697
7.172,0.0713538943912522
7.176,0.19503997924479474
7.18,0.3747925359298069
7.184,0.5599342920543902
7.188,0.7829345434897761
7.192,0.9192005060725624
7.196,1.0064533085486442
7.2,0.9602837738234591
7.204,0.8536224993580691
7.208,0.6426579965239249
7.212,0.4479473958420438
7.216,0.25232823857393705
7.22,0.1024847726098644
7.224,-0.032145500507713386
7.228,-0.14061989456406127
7.232,-0.21008664249250766
7.236,-0.22846941433709017
7.24,-0.23217589302060143
7.244,-0.20708477408750972
7.248,-0.12430653091489359
7.252,-0.08906659518687733
7.256,-0.03294036436820994
7.26,-0.011663048548096381
7.264,0.00012514580684545688
7.268,0.01702480066588794
7.272,-0.008160848717292606
7.276,0.006856362184809704
7.28,0.013711925176888963
7.284,-0.004953691640434201
7.288,-0.00553878963378155
7.292,-0.0004048368256683167
7.296,0.006398370761536196
7.3,-0.010105841540759677
7.304,0.010556584196341494
7.308,-0.007765854620449283
7.312,0.020798875908476205
7.316,0.014867384089680755
7.32,0.031090285529133108
7.324,0.02129284800419404
7.328,0.014675243011350366
7.332,0.013382299889689635
7.336,0.027989991843636708
7.34,0.030173039376761603
7.344,0.04790806249061423
7.348,0.03307804831601501
7.352,0.06968040922534369
7.356,0.07015007599530779
7.36,0.06414450984398998
7.364,0.09379080448922542
7.368,0.0784622319795859
7.372,0.09965266865100224
7.376,0.09691170859333827
7.38,0.14093058126575408
7.384,0.11939827859222293
7.388,0.13538109129781353
7.392,0.15772305591493085
7.396,0.1917938803790116
7.4,0.20266120856065178
7.404,0.20872733431789614
7.408,0.23174057536561618
7.412,0.23388315808150487
7.416,0.25197775922671434
7.42,0.27600881734137694
7.424,0.2675857063960734
7.428,0.27158534853662414
7.432,0.2916210411110276
7.436,0.3003182175381892
7.44,0.2982357582246039
7.444,0.30951872666424257
7.448,0.2979188812587454
7.452,0.2997378726592852
7.456,0.2988515628755629
7.46,0.29279910173227747
7.464,0.2991516908988077
7.468,0.27821001870945533
7.472,0.2615278135283101
7.476,0.25863284486464844
7.48,0.2511552576514333
7.484,0.23565532379928272
7.488,0.22129035099367395
7.492,0.18486484560170566
7.496,0.16042262237817365
7.5,0.1835578516216186
7.504,0.16078809183230364
7.508,0.14207941859687445
7.512,0.1355800296487572
7.516,0.1348208282607879
7.52,0.11726359284804136
7.524,0.10107872330767756
7.528,0.0717210552612638
7.532,0.0629906941676594
7.536,0.03751899353940914
7.54,0.05939514600973065
7.544,0.056659185618878595
7.548,0.05079436178237386
7.552,0.03973404692974123
7.556,0.026246753650156066
7.56,0.017620442773533314
7.564,0.011097726342515138
7.568,0.014360387576038396
7.572,0.0033575646900049078
7.576,0.02827870692779099
7.58,-0.004332408277192692
7.584,0.005031589887873257
7.588,-0.013756936034021732
7.592,0.007423963514088621
7.596,0.0034997632024464237
7.6,-0.0008008770879811122
7.604,-0.0071687936087776565
7.608,0.0016985133105850566
7.612,-0.004155123532575786
7.616,-0.00038166071460664884
7.62,0.02032497924989923
7.624,0.0022890608999493567
7.628,0.005754637596951053
7.632,-0.004326839454632651
7.636,-0.007608754411846335
7.64,-5.6033624796540524e-05
7.644,0.025166276719769037
7.648,-0.002781906378724118
7.652,0.0036811243288714865
7.656,-0.008236062401837083
7.66,-0.027518531986975615
7.664,-0.007874078285351272
7.668,0.02382416617326363
7.672,0.0059658535402253784
7.676,0.01641756154967182
7.68,-0.003471451040646687
7.684,-0.023564294059333947
7.688,-0.011084222810868134
7.692,0.003972477962994801
7.696,0.0023782722931713273
7.7,-0.00010145543837518847
7.704,-0.005297808409334782
7.708,0.009406017407580656
7.712,-0.004996202658296113
7.716,0.0031115708610847392
7.72,0.0020166607352414133
7.724,-0.0035675677859430465
7.728,-0.008600643268434094
7.732,-0.003899125612801878
7.736,0.019379026325416472
7.74,0.012200900382196856
7.744,0.011960879312140396
7.748,-0.005069257553938529
7.752,-0.01004183948928334
7.756,0.017517794518464663
7.76,0.018702588182272578
7.764,0.01523840926190523
7.768,0.015704842825779327
7.772,0.011845266963239618
7.776,0.04389824829815225
7.78,0.057524950500923475
7.784,0.050909720281550885
7.788,0.06344186589003008
7.792,0.09773003958806312
7.796,0.09342136263461737
7.8,0.13166953078873916
7.804,0.12551837300393376
7.808,0.1333384846640433
7.812,0.14537899614631436
7.816,0.14535094292855577
7.82,0.16101257422267787
7.824,0.15534516510724966
7.828,0.15055406625305984
7.832,0.13165507214589534
7.836,0.11303042468272415
7.84,0.10374451908964273
7.844,0.08511182167459282
7.848,0.08963974040372434
7.852,0.07133042622709983
7.856,0.04795029469448913
7.86,0.028699276271776396
7.864,0.044157480734943785
7.868,0.022587449219839757
7.872,0.013966028004224765
7.876,0.026203621431255333
7.88,0.0022195097110296394
7.884,0.001687292141226222
7.888,0.000859481458850004
7.892,-0.01116083209154832
7.896,0.004394417770069784
7.9,-0.0068794310442423234
7.904,-0.005271048245916068
7.908,-0.006795119642873316
7.912,-0.005731884067567208
7.916,-0.008313781045374245
7.92,0.002512017310119204
7.924,-0.0015354118858168242
7.928,0.0004900012028810024
7.932,0.023540003017404342
7.936,-0.0015707005295855887
7.94,0.005961922284767551
7.944,0.006805275263589041
7.948,-0.002035906681855289
7.952,-0.0016730386839679734
7.956,-0.011572517741878825
7.96,-0.024777349630663796
7.964,-0.05782296517477781
7.968,-0.09071654133849488
7.972,-0.12027417988072682
7.976,-0.16303612062078662
7.98,-0.1277563612142611
7.984,-0.09192259560874216
7.988,-0.05526294419746737
7.992,0.03227013832444602
7.996,0.14892657056518502
8.0,0.27417750330984547
8.004,0.4825018268647905
8.008,0.6728572222496798
8.012,0.8836541714647839
8.016,0.9755015010213863
8.02,1.001706618548378
8.024,0.8998312759743751
8.028,0.7533651490803455
8.032,0.5214801020824887
8.036,0.339723039875099
8.04,0.164199626199301
8.044,0.02304994898278115
8.048,-0.09158929802238581
8.052,-0.1877004493161278
8.056,-0.26009264939446797
8.06,-0.2340470822722492
8.064,-0.2196329636944691
8.068,-0.14807651382138565
8.072,-0.09758595506697419
8.076,-0.04241684014464104
8.08,-0.016825420176271054
8.084,-0.034140391457492744
8.088,0.0033134468680645073
8.092,-0.003780396337786577
8.096,0.012202051523438512
8.1,0.006887168808254919
8.104,0.00735519498396231
8.108,-0.000993777918904973
8.112,-0.006896794857904084
8.116,-0.001473991830905423
8.12,-0.014366403801008782
8.124,-0.0013109654218667428
8.128,-0.008872525144354364
8.132,-0.007176537759267659
8.136,0.010095478031905341
8.14,0.016345881342003023
8.144,0.013157616773156416
8.148,0.01140696974185151
8.152,0.010345303158175211
8.156,0.02063441664191557
8.16,0.020190688329454733
8.164,0.03306622718918305
8.168,0.024487706650630978
8.172,0.05349768329888711
8.176,0.04840678871566199
8.18,0.06627106755438494
8.184,0.0806657415717328
8.188,0.0852104079909652
8.192,0.10089628805881586
8.196,0.08400955889963088
8.2,0.11225728167203755
8.204,0.1413846382141434
8.208,0.14916881728980577
8.212,0.1767125138581369
8.216,0.18970443616303967
8.22,0.19020381290916674
8.224,0.1991660939845625
8.228,0.20631298329965495
8.232,0.22487778362605607
8.236,0.2386079405876105
8.24,0.2489183183669025
8.244,0.2567298480462348
8.248,0.27970155036599614
8.252,0.30096050000536434
8.256,0.3000190174674473
8.26,0.29241414846707386
8.264,0.3088967205705065
8.268,0.3034478726003778
8.272,0.29888267783832206
8.276,0.2956635105570657
8.28,0.2902464810031254
8.284,0.2925379525151054
8.288,0.27955182252695393
8.292,0.26148971598355614
8.296,0.2502838075996671
8.3,0.24923685682587163
8.304,0.23763799516316714
8.308,0.21665098150222808
8.312,0.19436152826139097
8.316,0.20376720824722727
8.32,0.1870965293436098
8.324,0.14235450620419007
8.328,0.1613786430908819
8.332,0.13203734283632465
8.336,0.12269302137631008
8.34,0.11947299689629091
8.344,0.11263247130397747
8.348,0.09493550017861987
8.352,0.07694363896391165
8.356,0.05125340307792544
8.36,0.03607909803546108
8.364,0.0572989468459219
8.368,0.054933581922147035
8.372,0.027147271889157838
8.376,0.027116757764577924
8.38,0.019452670753890126
8.384,0.015032407950527026
8.388,0.02804555433812274
8.392,0.016425280009692848
8.396,0.009359955140844797
8.4,0.03604726666679196
8.404,-0.006693190199366799
8.408,0.011619760409318423
8.412,-0.005592785396043945
8.416,0.0023059371097523145
8.42,0.004541463579499828
8.424,0.010835966865347222
8.428,-0.0007540261245032847
8.432,-0.002234601511105789
8.436,-0.0016896817280056342
8.44,-0.009959847953325862
8.444,0.006959296944839526
8.448,0.003292296964573118
8.452,0.0047099595205363
8.456,-0.00042913988924361303
8.46,-0.0017321192373374412
8.464,0.011900314278863516
8.468,0.010323085603764966
8.472,0.014224235837646272
8.476,0.0037808181179072907
8.48,0.01356589120391815
8.484,-0.004132929719438032
8.488,-0.001988814104080647
8.492,0.011964843181120337
8.496,0.008443886496484903
8.5,-0.002897744914045039
8.504,-0.010457792090344541
8.508,-0.0020360554306244768
8.512,-0.006845565654114631
8.516,0.017248598177073804
8.52,0.0076058350344154054
8.524,-0.007649436522267354
8.528,-0.010431212553494969
8.532,-0.007747272023194645
8.536,-0.00552053060368346
8.54,-0.001541922806564856
8.544,0.011370907814706094
8.548,-0.009268949798431434
8.552,0.023574226865836035
8.556,-0.008299241481956024
8.56,-0.012244798247189652
8.564,0.019811754844750153
8.568,0.017742352580855665
8.572,0.005005620590712707
8.576,0.013848650892298454
8.58,0.018439810026505913
8.584,0.021435535407788437
8.588,0.014345526577438806
8.592,0.011406522853649723
8.596,0.03839098992965789
8.6,0.07718990157387462
8.604,0.09106494931883202
8.608,0.08420305889758159
8.612,0.0917492124444746
8.616,0.11805256807014708
8.62,0.13220772743821074
8.624,0.1441550421788291
8.628,0.12026844035606457
8.632,0.18102727481416692
8.636,0.16091168020498173
8.64,0.14396134711679887
8.644,0.13159845385072466
8.648,0.13851475061334878
8.652,0.12118135837180148
8.656,0.103278451375514
8.66,0.09244682435574779
8.664,0.07238872344834396
8.668,0.06397514819736132
8.672,0.05492577346638615
8.676,0.04036431351355224
8.68,0.0308021413383989
8.684,0.03446277955833512
8.688,-0.0012363237056787265
8.692,0.0023271770090495577
8.696,0.0072917925378314895
8.7,-0.002629597316729927
8.704,-0.0009360259188948596
8.708,0.01478683344140531
8.712,-0.0003146547053409401
8.716,-0.01758725816246812
8.72,-0.0038213009211464566
8.724,0.0008159997072231866
8.728,0.0005273650126583701
8.732,0.0056310182138837725
8.736,0.004781163381467704
8.74,-0.0013691450878494638
8.744,-0.011921300054497484
8.748,-0.004410260815660445
8.752,-0.006246390665690568
8.756,-0.0029539355125400082
8.76,0.006470946434674888
8.764,0.0024452538106247076
8.768,0.003320693442545413
8.772,-0.016761983525575844
8.776,-0.013833812215957558
8.78,-0.048405701795930435
8.784,-0.088391105157557
8.788,-0.1175554381228915
8.792,-0.15125350985940825
8.796,-0.16212665054203051
8.8,-0.11496668661009748
8.804,-0.0421688289631623
8.808,0.036553311637700196
8.812,0.1503948962621986
8.816,0.2966196404484575
8.82,0.474431169938521
8.824,0.7121048441565423
8.828,0.8746064237056147
8.832,0.9797294640380666
8.836,0.9811908138260642
8.84,0.8995299555119048
8.844,0.7198252558402038
8.848,0.49553980642066886
8.852,0.320614531923577
8.856,0.14073203868820225
8.86,9.000584938711077e-05
8.864,-0.10710991779135753
8.868,-0.19613031416843696
8.872,-0.2505937494075957
8.876,-0.23563436781004204
8.88,-0.21206081340398678
8.884,-0.14735680476478008
8.888,-0.09266962160809923
8.892,-0.045082369136539964
8.896,-0.04314607618539171
8.9,-0.01716132930040174
8.904,0.003250071992906261
8.908,-0.012953366024669571
8.912,0.004337679854160336
8.916,-0.012895692194888366
8.92,0.0015281465992058169
8.924,0.017875324461247632
8.928,0.01003376608053636
8.932,-0.015579598222662526
8.936,0.012206561561068861
8.94,0.022925937167878475
8.944,0.03387485654474833
8.948,0.012116040419884119
8.952,-0.004515648753840123
8.956,0.015588550346378377
8.96,0.029716208065095298
8.964,0.014853961408302018
8.968,0.03063597952196769
8.972,0.015857304352084038
8.976,0.032650767685362486
8.98,0.009385949339741552
8.984,0.03086484914092477
8.988,0.04717080431174965
8.992,0.0512767519262874
8.996,0.05042343160579482
9.0,0.06780665695663941
9.004,0.08632552256486521
9.008,0.09322464506274769
9.012,0.10654678945653971
9.016,0.12583923747559067
9.02,0.12831852733269883
9.024,0.15911516400979855
9.028,0.1498183376161013
9.032,0.19344372734865423
9.036,0.1998429649555043
9.04,0.1996123546720533
9.044,0.21445138528009833
9.048,0.23308946650077184
9.052,0.24998052035655588
9.056,0.26699537015243324
9.06,0.25358155949220224
9.064,0.28099067814113515
9.068,0.26359881310541433
9.072,0.2895084646733349
9.076,0.31058649839206065
9.08,0.2847956109479866
9.084,0.284006388353394
9.088,0.30131687450413847
9.092,0.3101934874190903
9.096,0.2949366858694279
9.1,0.26624094133743853
9.104,0.26042035838075844
9.108,0.26870103305360515
9.112,0.24508125050295954
9.116,0.246258022120713
9.12,0.23393812783315618
9.124,0.21344662975621037
9.128,0.2223480066696702
9.132,0.19565926369618072
9.136,0.18732166833374314
9.14,0.169946193231532
9.144,0.14502776125782058
9.148,0.13077655199462923
9.152,0.11647152163397127
9.156,0.11362707727089957
9.16,0.08840716484669471
9.164,0.10104480789200766
9.168,0.06604947675379227
9.172,0.06621793864995919
9.176,0.05320211099164351
9.18,0.04324711906465406
9.184,0.06255743735713012
9.188,0.030302657966858635
9.192,0.02624065065440248
9.196,0.0179256281126089
9.2,0.020885967701442985
9.204,0.015943610161780534
9.208,0.00276041834656977
9.212,0.007164364153676704
9.216,0.015364700453741352
9.22,0.017750964033326003
9.224,0.0062403014099883655
9.228,0.0053718486813854145
9.232,0.0001766456395251464
9.236,-0.0020450913351312983
9.24,-0.006866526638861987
9.244,-0.013757165882372899
9.248,-0.005627944113008629
9.252,0.01011155219507711
9.256,-0.0034280183394034564
9.26,-0.002842223566739407
9.264,-0.0031899350431584712
9.268,0.012794620026345169
9.272,-0.009025680234962882
9.276,0.0029610554476425734
9.28,-0.0005449399934615116
9.284,0.000781093348516707
9.288,0.0025172681027229543
9.292,0.0006248141190498678
9.296,0.007968448921275871
9.3,-0.00026491510809039667
9.304,0.017464374279525186
9.308,0.0004615473743858813
9.312,-0.01701829576926959
9.316,0.006403830485988179
9.32,0.003953497371463516
9.324,0.00038232162975089295
9.328,-0.0024931071136613924
9.332,-0.020961788399917344
9.336,-0.01914282397387173
9.34,0.017037274485190285
9.344,-0.004908251465631603
9.348,0.011211284905575098
9.352,-0.01354027518391742
9.356,-0.006581941356356104
9.36,0.012699741037516588
9.364,0.007744519416095543
9.368,0.018053313199830296
9.372,0.017725050253261234
9.376,0.022453870248135548
9.38,0.026038058767144358
9.384,0.030908971859193786
9.388,0.0685249629496293
9.392,0.08323497203652067
9.396,0.07125341577710018
9.4,0.08511845777712326
9.404,0.10691966252146665
9.408,0.12694464770114944
9.412,0.1329354643897966
9.416,0.14826493997584708
9.42,0.14798153367123656
9.424,0.14883202907991985
9.428,0.17179956243034544
9.432,0.13646787561732052
9.436,0.14897247782360976
9.44,0.13535057186676286
9.444,0.11247692729465736
9.448,0.07381093613146182
9.452,0.07890155957522171
9.456,0.0595386042633853
9.46,0.052095714515364246
9.464,0.02995131724898909
9.468,0.03849424657484396
9.472,0.03283070247508493
9.476,0.02834245284950153
9.48,0.007925509010066861
9.484,-0.0025117288493500985
9.488,0.008937296732745735
9.492,0.021104068812539685
9.496,0.002951596335280364
9.5,0.005925149873052709
9.504,-0.001500400482215687
9.508,-0.004533833109556875
9.512,0.0068708356817261
9.516,-0.0008991675132546883
9.52,0.004123480051938592
9.524,0.005122071292900128
9.528,0.003499542984025478
9.532,0.00559065171017247
9.536,-0.00852579040081691
9.54,-0.009148660440028057
9.544,-0.0004844298861319916
9.548,-0.0004528367702822199
9.552,-0.006248951905157574
9.556,-0.0009388551329229662
9.56,-0.00023265944778178178
9.564,-0.010201147572534276
9.568,-0.03045434423645757
9.572,-0.08981306339414591
9.576,-0.12383022366079086
9.58,-0.1422402552910678
9.584,-0.1447143428965654
9.588,-0.12604933467732357
9.592,-0.07933953043555741
9.596,-0.0010208189362236179
9.6,0.11107853094374456
9.604,0.2324174170861013
9.608,0.44655168961795855
9.612,0.6255658928987453
9.616,0.8290729610449923
9.62,0.9505744954026859
9.624,1.0049763629231412
9.628,0.9348237857428977
9.632,0.7884278568461244
9.636,0.5775004226269894
9.64,0.3919050698745895
9.644,0.1832027969799998
9.648,0.06117805616141499
9.652,-0.0662551395400944
9.656,-0.17182861778107972
9.66,-0.2049861352791631
9.664,-0.22780814023357046
9.668,-0.2463036000386485
9.672,-0.17316485075209345
9.676,-0.10828476893168365
9.68,-0.060282906018535115
9.684,-0.015664437738362534
9.688,0.0007211588638456265
9.692,-0.0013373991770323987
9.696,0.02201541141292657
9.7,0.009764478269035466
9.704,-0.0026310980791483334
9.708,-0.004289408760884413
9.712,0.014051475694699082
9.716,-0.0058384865459338645
9.72,-0.0014149970540718892
9.724,0.0010229023512574914
9.728,0.007885628250072461
9.732,0.0035124906036852572
9.736,-0.006359663150163748
9.74,0.020080542672877295
9.744,0.006398046394935476
9.748,0.033005937821479495
9.752,0.01864627875068196
9.756,0.031569013601046275
9.76,0.029043946376294524
9.764,0.0403294474313495
9.768,0.03798702971730094
9.772,0.04045422316955909
9.776,0.055615694492690264
9.78,0.07692619508165974
9.784,0.05758450765863008
9.788,0.0772989603399408
9.792,0.07921930699027464
9.796,0.09509591756854953
9.8,0.10202959222986745
9.804,0.09235921699843236
9.808,0.124944256561342
9.812,0.1505342642691091
9.816,0.14694207051871136
9.82,0.17817984358208966
9.824,0.18534140934699644
9.828,0.1961042687130069
9.832,0.22137592705878806
9.836,0.23300686298218348
9.84,0.24365065591335106
9.844,0.26201178870532493
9.848,0.2652443424154542
9.852,0.2568847929143635
9.856,0.278246518975886
9.86,0.27110020000620794
9.864,0.301122782159922
9.868,0.3071028542979531
9.872,0.3092681960829969
9.876,0.30453835652350114
9.88,0.3072127144926674
9.884,0.27778365416459944
9.888,0.2866959383464613
9.892,0.26615837921154933
9.896,0.2677119162282222
9.9,0.2770600645026831
9.904,0.26023013266194217
9.908,0.24331686806592018
9.912,0.22147760928111201
9.916,0.1993724313533105
9.92,0.19681750188611946
9.924,0.19151983628461117
9.928,0.1699960804531113
9.932,0.1357194537950479
9.936,0.1386542039583983
9.94,0.1049967886107236
9.944,0.11929965601002078
9.948,0.09215416356535965
9.952,0.07544850567847
9.956,0.08527218011229253
9.96,0.07294567493781923
9.964,0.060790334091057024
9.968,0.07234633626252022
9.972,0.049569495525809186
9.976,0.030354629437456523
9.98,0.03633325273759318
9.984,0.02332070867146714
9.988,0.034538829473603073
9.992,0.020963806291002775
9.996,0.01877170053035003
10.0,-0.002153978765611074
10.004,0.015128054777459647
10.008,0.016567870989871385
10.012,0.009826384932692112
10.016,0.02106823309872404
10.02,0.031091144490099126
10.024,0.030339305873270103
10.028,0.020077178406469942
10.032,0.03541901444514659
10.036,0.03753684207179288
10.04,0.048309828130541736
10.044,0.05146131667865219
10.048,0.050779714745328906
10.052,0.05472500160389766
10.056,0.06427515760676614
10.06,0.07763094583299798
10.064,0.07520581790074277
10.068,0.09108269849895843
10.072,0.09262634141912442
10.076,0.10070989906400533
10.08,0.10388132765414437
10.084,0.11027756833179633
10.088,0.0875688939565858
10.092,0.11002461446745207
10.096,0.12018021229366298
10.1,0.12642963064421173
10.104,0.10916945886483254
10.108,0.12788205599548844
10.112,0.12648567431404054
10.116,0.14862297784134507
10.12,0.12069113550968662
10.124,0.13127542338744738
10.128,0.12525851723472722
10.132,0.14919952472108805
10.136,0.17477196197412867
10.14,0.1560617725122862
10.144,0.16187835066368023
10.148,0.17072424429286537
10.152,0.16840369300333918
10.156,0.17756254575009658
10.16,0.18215136669971846
10.164,0.17409277807210924
10.168,0.1859208841730205
10.172,0.1985909768036828
10.176,0.20477102072057507
10.18,0.2127974723158947
10.184,0.2075244081451472
10.188,0.21214240028679493
10.192,0.2205980712182865
10.196,0.21181633098859973
10.2,0.21631315325081663
10.204,0.22668104229279137
10.208,0.22093287731511138
10.212,0.24418014559878548
10.216,0.25791114837617357
10.22,0.2487350963924507
10.224,0.26993177449750916
10.228,0.2705577988751613
10.232,0.2796071491998544
10.236,0.3249362435486014
10.24,0.31054047066492824
10.244,0.32525034535530095
10.248,0.3585157003299776
10.252,0.3776002723200372
10.256,0.3995994462355284
10.26,0.42958773420131546
10.264,0.41626489520311266
10.268,0.42979435840150904
10.272,0.45973767354704087
10.276,0.4573305992772484
10.28,0.4564215585336464
10.284,0.4394535493393191
10.288,0.45050466903779063
10.292,0.43883645558388606
10.296,0.4227369086667451
10.3,0.4043414614719594
10.304,0.4006935378878449
10.308,0.40628447062337847
10.312,0.37025679367324216
10.316,0.36612748842332943
10.32,0.3624468607065296
10.324,0.36088021225247857
10.328,0.36264342021499835
10.332,0.3715617553352334
10.336,0.36690742672026166
10.34,0.36413411162181925
10.344,0.3682313352257568
10.348,0.3741558613537839
10.352,0.3539207910786197
10.356,0.3845245505427069
10.36,0.3687759329195332
10.364,0.37593336037418135
10.368,0.38715446524712493
10.372,0.38640177262414166
10.376,0.39543613162897057
10.38,0.39538961243413295
10.384,0.3944686012035794
10.388,0.41601998118467404
10.392,0.4111503127556857
10.396,0.41034587075380924
10.4,0.41724597915388445
10.404,0.40547193511948426
10.408,0.4343918185251203
10.412,0.397359090334807
10.416,0.39712656465295454
10.42,0.3706891603469935
10.424,0.3393963006195114
10.428,0.3068191094529493
10.432,0.28475304333875023
10.436,0.3093191044728052
10.44,0.31896725979055374
10.444,0.4016645406512399
10.448,0.48516683305205144
10.452,0.5919267080927146
10.456,0.7551387481549938
10.46,0.9383806444957219
10.464,1.1358036984838176
10.468,1.320339501897037
10.472,1.453180309229521
10.476,1.4656564205346938
10.48,1.3693621767229291
10.484,1.1929522935072252
10.488,0.9924184486704496
10.492,0.7962601167009995
10.496,0.616107095794654
10.5,0.49926009864363846
10.504,0.3947582632182952
10.508,0.3070194687152367
10.512,0.2752522077270275
10.516,0.24155747154074414
10.52,0.2791594598676973
10.524,0.3452129073480038
10.528,0.4071816466959107
10.532,0.4341036780867753
10.536,0.4903739782496273
10.54,0.5040450059446466
10.544,0.4891090795282328
10.548,0.513843284796339
10.552,0.5100846693723706
10.556,0.5163245408785958
10.56,0.5100717729431526
10.564,0.5302357820410151
10.568,0.5463818690443611
10.572,0.5342008250145984
10.576,0.5128665293351232
10.58,0.540379747819641
10.584,0.5388288565689802
10.588,0.5332432660549011
10.592,0.5515373486417624
10.596,0.5608629840989859
10.6,0.5498117576251578
10.604,0.5449115723029042
10.608,0.5465612364623451
10.612,0.5658842017469723
10.616,0.5774401586677508
10.62,0.5809355316838056
10.624,0.5870609259074038
10.628,0.6081143678899791
10.632,0.6163863144118049
10.636,0.6238847832247846
10.64,0.6410067041999841
10.644,0.6380525847906608
10.648,0.6462457876346813
10.652,0.6653070861108491
10.656,0.6786600183966224
10.66,0.6787243862320763
10.664,0.7089628078989118
10.668,0.7410381721601131
10.672,0.753810980843369
10.676,0.7669408657488954
10.68,0.7787810260724224
10.684,0.8074210593505892
10.688,0.7972821507880821
10.692,0.8124607210588887
10.696,0.8466404339546957
10.7,0.8478218635185746
10.704,0.8516509636954043
10.708,0.8731940160757465
10.712,0.8709465872304694
10.716,0.8728337812391942
10.72,0.8765626832719714
10.724,0.8905104864756329
10.728,0.8894817796102326
10.732,0.9007844433443452
10.736,0.8790252222567053
10.74,0.873365185608185
10.744,0.8836625212940183
10.748,0.8704168415697994
10.752,0.8519377485784383
10.756,0.8236294847731853
10.76,0.8188958921738538
10.764,0.8034814760837228
10.768,0.8008393147233865
10.772,0.7814960945836686
10.776,0.7885653454624704
10.78,0.7428180099639139
10.784,0.7331254131339422
10.788,0.733753901439293
10.792,0.7235841399950056
10.796,0.6801626817333529
10.8,0.6770323732348317
10.804,0.68085474350989
10.808,0.6869496949947873
10.812,0.6829818875102692
10.816,0.6514952066060318
10.82,0.6462790108108784
10.824,0.6327465869595937
10.828,0.6413256181521656
10.832,0.6448612316755902
10.836,0.6373718963078416
10.84,0.6203560350153573
10.844,0.6086367656641578
10.848,0.613964417550995
10.852,0.6249785910988304
10.856,0.6048274228670124
10.86,0.5886624151683691
10.864,0.6014752096933289
10.868,0.6007743704074751
10.872,0.5840321576098306
10.876,0.6034019286687915
10.88,0.6051028234099634
10.884,0.6177006284415358
10.888,0.5849112029654971
10.892,0.6047278788695678
10.896,0.6063163201448765
10.9,0.6010930040899846
10.904,0.5850895165974306
10.908,0.5837713603860453
10.912,0.5946502892758638
10.916,0.5938261496050583
10.92,0.5865594624440177
10.924,0.6042790388321415
10.928,0.5865403792509079
10.932,0.5707700822561269
10.936,0.5865978522713604
10.94,0.5927432176916647
10.944,0.5904318551265337
10.948,0.5893951466678228
10.952,0.6000018421515674
10.956,0.5728910314603721
10.96,0.5787465211568671
10.964,0.5973463281006081
10.968,0.5611019161693619
10.972,0.57908557515345
10.976,0.590726488442311
10.98,0.5893602558287004
10.984,0.5825729334290615
10.988,0.5815481970164322
10.992,0.5629786651001966
10.996,0.5857935423243606
11.0,0.5587198378347974
11.004,0.5579740351631222
11.008,0.571934727795527
11.012,0.5618562925747496
11.016,0.5676849125664029
11.02,0.5689276852258642
11.024,0.5816696659491691
11.028,0.567887789078719
11.032,0.5575810051317841
11.036,0.5714933341749219
11.04,0.5583366516331694
11.044,0.5789026332391107
11.048,0.5749399912222919
11.052,0.5843981377776574
11.056,0.5703512640200575
11.06,0.5750522247914315
11.064,0.5934021066456528
11.068,0.6378293120000569
11.072,0.6214107743334579
11.076,0.6526128259519197
11.08,0.6503471160651603
11.084,0.6640843590354064
11.088,0.673205755231533
11.092,0.6940493271487246
11.096,0.6837562795545613
11.1,0.6782185233276736
11.104,0.6800539710864165
11.108,0.6501154613864873
11.112,0.6537412137667239
11.116,0.6366951915212622
11.12,0.6200532268731525
11.124,0.5927404634939071
11.128,0.5734433090167125
11.132,0.5536134284607562
11.136,0.5401108304091413
11.14,0.5264885593370792
11.144,0.5284773538971884
11.148,0.5132897291862619
11.152,0.5121136343980898
11.156,0.5061617808159818
11.16,0.48519915796322943
11.164,0.4802214706872412
11.168,0.4847635012313952
11.172,0.47566890792280814
11.176,0.47128916583254443
11.18,0.49392257144047325
11.184,0.4586277144793454
11.188,0.49125709675146384
11.192,0.47101381030704115
11.196,0.4750957927331958
11.2,0.4710199891348149
11.204,0.46559526677222096
11.208,0.4731127678909657
11.212,0.4427115246264036
11.216,0.44896256976072996
11.22,0.43884900201019844
11.224,0.42682968079212547
11.228,0.4323334499645194
11.232,0.4497828873615287
11.236,0.4154471859615563
11.24,0.4139448992857569
11.244,0.38177511974470535
11.248,0.3520759452460528
11.252,0.30752409857742413
11.256,0.2965607534670516
11.26,0.2877308226266785
11.264,0.32670887125379416
11.268,0.3935563145173733
11.272,0.4839942965074378
11.276,0.6123519144110979
11.28,0.7835454907518347
11.284,0.9664894203417109
11.288,1.1534698361493463
11.292,1.3231602962594993
11.296,1.3777958952898999
11.3,1.3359121331316115
11.304,1.201294858836384
11.308,1.0021455025026782
11.312,0.8076337273666185
11.316,0.605575876242434
11.32,0.46122838841100255
11.324,0.3227543569667683
11.328,0.21560650964375175
11.332,0.14291253024050393
11.336,0.09224813989797265
11.34,0.11579663305818313
11.344,0.16230328110576234
11.348,0.2193445494838619
11.352,0.2461626669384594
11.356,0.27887949206318613
11.36,0.30673791910292947
11.364,0.3324790490542008
11.368,0.3211592151202894
11.372,0.30884913132826874
11.376,0.2987923640687841
11.38,0.30297217364563733
11.384,0.29877705552466843
11.388,0.312191379545461
11.392,0.3095979910304588
11.396,0.2857322126585239
11.4,0.3006716108682286
11.404,0.29673876130469723
11.408,0.27574481553524977
11.412,0.284273982245561
11.416,0.2863961255596032
11.42,0.28285025487194737
11.424,0.2627491396680624
11.428,0.2802649126406668
11.432,0.28493318927210237
11.436,0.29456047821116216
11.44,0.27290391229834515
11.444,0.2756519871597497
11.448,0.28126943718794795
11.452,0.28930139001695937
11.456,0.29120352251633597
11.46,0.3009553267278008
11.464,0.28918177573664844
11.468,0.3107573282322842
11.472,0.3065282347297476
11.476,0.32043741217095273
11.48,0.3475606111852284
11.484,0.3257052174771897
11.488,0.34658304196769535
11.492,0.34666767486374794
11.496,0.3711704334800744
11.5,0.39036143662605255
11.504,0.3916380045851888
11.508,0.3984574534049803
11.512,0.4220034893291963
11.516,0.42032003189490624
11.52,0.4324994264898133
11.524,0.43754000291081296
11.528,0.4063200422167153
11.532,0.4374587063448681
11.536,0.42889714373735677
11.54,0.4310376622969935
11.544,0.4518536818314058
11.548,0.42921951048910567
11.552,0.44583088733846404
11.556,0.4048755857836874
11.56,0.39833997475257127
11.564,0.4053021452091693
11.568,0.38117574680579003
11.572,0.37313984622284463
11.576,0.3531658726960847
11.58,0.33602606265491664
11.584,0.3167188527519223
11.588,0.3032231201989714
11.592,0.2890797975193642
11.596,0.2798162084293889
11.6,0.24262361874495156
11.604,0.22183786841465616
11.608,0.20198689824794652
11.612,0.20380133429803723
11.616,0.17847471557917094
11.62,0.1357238244425415
11.624,0.11917648231752287
11.628,0.11500559332253363
11.632,0.11114437559940679
11.636,0.09489743645976251
11.64,0.08761874767415917
11.644,0.06878733545789614
11.648,0.07338878982744683
11.652,0.05677073645762213
11.656,0.040175278723063354
11.66,0.0418651212307326
11.664,0.0055414919236113115
11.668,0.013348192097225776
11.672,0.008235165884002747
11.676,0.005978893462602419
11.68,-0.023710080890769838
11.684,-0.015344412107088604
11.688,-0.014628365248971452
11.692,-0.019506308314640626
11.696,-0.017851280235731813
11.7,-0.02735499551878421
11.704,-0.04068782206684078
11.708,-0.038315913306022825
11.712,-0.05196408091676313
11.716,-0.05328424594449609
11.72,-0.0515375470047311
11.724,-0.06461690229356586
11.728,-0.065177487209516
11.732,-0.06378142767045147
11.736,-0.07084045738340845
11.74,-0.07017086141295165
11.744,-0.06374472037982629
11.748,-0.08450701225773978
11.752,-0.10064230423398604
11.756,-0.09539215342548478
11.76,-0.10029253736541272
11.764,-0.10330630668192518
11.768,-0.09894301114476778
11.772,-0.13517759059581566
11.776,-0.10763322914890247
11.78,-0.10869455496084429
11.784,-0.12593715585184692
11.788,-0.13010763852223942
11.792,-0.14284845693701398
11.796,-0.1447635422536529
11.8,-0.14223361656257702
11.804,-0.1472553578978882
11.808,-0.15075270179456418
11.812,-0.15605297255126532
11.816,-0.1576863065866457
11.82,-0.16314466998257246
11.824,-0.1855856482152579
11.828,-0.1713400762896854
11.832,-0.16538639090231758
11.836,-0.18853583557594292
11.84,-0.1775580586980667
11.844,-0.20599196452420357
11.848,-0.20136037486067832
11.852,-0.2116868541976483
11.856,-0.19565006325217085
11.86,-0.19713638060340663
11.864,-0.21852922861233834
11.868,-0.20966881466140164
11.872,-0.20848833082525536
11.876,-0.22861178968684492
11.88,-0.22981424088039404
11.884,-0.22598067558105647
11.888,-0.24312651925760814
11.892,-0.23394374648663763
11.896,-0.2126922784034742
11.9,-0.23671693425595047
11.904,-0.21913467268363684
11.908,-0.2166750089208873
11.912,-0.21612355007711587
11.916,-0.20338017951857607
11.92,-0.17810053728874067
11.924,-0.1795965692728198
11.928,-0.16772322309185098
11.932,-0.14949236205201463
11.936,-0.1609013294703866
11.94,-0.163587986282812
11.944,-0.1337866536471429
11.948,-0.15211051391607222
11.952,-0.1503436037066151
11.956,-0.17636032005742755
11.96,-0.17754734457503693
11.964,-0.20770071161952675
11.968,-0.2132166880481554
11.972,-0.2384435314508271
11.976,-0.25903055956309395
11.98,-0.2710469053807636
11.984,-0.30762631498651716
11.988,-0.31150183281347393
11.992,-0.30561720956832356
11.996,-0.32178235959328566
12.0,-0.34617288080177544
12.004,-0.33863995178428
12.008,-0.360314399800792
12.012,-0.3506791089736485
12.016,-0.36459401874813724
12.02,-0.371596346401415
12.024,-0.37369660116543324
12.028,-0.35129610032887604
12.032,-0.38834908441090726
12.036,-0.3822020005976105
12.04,-0.3802480014041914
12.044,-0.40120166416421205
12.048,-0.41097987245266926
12.052,-0.4044658261569166
12.056,-0.3942440510070091
12.06,-0.4086146387649048
12.064,-0.41084184542313135
12.068,-0.40276740496979396
12.072,-0.4233974822340819
12.076,-0.42014342615166306
12.08,-0.4397062696342594
12.084,-0.4300139148864853
12.088,-0.4459906075509986
12.092,-0.4648852190376518
12.096,-0.5186741540373792
12.1,-0.5479070874690781
12.104,-0.5905259282906261
12.108,-0.5921174608605867
12.112,-0.5590800180394119
12.116,-0.5330967269751022
12.12,-0.4734438099338096
12.124,-0.36860879898068755
12.128,-0.24540661833463456
12.132,-0.07149900555343353
12.136,0.14616018784605278
12.14,0.3184036702673822
12.144,0.4789958300870765
12.148,0.5274210307625435
12.152,0.46471513554602534
12.156,0.32319083984664293
12.16,0.11113532844249235
12.164,-0.07825396250308647
12.168,-0.27784938595382147
12.172,-0.4270366576902186
12.176,-0.5526007414693945
12.18,-0.6402231150640513
12.184,-0.7108939474512572
12.188,-0.7715049796172686
12.192,-0.7286414845034328
12.196,-0.7026866129280404
12.2,-0.6314622246501675
12.204,-0.5793912216749059
12.208,-0.5485022718021706
12.212,-0.5224589203791344
12.216,-0.513418967793493
12.22,-0.5270505035123069
12.224,-0.5283949254277179
12.228,-0.5223683385626899
12.232,-0.5392962507687576
12.236,-0.5304261687979601
12.24,-0.5138580010369057
12.244,-0.5439385320519168
12.248,-0.5336412256563081
12.252,-0.5373262911250668
12.256,-0.5122795897582288
12.26,-0.538368470919205
12.264,-0.5381327591235174
12.268,-0.5436287447980108
12.272,-0.532806572824279
12.276,-0.5293162984554528
12.28,-0.5394784231236155
12.284,-0.5187622665467029
12.288,-0.5233376707645939
12.292,-0.5142413093101764
12.296,-0.5220133775998882
12.3,-0.5114830954680802
12.304,-0.5103986494632047
12.308,-0.48718161869811116
12.312,-0.49320471644401653
12.316,-0.48600152054106877
12.32,-0.4815173223082196
12.324,-0.4720947318629034
12.328,-0.45376322361156324
12.332,-0.4364277504998182
12.336,-0.4393254665479892
12.34,-0.4185612749843776
12.344,-0.4049631801778408
12.348,-0.38998969741714523
12.352,-0.3973853843643559
12.356,-0.37645622466405915
12.36,-0.36813081913970314
12.364,-0.34198187799322166
12.368,-0.3399447027927238
12.372,-0.3255142378948435
12.376,-0.32330086715289386
12.38,-0.307567278176154
12.384,-0.3084838095292827
12.388,-0.28503727959080766
12.392,-0.2849683081099235
12.396,-0.28724496263429655
12.4,-0.29263223585389314
12.404,-0.31273406815001276
12.408,-0.3015258832683755
12.412,-0.31091528245999095
12.416,-0.30885011953625446
12.42,-0.31467832853396127
12.424,-0.32855148623155844
12.428,-0.33127835886269336
12.432,-0.36269444995929684
12.436,-0.3769964499412787
12.44,-0.3749809838838922
12.444,-0.39852240213249235
12.448,-0.4176393810482123
12.452,-0.4116561954014155
12.456,-0.4390852416279153
12.46,-0.46113815595979507
12.464,-0.4799515801177501
12.468,-0.47305776031521685
12.472,-0.4967596904628564
12.476,-0.5102945361051515
12.48,-0.5146393797192186
12.484,-0.5225858133307487
12.488,-0.5349832115170701
12.492,-0.5398533633515282
12.496,-0.5515263202197842
12.5,-0.5570055808946396
12.504,-0.5755940464794368
12.508,-0.5551545080413501
12.512,-0.589885756785216
12.516,-0.5781129868047209
12.52,-0.5976564122324698
12.524,-0.5878331798705422
12.528,-0.59466445895089
12.532,-0.589282741488903
12.536,-0.5885499527693737
12.54,-0.6025419952323486
12.544,-0.5940091340883681
12.548,-0.5802768287139954
12.552,-0.6076298764141652
12.556,-0.6031652346071905
12.56,-0.5859833333121528
12.564,-0.593651559198116
12.568,-0.5926399265763985
12.572,-0.5835561625263019
12.576,-0.6012635723630094
12.58,-0.5979863532880668
12.584,-0.5986244718671728
12.588,-0.5950269748126445
12.592,-0.5774439988137863
12.596,-0.607096099567716
12.6,-0.6012288646252767
12.604,-0.6021029286156401
12.608,-0.5735487641084438
12.612,-0.5927911526645553
12.616,-0.5889584639163905
12.62,-0.6008467517842366
12.624,-0.5862978158591194
12.628,-0.5739477253196306
12.632,-0.5789882455531499
12.636,-0.5814675608436553
12.64,-0.5948753797861412
12.644,-0.5813103626009318
12.648,-0.575332895083053
12.652,-0.5854585131542676
12.656,-0.5676967016409056
12.66,-0.5640674720133514
12.664,-0.576844396449854
12.668,-0.5629064581029473
12.672,-0.5698358893531893
12.676,-0.555807046572661
12.68,-0.5454418214324134
12.684,-0.5751874982901292
12.688,-0.5549818968322252
12.692,-0.5480040603242242
12.696,-0.5690763475901859
12.7,-0.5633558312505492
12.704,-0.5615922085471171
12.708,-0.5550230533327111
12.712,-0.5550026195391945
12.716,-0.5508506904141272
12.72,-0.5374797735967007
12.724,-0.5612169770278573
12.728,-0.5476162886867775
12.732,-0.5258014901420867
12.736,-0.5203742668406832
12.74,-0.528448666136622
12.744,-0.5026087838650486
12.748,-0.48355794189195467
12.752,-0.48422676039377643
12.756,-0.4791744208495895
12.76,-0.4444835834635645
12.764,-0.4194304494275159
12.768,-0.42890915995624473
12.772,-0.40378760268276787
12.776,-0.378993081389313
12.78,-0.3768416699642801
12.784,-0.38663818237821235
12.788,-0.359452939917136
12.792,-0.37217214420219275
12.796,-0.377299087298396
12.8,-0.3874445968555288
12.804,-0.3666256209851615
12.808,-0.3972795162550649
12.812,-0.39721284332354156
12.816,-0.40675797717832923
12.82,-0.4225768699193275
12.824,-0.4319209884519204
12.828,-0.4403809698394214
12.832,-0.45047536659965176
12.836,-0.4653935159198901
12.84,-0.4705361855356896
12.844,-0.46580043157503936
12.848,-0.467377445353471
12.852,-0.46207066080563747
12.856,-0.45470217714812067
12.86,-0.4609453963417147
12.864,-0.47064433458396115
12.868,-0.48212423910436464
12.872,-0.4655138457817278
12.876,-0.46859575889750404
12.88,-0.4596522017535619
12.884,-0.4470332331669892
12.888,-0.4456549831430166
12.892,-0.42491159314374616
12.896,-0.43561873526566597
12.9,-0.4182823540076194
12.904,-0.42712238069738406
12.908,-0.4203111805915046
12.912,-0.4317209806824198
12.916,-0.43616556808214135
12.92,-0.4282453515816488
12.924,-0.42488433915085394
12.928,-0.43753337694839506
12.932,-0.45651411399796293
12.936,-0.46779271726960375
12.94,-0.5140535409199757
12.944,-0.5479556860405759
12.948,-0.5559502561558054
12.952,-0.5329321427090014
12.956,-0.497697160025173
12.96,-0.4207287806369986
12.964,-0.3163495093995405
12.968,-0.18802059036469268
12.972,-0.033583314739935644
12.976,0.1591056894965765
12.98,0.3717624391784726
12.984,0.552291699128546
12.988,0.6409118978532335
12.992,0.6147784332689477
12.996,0.50279817702662
13.0,0.3236212960288479
13.004,0.09871318814047558
13.008,-0.06757810827359212
13.012,-0.23979905738606905
13.016,-0.3522257662647269
13.02,-0.4556480831974375
13.024,-0.5548616296433571
13.028,-0.5794081180704002
13.032,-0.5730343672894408
13.036,-0.5334174283434374
13.04,-0.4442922179761235
13.044,-0.37292345868437476
13.048,-0.3517448415642842
13.052,-0.31287653845030944
13.056,-0.2910828341487132
13.06,-0.2951824807065397
13.064,-0.29186230280930053
13.068,-0.28945793130774694
13.072,-0.27727593612385476
13.076,-0.2695490068278976
13.08,-0.2692332024981706
13.084,-0.26500822739522184
13.088,-0.2650765464669651
13.092,-0.27559797830117944
13.096,-0.24558597088459105
13.1,-0.2620592544376347
13.104,-0.2373843062349642
13.108,-0.2300571787058989
13.112,-0.24267844723026322
13.116,-0.23058336459716802
13.12,-0.19603907628460787
13.124,-0.2102579702396918
13.128,-0.21327831240765147
13.132,-0.18402761425485942
13.136,-0.1900164699599023
13.14,-0.19099156714068194
13.144,-0.15528527675855208
13.148,-0.15751143674249077
13.152,-0.13213821479464039
13.156,-0.12961506442614087
13.16,-0.09969421349870669
13.164,-0.08937448325715366
13.168,-0.10075512536729722
13.172,-0.053973659001791435
13.176,-0.04298826391490343
13.18,-0.007699270639773964
13.184,0.0006977519557064826
13.188,0.023152104095007897
13.192,0.027389119921341964
13.196,0.04536767916224868
13.2,0.07145417999593215
13.204,0.08600637809105638
13.208,0.12014248669442262
13.212,0.12141826077133963
13.216,0.12573106762925795
13.22,0.14338365975978273
13.224,0.1734754882592139
13.228,0.17266060198123023
13.232,0.1808630531854021
13.236,0.2005562244705317
13.24,0.1857913005600216
13.244,0.17566169615110336
13.248,0.1906754385452193
13.252,0.2009937357283621
13.256,0.19372036858749314
13.26,0.1766543520124281
13.264,0.19701646255679423
13.268,0.1818178835552137
13.272,0.17632275103532496
13.276,0.1680053662755831
13.28,0.14153784828450008
13.284,0.14781341040958576
13.288,0.1438740395688716
13.292,0.13616684493154912
13.296,0.12207222864262096
13.3,0.11038345683322245
13.304,0.07871257896776934
13.308,0.08733798271834357
13.312,0.06998940186605096
13.316,0.08519064334365578
13.32,0.07728917949870118
13.324,0.05093471676954354
13.328,0.05528927113782235
13.332,0.054396486873710945
13.336,0.05791870554100828
13.34,0.02996216547486881
13.344,0.02319871080510902
13.348,0.04497510374021884
13.352,0.019247772410199118
13.356,0.046729723703291454
13.36,0.05220439126112388
13.364,0.06028021493540897
13.368,0.04377349794716176
13.372,0.054079691814748476
13.376,0.06179005534019898
13.38,0.0466164249049482
13.384,0.07087464217809916
13.388,0.0680225253310298
13.392,0.06295875079383267
13.396,0.07430721291050413
13.4,0.07550016598585081
13.404,0.08879174224869091
13.408,0.08156209163761982
13.412,0.09167528856740226
13.416,0.08748121341692429
13.42,0.0886354694136611
13.424,0.10408057774849122
13.428,0.09776936857991277
13.432,0.11912897563927866
13.436,0.12144103579342894
13.44,0.1122685718368381
13.444,0.12646085135297794
13.448,0.12102920446289288
13.452,0.11708407397406974
13.456,0.13155221541003534
13.46,0.14141357484613926
13.464,0.15151711095351353
13.468,0.1521772935640488
13.472,0.16413123319385745
13.476,0.14960678388244922
13.48,0.16000691336958503
13.484,0.1845640990834107
13.488,0.15314688654048922
13.492,0.17226579188146712
13.496,0.17038813744494763
13.5,0.18345665644238987
13.504,0.1853633087744005
13.508,0.20001586464687698
13.512,0.2008253111698848
13.516,0.18947902431457642
13.52,0.20090828721001375
13.524,0.2110338766528977
13.528,0.2226661468550017
13.532,0.2438346149349705
13.536,0.23076699843765583
13.54,0.21785929480699598
13.544,0.23131874813817604
13.548,0.23839341345289045
13.552,0.23580915620335624
13.556,0.25027582332109216
13.56,0.22766195594474922
13.564,0.2610523870168497
13.568,0.2563878332529388
13.572,0.26634747605952847
13.576,0.2892622907184537
13.58,0.2702424963646267
13.584,0.29515378725099
13.588,0.3114480023805341
13.592,0.3179429259552523
13.596,0.31451247536381693
13.6,0.3601561098768789
13.604,0.3618528942981174
13.608,0.3768772126025254
13.612,0.3974915756469558
13.616,0.41472627286230485
13.62,0.4232776240855748
13.624,0.45131459989293976
13.628,0.4552945126988778
13.632,0.476128591179009
13.636,0.4789756396813343
13.64,0.49062053776397996
13.644,0.46923935525839217
13.648,0.45724229300702274
13.652,0.4421185721012769
13.656,0.46872184184074905
13.66,0.4426483785981189
13.664,0.4183878997067676
13.668,0.43223287621089435
13.672,0.4200527659542364
13.676,0.3856867141764728
13.68,0.3860385751942731
13.684,0.3882901250343956
13.688,0.37650841228038867
13.692,0.3852121468094781
13.696,0.3934192042055683
13.7,0.37361449375161915
13.704,0.39203741513097295
13.708,0.40307937692380497
13.712,0.3980569416027878
13.716,0.39621215578905133
13.72,0.39336415862892
13.724,0.4115290707190882
13.728,0.3946808212310861
13.732,0.4121313623446741
13.736,0.4132168209906238
13.74,0.42746872353791876
13.744,0.41362122013651825
13.748,0.41768645605110954
13.752,0.4134269987220057
13.756,0.433321515861708
13.76,0.42756919483441447
13.764,0.42529655939327277
13.768,0.42636973416256513
13.772,0.43516331267446157
13.776,0.40686318488490697
13.78,0.3857035528314604
13.784,0.3740389232777524
13.788,0.3316802857201641
13.792,0.3228263468315655
13.796,0.3129853775071427
13.8,0.3484241689389941
13.804,0.4092274955408768
13.808,0.5067505940187039
13.812,0.620989957279281
13.816,0.771255379993466
13.82,0.9417488632073652
13.824,1.1447931213142235
13.828,1.3489486242874755
13.832,1.475121327168541
13.836,1.4917418818527173
13.84,1.3926307061631247
13.844,1.2326197249243875
13.848,1.0306668393218748
13.852,0.8285485740819297
13.856,0.6611028511531144
13.86,0.523494161161517
13.864,0.40401037952889773
13.868,0.3200817698055737
13.872,0.26881594230165134
13.876,0.25130257385097865
13.88,0.3008377717026365
13.884,0.3561751351690463
13.888,0.4251984600853905
13.892,0.4792516904420786
13.896,0.5118173736645332
13.9,0.5303952617751547
13.904,0.5175105196226645
13.908,0.5154084351775429
13.912,0.542042154979516
13.916,0.5490548330391173
13.92,0.5531873954840724
13.924,0.5448931167436031
13.928,0.52255842099673
13.932,0.548757932870733
13.936,0.5533536044510872
13.94,0.5631684255796172
13.944,0.5679777522174293
13.948,0.5660353298686955
13.952,0.5545901455061739
13.956,0.5540088432634197
13.96,0.5738402995808412
13.964,0.5651943841837419
13.968,0.5929608413602061
13.972,0.5667850686377706
13.976,0.5957080368996553
13.98,0.6000857209239955
13.984,0.6023683696364164
13.988,0.6034710890028426
13.992,0.6011693570364909
13.996,0.6263440591163965
14.0,0.6372119449437499
14.004,0.664981358434231
14.008,0.6583514919305329
14.012,0.6837892034710594
14.016,0.6801273927220541
14.02,0.7122666764833627
14.024,0.7000243136432469
14.028,0.7586883070086435
14.032,0.7519083808425817
14.036,0.7410406413110566
14.04,0.7773739034314462
14.044,0.7910624848219916
14.048,0.8080240963074473
14.052,0.8249834858315028
14.056,0.8351255370130447
14.06,0.8455796111828362
14.064,0.8528271008658586
14.068,0.8818056048239066
14.072,0.8931244505223815
14.076,0.8843195904138268
14.08,0.8905743749500618
14.084,0.8814463689222509
14.088,0.8934285918129614
14.092,0.8930894062280551
14.096,0.8847789933730232
14.1,0.8853126036379242
14.104,0.8771293637417393
14.108,0.8546471828450908
14.112,0.8668896022790769
14.116,0.8414648493723929
14.12,0.8478918109230873
14.124,0.8221565992202786
14.128,0.8239108127523329
14.132,0.8018443197791838
14.136,0.7780950502842511
14.14,0.7543529957465287
14.144,0.7405307023693877
14.148,0.7391935710660752
14.152,0.7220980585424552
14.156,0.7021767964451558
14.16,0.704481919098541
14.164,0.6853722085235068
14.168,0.6830001219069961
14.172,0.6552966218688216
14.176,0.6663083857546853
14.18,0.6533963437746346
14.184,0.6532209241426747
14.188,0.6446291189945688
14.192,0.6283215558724218
14.196,0.6224899027688745
14.2,0.6375482085352789
14.204,0.6129313301889481
14.208,0.6199279669536902
14.212,0.6056673920891602
14.216,0.5882766364990641
14.22,0.5923613373131544
14.224,0.6067103029528947
14.228,0.6079119145393168
14.232,0.6034356112451397
14.236,0.609403730094581
14.24,0.6005841634709844
14.244,0.5877458115550027
14.248,0.6003435051578067
14.252,0.5950545277234209
14.256,0.5865995065780892
14.26,0.5961014039684585
14.264,0.5912037728648033
14.268,0.5833970233302233
14.272,0.586700593460273
14.276,0.6016361035233243
14.28,0.6003144198609368
14.284,0.5873720463962778
14.288,0.5850251825812272
14.292,0.5690583886730152
14.296,0.5994914193784554
14.3,0.5915412862887659
14.304,0.5875476111447974
14.308,0.5561003697098728
14.312,0.578045276405225
14.316,0.5751215306895198
14.32,0.5819458663861943
14.324,0.5693002581091643
14.328,0.5701541996584041
14.332,0.5772940573900022
14.336,0.5619607805391873
14.34,0.5625210712663367
14.344,0.5687285700293466
14.348,0.5786839160093413
14.352,0.5718594230385693
14.356,0.5729798190220633
14.36,0.5612913742559528
14.364,0.5740328174133924
14.368,0.5401017271986853
14.372,0.5762007273343863
14.376,0.5760328430984307
14.38,0.5577474308337111
14.384,0.5603793925807111
14.388,0.5508707240960258
14.392,0.5488088674865913
14.396,0.5450844093649835
14.4,0.5518308956339188
14.404,0.5600716638834632
14.408,0.5621911306038813
14.412,0.5828266178310535
14.416,0.5705600906201842
14.42,0.562936748182356
14.424,0.6041145165593937
14.428,0.5866307465096816
14.432,0.6053034964330566
14.436,0.6259551380976491
14.44,0.6392895482065961
14.444,0.6312588631647971
14.448,0.6467309773474899
14.452,0.6450124481568023
14.456,0.6682277240690471
14.46,0.6722618615499547
14.464,0.6427954047077038
14.468,0.6559525629575861
14.472,0.6431692582259588
14.476,0.6127058130174662
14.48,0.5832806838930872
14.484,0.5754152137290003
14.488,0.5631927034065645
14.492,0.5682427226229166
14.496,0.5364932762292526
14.5,0.5139562021222356
14.504,0.5135054604517346
14.508,0.488738756033018
14.512,0.4980588773436574
14.516,0.47574046714503465
14.52,0.4709536379471814
14.524,0.4777287312738137
14.528,0.48689031678949246
14.532,0.4873117740629228
14.536,0.45125804480229825
14.54,0.45226874977722853
14.544,0.4601323790199141
14.548,0.46350574154822743
14.552,0.42707100437372086
14.556,0.4465022049236358
14.56,0.43767801295971354
14.564,0.42022141164258253
14.568,0.42298629238949936
14.572,0.42755500573558763
14.576,0.4306629546500451
14.58,0.4369233289749338
14.584,0.4269245070203982
14.588,0.42869045493936514
14.592,0.41342537739195157
14.596,0.39585225911706473
14.6,0.3833438328382546
14.604,0.3643383034526424
14.608,0.33095198729590136
14.612,0.2808259028129413
14.616,0.24560625133697508
14.62,0.25370670647348037
14.624,0.2790493088834723
14.628,0.33803527059252103
14.632,0.3963114877539608
14.636,0.5032948420438439
14.64,0.6608351625568736
14.644,0.8294403439249228
14.648,1.0291754774238664
14.652,1.2289799953645262
14.656,1.3213492453867763
14.66,1.3742712828623334
14.664,1.259244860727324
14.668,1.1039886577992672
14.672,0.8866120951207097
14.676,0.6868832587945842
14.68,0.5056138096235294
14.684,0.37228785018145344
14.688,0.2420432365898607
14.692,0.1470325878006407
14.696,0.11140032195485594
14.7,0.07635769958721486
14.704,0.09326548226542344
14.708,0.13528527039318888
14.712,0.22398639042547225
14.716,0.2436483885645317
14.72,0.29653115075025455
14.724,0.29208585641108187
14.728,0.2926521004656777
14.732,0.2916336735299852
14.736,0.30908074059525825
14.74,0.261452489112401
14.744,0.28186850298811494
14.748,0.27345588482085154
14.752,0.2704396581817556
14.756,0.2706343261428318
14.76,0.2631843530377684
14.764,0.2645992275587795
14.768,0.25955280391060076
14.772,0.24396181402009656
14.776,0.25850080210913784
14.78,0.2597652108676055
14.784,0.24547989937651954
14.788,0.2683075327812383
14.792,0.2622005737380597
14.796,0.25704639131337703
14.8,0.2572902648820975
14.804,0.25029722983626673
14.808,0.26314556017980767
14.812,0.2699331336537759
14.816,0.2655966881732449
14.82,0.2559302688075534
14.824,0.2661946968125508
14.828,0.2781292000908438
14.832,0.2873969390911297
14.836,0.2856617274156021
14.84,0.288918437097444
14.844,0.31923248189647735
14.848,0.3020231734918003
14.852,0.31311682700370475
14.856,0.3193247127414352
14.86,0.3333429531898085
14.864,0.3653684612452821
14.868,0.3755577386600145
14.872,0.37139541488503247
14.876,0.3858069497018598
14.88,0.3885580253523946
14.884,0.38346972635497045
14.888,0.4230115889516872
14.892,0.41855812760806954
14.896,0.4107212352766003
14.9,0.3992444609970325
14.904,0.40434512816124646
14.908,0.39656478448217397
14.912,0.3994373753772822
14.916,0.39462237528074
14.92,0.37930998734090404
14.924,0.35759395386230447
14.928,0.3812087044857677
14.932,0.3484897344192478
14.936,0.335550488012532
14.94,0.31046106195299217
14.944,0.2817967476806644
14.948,0.27855557038243917
14.952,0.25757965093448637
14.956,0.24899093868190963
14.96,0.2319016876751897
14.964,0.21148719290900683
14.968,0.194939550205918
14.972,0.18469188765121475
14.976,0.15266429203617268
14.98,0.14249212893477298
14.984,0.11988527099336523
14.988,0.08017192339056095
14.992,0.08267647768309215
14.996,0.06144251575022716
15.0,0.05918696090025262
15.004,0.03656098448975221
15.008,0.03894851478497033
15.012,0.03191020564800745
15.016,0.02408805897161257
15.02,0.018891760202798005
15.024,-0.022774122638551178
15.028,-0.02613322696825621
15.032,0.007532124816452185
15.036,-0.01878337295393602
15.04,-0.03335084501407437
15.044,-0.04162726358190183
15.048,-0.04855208673421486
15.052,-0.07308429970126203
15.056,-0.06700075020009912
15.06,-0.06572934812101856
15.064,-0.07693699021620906
15.068,-0.08065867469181313
15.072,-0.05413385483474842
15.076,-0.0870565418553434
15.08,-0.08649956037801734
15.084,-0.09153217622623276
15.088,-0.09268742052481968
15.092,-0.10793655861776519
15.096,-0.09524059393203946
15.1,-0.10779260162519261
15.104,-0.12959372070599845
15.108,-0.12227083653216
15.112,-0.12737382390178656
15.116,-0.13227561622363782
15.12,-0.12942937701585908
15.124,-0.1325914740381868
15.128,-0.1381774537527205
15.132,-0.14434957014748878
15.136,-0.15126695300399057
15.14,-0.17801009148355978
15.144,-0.1530839537068564
15.148,-0.16033432942516748
15.152,-0.17941045079733234
15.156,-0.17109165537868937
15.16,-0.17174187239463953
15.164,-0.1708207853608002
15.168,-0.18172887104069624
15.172,-0.18789838231454256
15.176,-0.18590838394279496
15.18,-0.20267452889984053
15.184,-0.19968053385271575
15.188,-0.2141410231219855
15.192,-0.20086248091509087
15.196,-0.2319571561959583
15.2,-0.21137845462849755
15.204,-0.22275182417508915
15.208,-0.21623084312071894
15.212,-0.23606069040016364
15.216,-0.22895033404973056
15.22,-0.22984719687116592
15.224,-0.22549881446759587
15.228,-0.23826151458692654
15.232,-0.21776073355549208
15.236,-0.23721012191227003
15.24,-0.2183680321198312
15.244,-0.2187347111796818
15.248,-0.1850647818418438
15.252,-0.17892690652789545
15.256,-0.16796883976606491
15.26,-0.14820950859343995
15.264,-0.1581609435862297
15.268,-0.14341236303958108
15.272,-0.14647378091798025
15.276,-0.14920868349180283
15.28,-0.14028420454725785
15.284,-0.14124497603492797
15.288,-0.17844078064384428
15.292,-0.18060709796265473
15.296,-0.2025718871873588
15.3,-0.2204397113639932
15.304,-0.23961497744059368
15.308,-0.26336721931109763
15.312,-0.31285724344596466
15.316,-0.27723149155700993
15.32,-0.3134577043884276
15.324,-0.3211349375703046
15.328,-0.3314609370188482
15.332,-0.34611034428870363
15.336,-0.3435624771895583
15.34,-0.3530045457505476
15.344,-0.3654500469828867
15.348,-0.3618438305399689
15.352,-0.3682202915367906
15.356,-0.3628036237797706
15.36,-0.3894234246604776
15.364,-0.3878344769793516
15.368,-0.376167003455397
15.372,-0.3933725450596852
15.376,-0.3995044269510872
15.38,-0.39982415620546163
15.384,-0.39834687171125766
15.388,-0.4016958111591206
15.392,-0.40618852181041676
15.396,-0.4177382415462476
15.4,-0.40316389133330893
15.404,-0.40142941406759003
15.408,-0.43870979211177596
15.412,-0.4428707507970887
15.416,-0.43071943042376304
15.42,-0.44740421288708404
15.424,-0.5169071537905195
15.428,-0.5261063585207444
15.432,-0.5523205645038045
15.436,-0.5944728933941479
15.44,-0.5605766143513878
15.444,-0.5400796645014365
15.448,-0.47066079066031963
15.452,-0.3895419274091864
15.456,-0.24792089060654512
15.46,-0.08686512866239171
15.464,0.11609633999304475
15.468,0.3112591921359283
15.472,0.4546355111973157
15.476,0.5594099284345049
15.48,0.5078424794481032
15.484,0.36759902820535806
15.488,0.15889514356050283
15.492,-0.05540100597273018
15.496,-0.24518278168499322
15.5,-0.3992028387745906
15.504,-0.5060508611254517
15.508,-0.6200720567051464
15.512,-0.707743890071912
15.516,-0.7413132298554519
15.52,-0.737308459250098
15.524,-0.686121206020075
15.528,-0.6463613824146559
15.532,-0.5816134227551095
15.536,-0.5450500173879648
15.54,-0.5360038645169451
15.544,-0.5029959053566985
15.548,-0.519708165686986
15.552,-0.527379030041875
15.556,-0.5105818757484141
15.56,-0.5204433427838949
15.564,-0.5187536573383795
15.568,-0.536428458169254
15.572,-0.5180615449091677
15.576,-0.5058992494294956
15.58,-0.5414951290548934
15.584,-0.5263413237820238
15.588,-0.5384902570652996
15.592,-0.5041914865691888
15.596,-0.51879357717799
15.6,-0.528074545018017
15.604,-0.5424312763685601
15.608,-0.5387665013331123
15.612,-0.5196360871584943
15.616,-0.5382986931549326
15.62,-0.5348851517979466
15.624,-0.5176569943805455
15.628,-0.5118037058182348
15.632,-0.5039082805759456
15.636,-0.5058186291590822
15.64,-0.4850581170727676
15.644,-0.4948266396259361
15.648,-0.4710112115001115
15.652,-0.46535183459409113
15.656,-0.4508943839550743
15.66,-0.4337490388013893
15.664,-0.4381411367265886
15.668,-0.4276810212892692
15.672,-0.42503533124290566
15.676,-0.41517707811828386
15.68,-0.38351131532667704
15.684,-0.36971004188758827
15.688,-0.36669923535059334
15.692,-0.35228227778831084
15.696,-0.3168101333674109
15.7,-0.31270829755751206
15.704,-0.32465281323257333
15.708,-0.30836335675461696
15.712,-0.29328139226241673
15.716,-0.2986465307459292
15.72,-0.297260292132121
15.724,-0.2911770255749607
15.728,-0.2773833293332294
15.732,-0.27885330182285306
15.736,-0.30225241159122423
15.74,-0.2963118522720162
15.744,-0.3086915611434452
15.748,-0.3279818092237966
15.752,-0.3315487804766048
15.756,-0.3531282377657946
15.76,-0.34179849071074314
15.764,-0.3516776059367349
15.768,-0.3857008075087974
15.772,-0.402887419567164
15.776,-0.4008555672844262
15.78,-0.4142526942467871
15.784,-0.45239720286785956
15.788,-0.457234459475335
15.792,-0.47036200737186057
15.796,-0.49089395141097525
15.8,-0.4920346617513131
15.804,-0.5148193538551074
15.808,-0.524309543294512
15.812,-0.5301344057880044
15.816,-0.5533373031590734
15.82,-0.5674504563716778
15.824,-0.5452728149174925
15.828,-0.5685881106849451
15.832,-0.5457647271158498
15.836,-0.5525697081069785
15.84,-0.5818263029224288
15.844,-0.5571989223257113
15.848,-0.5744534210850684
15.852,-0.5929909649915815
15.856,-0.6145895872540529
15.86,-0.5837010103342618
15.864,-0.5917090626186355
15.868,-0.5888222632245934
15.872,-0.5962547090785777
15.876,-0.6059899626706332
15.88,-0.5991950093595553
15.884,-0.5880496293218777
15.888,-0.5986946273208664
15.892,-0.5986556103036709
15.896,-0.6100303128631271
15.9,-0.5936096950069765
15.904,-0.6052396934983517
15.908,-0.5844580805565761
15.912,-0.600440519293854
15.916,-0.5954531451632313
15.92,-0.5701991047568054
15.924,-0.594198403639397
15.928,-0.5947866927993577
15.932,-0.5837304616901919
15.936,-0.6066047481375292
15.94,-0.5753709494753619
15.944,-0.5770293715363474
15.948,-0.580777840256758
15.952,-0.6188115718625083
15.956,-0.586618217112321
15.96,-0.5957019979527562
15.964,-0.570647596727301
15.968,-0.5702447558362088
15.972,-0.5757385615214103
15.976,-0.5904648268270772
15.98,-0.5622727127263512
15.984,-0.5785871663936363
15.988,-0.5566267064198672
15.992,-0.5707092474405231
15.996,-0.5669442283674067
16.0,-0.5752302694282561
16.004,-0.5551368107762846
16.008,-0.5616626033637833
16.012,-0.5518150806389926
16.016,-0.5629136455870295
16.02,-0.5635385194635495
16.024,-0.5554076238465886
16.028,-0.545101721776989
16.032,-0.5473544849768557
16.036,-0.5538880473521176
16.04,-0.5712448017889715
16.044,-0.5414935576524681
16.048,-0.560266783480405
16.052,-0.5409731234430508
16.056,-0.5368657618727607
16.06,-0.5429850924938989
16.064,-0.5166858426969678
16.068,-0.48881403358658027
16.072,-0.5016974838340345
16.076,-0.47744403935342805
16.08,-0.4466004349685322
16.084,-0.44549058854868745
16.088,-0.4439866791768984
16.092,-0.41875958379797557
16.096,-0.40089147459017627
16.1,-0.3777450321277162
16.104,-0.36891978026612243
16.108,-0.4009638281122845
16.112,-0.37767391319131
16.116,-0.3694450276396674
16.12,-0.3821716878351947
16.124,-0.4155195278182217
16.128,-0.3948654160313655
16.132,-0.39854769834946513
16.136,-0.4156424591109451
16.14,-0.43240518068775063
16.144,-0.4335283613260039
16.148,-0.4409242574237051
16.152,-0.45797736383661714
16.156,-0.44682943332408614
16.16,-0.46549600560604354
16.164,-0.47866107856890244
16.168,-0.4835724604360355
16.172,-0.47555691066123496
16.176,-0.46233946714623064
16.18,-0.48092319416733503
16.184,-0.4653028360522394
16.188,-0.46841913844851224
16.192,-0.4471947207631561
16.196,-0.4607461519936631
16.2,-0.46898470890734567
16.204,-0.4518757743921001
16.208,-0.44869401738680814
16.212,-0.45745937019108895
16.216,-0.4621787269745831
16.22,-0.442191265716892
16.224,-0.44389880726804115
16.228,-0.45665984725188913
16.232,-0.4359158669448052
16.236,-0.44191116424299726
16.24,-0.4482400557658196
16.244,-0.4355396020661721
16.248,-0.4214686528647389
16.252,-0.4309134134258129
16.256,-0.4517170162999192
16.26,-0.4865059622837926
16.264,-0.5156264504059351
16.268,-0.5459504631656656
16.272,-0.5634855674019066
16.276,-0.5393102252620428
16.28,-0.4859026640278467
16.284,-0.3893015759278505
16.288,-0.2881579151953706
16.292,-0.1707869927372981
16.296,0.017718297871425925
16.3,0.2175277649388963
16.304,0.4197254543257662
16.308,0.5651468615071621
16.312,0.6420231692287055
16.316,0.5768060514946882
16.32,0.4362505307829168
16.324,0.2422017878842409
16.328,0.028839905371677466
16.332,-0.13764399502400726
16.336,-0.2740640126405659
16.34,-0.38800230044240847
16.344,-0.5074525710861754
16.348,-0.5740488977625275
16.352,-0.5808545751058225
16.356,-0.5499592621078069
16.36,-0.5052293865126183
16.364,-0.43859312516740434
16.368,-0.4030552978774459
16.372,-0.3556576227706002
16.376,-0.34820191860429617
16.38,-0.3146381456868326
16.384,-0.3273762712209479
16.388,-0.287221695967406
16.392,-0.28055585974841657
16.396,-0.29040431596605537
16.4,-0.30260335939356403
16.404,-0.2792857884669536
16.408,-0.25988507768543834
16.412,-0.2689945056914676
16.416,-0.25699071442991617
16.42,-0.2685615253473795
16.424,-0.2670351024715408
16.428,-0.2533474968845136
16.432,-0.26587933903876637
16.436,-0.21755327460922907
16.44,-0.2319355691807634
16.444,-0.2173032152761185
16.448,-0.22266914500896584
16.452,-0.22495514441738906
16.456,-0.18606744084445206
16.46,-0.2016458716732074
16.464,-0.17622554807857405
16.468,-0.16378092211652362
16.472,-0.15512738425864092
16.476,-0.15050568240387535
16.48,-0.1300818813747069
16.484,-0.1231562823233716
16.488,-0.08980927951471507
16.492,-0.07565710314871966
16.496,-0.06435738482666278
16.5,-0.05199254469276146
16.504,-0.0069146035581996446
16.508,-0.022340318169699225
16.512,-0.005911225420759919
16.516,0.027577582682256657
16.52,0.044494960638835845
16.524,0.07634016388450865
16.528,0.08951532841678858
16.532,0.10022882506985328
16.536,0.1207989194938131
16.54,0.13526468109106113
16.544,0.16473006358770612
16.548,0.1579229289400498
16.552,0.15858166621631242
16.556,0.17558377685650783
16.56,0.15374942678503878
16.564,0.18404163346073807
16.568,0.1978240833216835
16.572,0.19357286035574384
16.576,0.18939565765540992
16.58,0.1900686777226292
16.584,0.19021675242023864
16.588,0.1876463977903799
16.592,0.17086157077266784
16.596,0.15519852712092014
16.6,0.1263832745455431
16.604,0.14985614685417598
16.608,0.13538909626694062
16.612,0.12173646455424014
16.616,0.10330483245931582
16.62,0.10999277607397118
16.624,0.0882650218427582
16.628,0.08146898166152997
16.632,0.07282642241588935
16.636,0.0701502287263433
16.64,0.04719553253610073
16.644,0.058152823174885446
16.648,0.04000916890069783
16.652,0.03590720231570145
16.656,0.04801565988060026
16.66,0.026441795851274884
16.664,0.04325410780170082
16.668,0.03421818493372432
16.672,0.01621510925960035
16.676,0.04649089226249589
16.68,0.036695305464746156
16.684,0.038821411393307345
16.688,0.04672349770702645
16.692,0.05384219132785921
16.696,0.04343424186868618
16.7,0.0504963743088157
16.704,0.0512147465194391
16.708,0.04749191940868087
16.712,0.038704989281449255
16.716,0.06047532498780966
16.72,0.07604126166833972
16.724,0.07212490060087129
16.728,0.05974937984431847
16.732,0.08560490383419626
16.736,0.07579968391696668
16.74,0.06228456900159961
16.744,0.09772941993132742
16.748,0.08246850403252225
16.752,0.11412078228587486
16.756,0.11219592486934207
16.76,0.10285376640274285
16.764,0.11414409982012785
16.768,0.13821065391795423
16.772,0.12839238682789963
16.776,0.12519318581652888
16.78,0.15611813671164504
16.784,0.13281317991163027
16.788,0.141860704247543
16.792,0.13107925319328945
16.796,0.12808603362884868
16.8,0.14633951292153813
16.804,0.15397795191865216
16.808,0.1612544666622031
16.812,0.14812335010630034
16.816,0.1732779807788271
16.82,0.1627082077686216
16.824,0.18143060120625396
16.828,0.18901382534891528
16.832,0.1800206427318482
16.836,0.17863838544207986
16.84,0.20800343999570697
16.844,0.2055759568022452
16.848,0.20263622357339314
16.852,0.2200607448113459
16.856,0.21046089046574473
16.86,0.207669559480248
16.864,0.20810351985505485
16.868,0.221296646577373
16.872,0.2343684525820236
16.876,0.2448708284765707
16.88,0.2356108818292684
16.884,0.25204226023667586
16.888,0.2425105885051633
16.892,0.24188846397302702
16.896,0.24213497616128643
16.9,0.25623905135184305
16.904,0.2555261516304674
16.908,0.2962477189804918
16.912,0.2897407076462991
16.916,0.2950497756697796
16.92,0.3255034829396931
16.924,0.30922498412746946
16.928,0.33646750785240537
16.932,0.37483600459104993
16.936,0.3714136239384346
16.94,0.41578221804992715
16.944,0.4173584950938518
16.948,0.43966560105550356
16.952,0.45513948669433124
16.956,0.45429950411316766
16.96,0.458581909088739
16.964,0.4677809492238728
16.968,0.4607044720622092
16.972,0.46788467599316086
16.976,0.4632357279637447
16.98,0.47232033447422156
16.984,0.45170761437217455
16.988,0.4587832843636061
16.992,0.40278179560823674
16.996,0.4019624103399995
17.0,0.4014147530771488
17.004,0.4121762344285319
17.008,0.39007924601130306
17.012,0.37209952525468687
17.016,0.38152522497598446
17.02,0.3706285254452902
17.024,0.36851281587543694
17.028,0.4032708737843432
17.032,0.3813703312943465
17.036,0.38879755519152726
17.04,0.38872911553619965
17.044,0.39002020540587296
17.048,0.38719090483787744
17.052,0.3956681936886792
17.056,0.405388822070388
17.06,0.4194761134646263
17.064,0.41804693835455425
17.068,0.39966047860226783
17.072,0.42500219658434074
17.076,0.423118023351088
17.08,0.41533511398383294
17.084,0.42656272634279235
17.088,0.43344766912257693
17.092,0.4306250568582358
17.096,0.4358461725774541
17.1,0.41972456757625853
17.104,0.43888555501805937
17.108,0.38057030484836946
17.112,0.3768448779564254
17.116,0.3421546066426928
17.12,0.32026092418943203
17.124,0.3026800380180803
17.128,0.3452785055773616
17.132,0.3843770559486742
17.136,0.45144451410088837
17.14,0.558390873805667
17.144,0.7116114616447065
17.148,0.8734413831191588
17.152,1.1120332111349815
17.156,1.3014905423543763
17.16,1.4523690860135414
17.164,1.5004114825407107
17.168,1.4203798296614338
17.172,1.2662124093739213
17.176,1.0511521454802653
17.18,0.8728802497600113
17.184,0.7178483841993762
17.188,0.5469897068938261
17.192,0.43571289637701277
17.196,0.3396470068337189
17.2,0.28731056979240227
17.204,0.2755828248333801
17.208,0.26915824955447715
17.212,0.32338470781977635
17.216,0.413677290802994
17.22,0.45955973400041045
17.224,0.4863515514097795
17.228,0.5271482534173723
17.232,0.5072436134293561
17.236,0.5357244903216616
17.24,0.5290654619319715
17.244,0.5384251267103404
17.248,0.510924057749595
17.252,0.534624064686274
17.256,0.5470919388871033
17.26,0.5416704404688492
17.264,0.5575498047481657
17.268,0.5600503756670823
17.272,0.5412576245675733
17.276,0.5623067945967856
17.28,0.5476180108248513
17.284,0.5618623459023117
17.288,0.572010267094124
17.292,0.5616249642842983
17.296,0.5828332365479061
17.3,0.575410906783171
17.304,0.5807295346733214
17.308,0.6003026388492421
17.312,0.592256573160273
17.316,0.5998565756846674
17.32,0.6280141458765691
17.324,0.6283656983881353
17.328,0.6232350485029761
17.332,0.6576514334592067
17.336,0.6571576137119848
17.34,0.6601001144485714
17.344,0.6626892205669187
17.348,0.711079683610983
17.352,0.7082835299606889
17.356,0.7197158222519968
17.36,0.75411286257383
17.364,0.7714727608958318
17.368,0.7711919653354808
17.372,0.8035958702343441
17.376,0.8299788225126079
17.38,0.837200654937684
17.384,0.849081395980585
17.388,0.852675290428681
17.392,0.8561904181800186
17.396,0.8697127522719927
17.4,0.8827146541646009
17.404,0.8720265613396919
17.408,0.8813584154723447
17.412,0.8773119873627667
17.416,0.894531386558367
17.42,0.8916555083877415
17.424,0.8810378665712425
17.428,0.8906788171520204
17.432,0.8652128221601008
17.436,0.8603583918623026
17.44,0.8652349576517337
17.444,0.8556484420251007
17.448,0.8262889772104309
17.452,0.8236152432835928
17.456,0.7999291126108843
17.46,0.7917495738759495
17.464,0.7809535531271604
17.468,0.7708893269188897
17.472,0.7543868307811579
17.476,0.7401821903766763
17.48,0.7133568618563201
17.484,0.7152841044392492
17.488,0.7048333479190941
17.492,0.6948663704554838
17.496,0.6702184470240103
17.5,0.6768172640464769
17.504,0.6455580942489605
17.508,0.6463061241983459
17.512,0.6405371036650389
17.516,0.6241078062060379
17.52,0.6279841313035299
17.524,0.62793627797574
17.528,0.6029112288523498
17.532,0.6132304182011734
17.536,0.5962051404062179
17.54,0.6310630222560332
17.544,0.6101225517603854
17.548,0.6069450451874195
17.552,0.6059867050329923
17.556,0.6079353877799784
17.56,0.6100999802108585
17.564,0.5832784921844328
17.568,0.6107462876698684
17.572,0.6089397251512019
17.576,0.5947368808338211
17.58,0.5931928253828254
17.584,0.5623753531017056
17.588,0.5800140491229365
17.592,0.5967092038243635
17.596,0.6025991872964129
17.6,0.5969509241624774
17.604,0.5879654786798526
17.608,0.6070265973264466
17.612,0.5968457819967175
17.616,0.5818594964547493
17.62,0.6065975854951586
17.624,0.5727665130776756
17.628,0.5679329584681897
17.632,0.5773338081058488
17.636,0.572821439688648
17.64,0.5755903641244055
17.644,0.5860208429271472
17.648,0.5764685055821769
17.652,0.575461604657567
17.656,0.5748367729444226
17.66,0.5497971431203517
17.664,0.5564072826167219
17.668,0.5663140364063639
17.672,0.5603130302286911
17.676,0.5649677873867109
17.68,0.5798389630885256
17.684,0.5635347887123099
17.688,0.5495104478537178
17.692,0.553228158909621
17.696,0.5766712199425608
17.7,0.5732845856178801
17.704,0.5623145831255292
17.708,0.5391514937723745
17.712,0.5563235876256911
17.716,0.5556813178657344
17.72,0.550870830145739
17.724,0.5439684378487478
17.728,0.5455086522219549
17.732,0.5427823269955412
17.736,0.5385476428757582
17.74,0.5654712484588476
17.744,0.563668910823936
17.748,0.5564630802572182
17.752,0.5688951764168425
17.756,0.5770021726895995
17.76,0.6058889441975325
17.764,0.6019600375577454
17.768,0.6133959244016611
17.772,0.6177263173927497
17.776,0.6250787446508536
17.78,0.6542976270364917
17.784,0.6561756802542219
17.788,0.647895156948166
17.792,0.6639859852163819
17.796,0.6673800817191038
17.8,0.6337623578545193
17.804,0.6375088835257641
17.808,0.6390831652526772
17.812,0.6022775747270728
17.816,0.5880497306410805
17.82,0.5861536850908503
17.824,0.5766879498377486
17.828,0.5605401444161621
17.832,0.5554100121561081
17.836,0.5262492187806973
17.84,0.5091644525238856
17.844,0.4889558544232566
17.848,0.48892141938352374
17.852,0.4920201869982159
17.856,0.48587828577794995
17.86,0.47540538634087515
17.864,0.47342074169554094
17.868,0.47648958511821965
17.872,0.46067529127735735
17.876,0.4700817105989597
17.88,0.44581713544202484
17.884,0.44914208643826387
17.888,0.441923419307303
17.892,0.45154660366461763
17.896,0.43037127655508034
17.9,0.43418984113823
17.904,0.4156883620775895
17.908,0.4370869559057828
17.912,0.440441479547642
17.916,0.4338558102560945
17.92,0.4294896393412332
17.924,0.42586661959269
17.928,0.4191533333877593
17.932,0.4096182706191374
17.936,0.3951530149882427
17.94,0.3571792683048199
17.944,0.32721348546084944
17.948,0.29088546186992636
17.952,0.25464119714823774
17.956,0.2298395161765373
17.96,0.24824698728572844
17.964,0.30621176547280077
17.968,0.382342828733313
17.972,0.4705310634488673
17.976,0.6296654872689231
17.98,0.7626106822058346
17.984,0.9734278285336126
17.988,1.1748065248905772
17.992,1.3154342173815488
17.996,1.3627351254032043
18.0,1.3098249669568567
18.004,1.1503066155132755
18.008,0.9652567129843126
18.012,0.7531643861990345
18.016,0.5462675266897025
18.02,0.4043090963147565
18.024,0.25986132610823004
18.028,0.1895424698888142
18.032,0.1057764070488244
18.036,0.08638103979303982
18.04,0.08420134484885483
18.044,0.11108380904984791
18.048,0.2117672591680398
18.052,0.23508342323996484
18.056,0.2557237821022249
18.06,0.2932434548499241
18.064,0.3074401698330112
18.068,0.2847250797569824
18.072,0.2830734445964869
18.076,0.28297784135007437
18.08,0.2658320249939809
18.084,0.2663858063477676
18.088,0.28753179364759396
18.092,0.2649106186571806
18.096,0.2545040366893511
18.1,0.2551620411806764
18.104,0.2674025102249834
18.108,0.23413330706374322
18.112,0.2539244530612947
18.116,0.27379912958966507
18.12,0.2676493630359866
18.124,0.25164823395234326
18.128,0.25812929273094826
18.132,0.2576101678318408
18.136,0.2434464117516942
18.14,0.2547583997088333
18.144,0.2648979587204336
18.148,0.2366210358781316
18.152,0.2580581470414663
18.156,0.25975789291274487
18.16,0.2618649028974356
18.164,0.2665140187672677
18.168,0.2750520753085862
18.172,0.2830621742966743
18.176,0.299016615919883
18.18,0.301200241027047
18.184,0.303846701743853
18.188,0.3068848946437962
18.192,0.3205472509529248
18.196,0.3380401499072938
18.2,0.3385161829097889
18.204,0.3649831852915962
18.208,0.36936826055229544
18.212,0.38543239154247744
18.216,0.37571359084886413
18.22,0.3808644401158593
18.224,0.40638099829911956
18.228,0.40075603977783725
18.232,0.40029775771130627
18.236,0.41047154294055505
18.24,0.40945203025769283
18.244,0.3877511721268019
18.248,0.4097086325336204
18.252,0.38539352952194794
18.256,0.39825171558998645
18.26,0.35786035284833745
18.264,0.36260946552762896
18.268,0.3442490501230401
18.272,0.31161337392888566
18.276,0.32198034352607546
18.28,0.2791605059964902
18.284,0.27766086620881286
18.288,0.2731853305985278
18.292,0.2380048661222075
18.296,0.21523214652470923
18.3,0.21323211526375524
18.304,0.18386567191609704
18.308,0.1637763042356348
18.312,0.16251682480682852
18.316,0.12062641414318416
18.32,0.11092349598899105
18.324,0.10816566182268003
18.328,0.07197591026294442
18.332,0.08768632545368726
18.336,0.05425697334385802
18.34,0.05251351459723575
18.344,0.04066620580909441
18.348,0.019392018319246133
18.352,0.005856301168872185
18.356,0.0006586552171968969
18.36,-0.0006856962701255465
18.364,-0.025976330491359393
18.368,-0.03590002512944501
18.372,-0.016293293531823787
18.376,-0.04531933684086566
18.38,-0.040885423138024624
18.384,-0.05257285644377334
18.388,-0.05796831055588711
18.392,-0.04767995212182494
18.396,-0.0682219004727474
18.4,-0.07614957620707721
18.404,-0.08034282480519588
18.408,-0.08762249995919108
18.412,-0.09413004484108943
18.416,-0.09718164293415504
18.42,-0.08024486275379035
18.424,-0.09439599966181281
18.428,-0.10955106822871609
18.432,-0.10083329709015001
18.436,-0.1310417012055159
18.44,-0.10590731080985598
18.444,-0.11118542215278776
18.448,-0.10622828531360108
18.452,-0.12291496871884981
18.456,-0.13308305277509527
18.46,-0.12895632880196894
18.464,-0.15252656072357487
18.468,-0.15461244528250473
18.472,-0.15568007081082727
18.476,-0.1457179451031555
18.48,-0.17232460214917358
18.484,-0.1777354218807072
18.488,-0.17008823800397546
18.492,-0.16960673356681438
18.496,-0.18813047903856978
18.5,-0.17870167835163267
18.504,-0.17601546001347093
18.508,-0.18197387825837535
18.512,-0.19470667493953747
18.516,-0.20338301218788135
18.52,-0.18932500661432564
18.524,-0.21068271650408607
18.528,-0.2055156966765897
18.532,-0.19930883941510613
18.536,-0.21434682516994394
18.54,-0.23623649413247635
18.544,-0.24187492960902734
18.548,-0.23519591370541285
18.552,-0.22720455857254745
18.556,-0.23107529931349208
18.56,-0.21359708132900973
18.564,-0.23015668338416886
18.568,-0.23511074308081834
18.572,-0.23883858556292153
18.576,-0.20965208337454277
18.58,-0.21382376881542253
18.584,-0.21972049198261412
18.588,-0.19433284699214765
18.592,-0.19399388814021268
18.596,-0.17808686264502824
18.6,-0.1646933706932131
18.604,-0.1666952393657304
18.608,-0.15813169242424258
18.612,-0.15963473078942608
18.616,-0.16200266986563253
18.62,-0.17134031655684906
18.624,-0.17611991618564332
18.628,-0.1934167658125013
18.632,-0.1942619489896155
18.636,-0.21546326663936127
18.64,-0.22371567149482366
18.644,-0.23503972398923778
18.648,-0.26474465250462925
18.652,-0.28347184965088024
18.656,-0.2955014575695328
18.66,-0.31148580588353114
18.664,-0.32718058686088164
18.668,-0.3378830601790684
18.672,-0.3562621125862916
18.676,-0.3448752854797024
18.68,-0.3597871533885657
18.684,-0.35039587944369
18.688,-0.360555035997115
18.692,-0.3803388508238124
18.696,-0.365668683693837
18.7,-0.4075774018372674
18.704,-0.3663487813951634
18.708,-0.4026108379236596
18.712,-0.38777675696192404
18.716,-0.39190190272886477
18.72,-0.38834656922739325
18.724,-0.40624571027271483
18.728,-0.4277619571978036
18.732,-0.4129103661533345
18.736,-0.4151775818147119
18.74,-0.43697566624999906
18.744,-0.420093617581713
18.748,-0.43700391865108124
18.752,-0.42923986535205705
18.756,-0.45465838319305213
18.76,-0.45888407070328874
18.764,-0.5167309655135061
18.768,-0.5483668015418435
18.772,-0.5840612760280606
18.776,-0.6057817581253989
18.78,-0.5709837261378777
18.784,-0.5129076070813471
18.788,-0.4399415338708933
18.792,-0.3456584931331983
18.796,-0.21837574544727584
18.8,-0.020731473823683066
18.804,0.1770081305852056
18.808,0.36957476841319925
18.812,0.4884881324521711
18.816,0.5078130851308913
18.82,0.45546653158849076
18.824,0.28912449551996633
18.828,0.09871510843440784
18.832,-0.11973792187792709
18.836,-0.2994537329514981
18.84,-0.4420327771170868
18.844,-0.5723736584878466
18.848,-0.6679651931747537
18.852,-0.7256155944064993
18.856,-0.7554215811342244
18.86,-0.7279169489553382
18.864,-0.6568705046493866
18.868,-0.6087963844549971
18.872,-0.5688226770387873
18.876,-0.5259367029161202
18.88,-0.5343696763681598
18.884,-0.4956065329438453
18.888,-0.5243621956430569
18.892,-0.5008906150915305
18.896,-0.5026897675496403
18.9,-0.5420603396745652
18.904,-0.5116331872078141
18.908,-0.5307980873497508
18.912,-0.5351434786165307
18.916,-0.5255453415504122
18.92,-0.5419922598613862
18.924,-0.5277743334182055
18.928,-0.5428053982301833
18.932,-0.5319096521819847
18.936,-0.5202434354957913
18.94,-0.5292321162348337
18.944,-0.5357257980102804
18.948,-0.5252189518603002
18.952,-0.5426204146816902
18.956,-0.534226738948793
18.96,-0.5267273155895565
18.964,-0.5103937809334893
18.968,-0.5092456586848538
18.972,-0.5021571005485574
18.976,-0.5011214763794457
18.98,-0.5011837182135674
18.984,-0.46999006087602785
18.988,-0.48254548972981964
18.992,-0.4612348547325048
18.996,-0.4556197348607736
19.0,-0.43723437880649146
19.004,-0.4366760283450183
19.008,-0.4073640345221847
19.012,-0.3910337089153159
19.016,-0.3816481912812706
19.02,-0.37673005165470025
19.024,-0.36959725756757456
19.028,-0.3243643985583485
19.032,-0.3504515186918633
19.036,-0.3204936727681252
19.04,-0.31577519440263774
19.044,-0.3107464252082589
19.048,-0.3006864709565007
19.052,-0.30161276262916403
19.056,-0.28789802008735016
19.06,-0.2864433207538399
19.064,-0.2621290690032143
19.068,-0.2793728473524527
19.072,-0.2879729282020151
19.076,-0.29225945128222003
19.08,-0.2862578729550957
19.084,-0.3226403661939319
19.088,-0.324551464644107
19.092,-0.3529243882814131
19.096,-0.3405506147783936
19.1,-0.3508995231557425
19.104,-0.38332979304854814
19.108,-0.3735538431654465
19.112,-0.40995335228788266
19.116,-0.4211760174832043
19.12,-0.43147871465789495
19.124,-0.4314164487046067
19.128,-0.47022858952976476
19.132,-0.4724902980430812
19.136,-0.4807643476238272
19.14,-0.49520025784754873
19.144,-0.5063964409805367
19.148,-0.515546871562826
19.152,-0.5385394566338105
19.156,-0.5250552406556853
19.16,-0.5511036940930141
19.164,-0.5596301239811372
19.168,-0.5500886171391098
19.172,-0.5754602006737554
19.176,-0.5708072546812724
19.18,-0.5854137194540873
19.184,-0.5565447526145528
19.188,-0.5616361109227385
19.192,-0.5883011874206235
19.196,-0.5840218305039908
19.2,-0.590787681406057
19.204,-0.5955912915633909
19.208,-0.59186570801367
19.212,-0.5941564677438038
19.216,-0.6094135968826813
19.22,-0.5918333259049946
19.224,-0.5949713730541106
19.228,-0.5913638512438674
19.232,-0.5950717398843215
19.236,-0.597601544856336
19.24,-0.5848562724247619
19.244,-0.5877991370080703
19.248,-0.5786230893119879
19.252,-0.5870255495634726
19.256,-0.5932810593933798
19.26,-0.5844176588796808
19.264,-0.6096242813742396
19.268,-0.567969970450736
19.272,-0.5854100353472892
19.276,-0.5654168450530829
19.28,-0.5950245098768405
19.284,-0.596540478128262
19.288,-0.5807028982584482
19.292,-0.5796980333124983
19.296,-0.5788685331101106
19.3,-0.57928609889289
19.304,-0.5862848245025797
19.308,-0.5936822788281201
19.312,-0.5747875028800867
19.316,-0.5891991734678322
19.32,-0.5888590587826318
19.324,-0.5775680899452227
19.328,-0.5680772694280721
19.332,-0.5510648156477823
19.336,-0.5596242047647909
19.34,-0.5534429217016871
19.344,-0.5594330036895179
19.348,-0.5602632346449054
19.352,-0.5365087955412224
19.356,-0.5719772152335783
19.36,-0.5594507707050586
19.364,-0.5544365568692734
19.368,-0.5368954137084452
19.372,-0.5491176010125263
19.376,-0.5237317715833165
19.38,-0.5159708836479181
19.384,-0.5023076491366124
19.388,-0.489460366934606
19.392,-0.4674756543125968
19.396,-0.4676228331437929
19.4,-0.4454547149319777
19.404,-0.4417857503046613
19.408,-0.42856599041816806
19.412,-0.3874386353044237
19.416,-0.4018432207786221
19.42,-0.37907539899795734
19.424,-0.37553288723684985
19.428,-0.36822942661229086
19.432,-0.3993829319644332
19.436,-0.38002474159691035
19.44,-0.3983653073586786
19.444,-0.4145842579044553
19.448,-0.4230129482337272
19.452,-0.42235797750796195
19.456,-0.43720688959910103
19.46,-0.4565800869422209
19.464,-0.4760497384938036
19.468,-0.48304384892282654
19.472,-0.4707963840313591
19.476,-0.49539787266779967
19.48,-0.48657096488797663
19.484,-0.46002756130256367
19.488,-0.48259785558313295
19.492,-0.4792549572703469
19.496,-0.4961019005083385
19.5,-0.49607955019814165
19.504,-0.4738014241399787
19.508,-0.48227956553000456
19.512,-0.465236713937321
19.516,-0.47293341048496595
19.52,-0.4361048630797721
19.524,-0.47363165210140906
19.528,-0.46220874251595023
19.532,-0.4711943478825723
19.536,-0.4490525341643757
19.54,-0.45206372079803675
19.544,-0.46317375020981455
19.548,-0.4539109822369246
19.552,-0.43456806269415543
19.556,-0.4344867759209802
19.56,-0.46278506014791676
19.564,-0.4607709405055967
19.568,-0.45443194130657566
19.572,-0.500963035977081
19.576,-0.529893718838646
19.58,-0.549109548066115
19.584,-0.5825102821627789
19.588,-0.5615203389498278
19.592,-0.509756111959541
19.596,-0.42253338273608815
19.6,-0.32531327654127773
19.604,-0.19595091574679602
19.608,-0.033837042502238235
19.612,0.18011144808845236
19.616,0.37076957240862757
19.62,0.5392596637287234
19.624,0.6178540252408896
19.628,0.593051269089762
19.632,0.4459033340977706
19.636,0.2540824446050007
19.64,0.06817110848855817
19.644,-0.11416109844030181
19.648,-0.28477923295025387
19.652,-0.41295156048732407
19.656,-0.4874788701942827
19.66,-0.5850363203625011
19.664,-0.6157498928476606
19.668,-0.588198282096225
19.672,-0.5375074441732222
19.676,-0.48620438882364736
19.68,-0.41529847312092294
19.684,-0.37242984315072547
19.688,-0.3538805713131086
19.692,-0.31437353761156994
19.696,-0.3223566693718662
19.7,-0.3100290121971037
19.704,-0.3314547377413043
19.708,-0.3273313186709963
19.712,-0.3038507207248336
19.716,-0.28557546876218454
19.72,-0.3097677267895998
19.724,-0.29362436441531437
19.728,-0.3026161439391056
19.732,-0.2924438342502538
19.736,-0.27806821413846555
19.74,-0.27937610992469303
19.744,-0.2816203426055935
19.748,-0.27557538536966847
19.752,-0.27445149284478526
19.756,-0.24363019471298905
19.76,-0.2346777348519615
19.764,-0.2263812459258217
19.768,-0.23239116074812627
19.772,-0.20351814022208742
19.776,-0.19602455150247888
19.78,-0.19172808799345115
19.784,-0.18123872276768108
19.788,-0.1731699766736674
19.792,-0.15089686973744665
19.796,-0.12192562370016172
19.8,-0.11116627707667903
19.804,-0.10876832137265947
19.808,-0.08376520373393095
19.812,-0.08248643845292145
19.816,-0.04598203602820902
19.82,-0.043028072772482884
19.824,-0.009036978407595986
19.828,0.0325724841020992
19.832,0.015853454983036808
19.836,0.06910157247080487
19.84,0.06253853199047107
19.844,0.06712171529624325
19.848,0.08266820440239223
19.852,0.12909694161089305
19.856,0.12383713086684134
19.86,0.12517619254869478
19.864,0.13906448386133938
19.868,0.15388854838697208
19.872,0.1561176587992949
19.876,0.16438739995750365
19.88,0.18148102710567368
19.884,0.1534047905211774
19.888,0.17025919080875115
19.892,0.16050040883972166
19.896,0.15207327077948815
19.9,0.16219381460802643
19.904,0.13001804708890397
19.908,0.11307441180968285
19.912,0.13024196242371033
19.916,0.11723466563024647
19.92,0.09528001996327996
19.924,0.08167202280440235
19.928,0.10802467654226511
19.932,0.0834415780348004
19.936,0.0694163469256075
19.94,0.0820392772026143
19.944,0.06175431830235818
19.948,0.06135217852938431
19.952,0.02474074274336341
19.956,0.018056650123126537
19.96,0.03093446919948456
19.964,0.024298949183864424
19.968,0.028895039668936806
19.972,-0.0028285004164430617
19.976,0.01840271151435426
19.98,0.019913072742631533
19.984,0.018754420738067604
19.988,0.005363805381944786
19.992,0.015264529517510854
19.996,0.0035214623850480416
20.0,0.01004287380265041
20.004,0.004676004195572363
20.008,0.010037052657887999
20.012,0.01806757543477036
20.016,0.018710093279909246
20.02,0.01942031866567557
20.024,0.017609532274466315
20.028,0.053988455407158874
20.032,0.033288928246394456
20.036,0.045630574965763365
20.04,0.02887471417365941
20.044,0.06425274014491313
20.048,0.05662207520466743
20.052,0.05483506539027645
20.056,0.05928386015722013
20.06,0.07671990403110156
20.064,0.04290708440574939
20.068,0.06862406300970328
20.072,0.08011403138067161
20.076,0.0844446978343168
20.08,0.1152538631947755
20.084,0.09127629963641141
20.088,0.1090056133135388
20.092,0.12166910252154879
20.096,0.11470470855289785
20.1,0.10570230746982953
20.104,0.1040325564259413
20.108,0.12876300549645733
20.112,0.14218428236790132
20.116,0.13561227818075325
20.12,0.14689873019683133
20.124,0.16488794832025827
20.128,0.1517387627749
20.132,0.13674727446444496
20.136,0.15264462034462903
20.14,0.17020827839741515
20.144,0.15838218974402227
20.148,0.18028299798999187
20.152,0.16890551402765416
20.156,0.17726214491803055
20.16,0.1747534100710745
20.164,0.18420295089713695
20.168,0.1890940773715445
20.172,0.175278810347336
20.176,0.1914028438026815
20.18,0.18804255661218894
20.184,0.20102114527973106
20.188,0.2021047293962783
20.192,0.2254994735795474
20.196,0.2314480128963092
20.2,0.2333378472095053
20.204,0.22247616564864753
20.208,0.2427114451431795
20.212,0.24010590069089
20.216,0.26352615386936784
20.22,0.28455593272918384
20.224,0.30276734553428764
20.228,0.3139011247933192
20.232,0.3393576154006018
20.236,0.3477780882176149
20.24,0.36142662468217984
20.244,0.3904914670972891
20.248,0.4073915833790229
20.252,0.4074160965519622
20.256,0.42781663052932956
20.26,0.42895209714762367
20.264,0.41588612969555444
20.268,0.44065109568853555
20.272,0.42006112618379465
20.276,0.4300506107826356
20.28,0.4028965263292622
20.284,0.40107039011082907
20.288,0.3933173626143245
20.292,0.39919335285719226
20.296,0.3721404595229787
20.3,0.35827677515959006
20.304,0.36576830799608967
20.308,0.35472836979603384
20.312,0.36123688732959414
20.316,0.3411842092011915
20.32,0.35273241414972784
20.324,0.375767390072003
20.328,0.350027404087788
20.332,0.35632627075216944
20.336,0.3403953567853957
20.34,0.3513815842544757
20.344,0.3676568167677224
20.348,0.36306489563174205
20.352,0.375906563416027
20.356,0.3774614292632764
20.36,0.3635046627561995
20.364,0.390315822622737
20.368,0.37120720835656684
20.372,0.3794424052996857
20.376,0.3928240010490555
20.38,0.4096026339965987
20.384,0.38720888067304254
20.388,0.4017598824438367
20.392,0.4040285869377495
20.396,0.4090140469517799
20.4,0.4095162400517613
20.404,0.38081594992864126
20.408,0.3719049996338299
20.412,0.34389261013850064
20.416,0.3176426898076122
20.42,0.2873309103692684
20.424,0.29082752243173554
20.428,0.3201132755092228
20.432,0.37293895566415325
20.436,0.4735498102920388
20.44,0.596924999958188
20.444,0.751528056783913
20.448,0.950837404398901
20.452,1.1371465539852164
20.456,1.3311026079410082
20.46,1.4621014560663839
20.464,1.4576515859728165
20.468,1.3547491704299417
20.472,1.1787785870299399
20.476,0.9681691461687495
20.48,0.7611140825924034
20.484,0.6195917606211024
20.488,0.4576236405947255
20.492,0.3714884872263517
20.496,0.2936244198886495
20.5,0.243234332114943
20.504,0.26655452863540907
20.508,0.2996178583541047
20.512,0.35075173186814723
20.516,0.3916337066929789
20.52,0.46741720752734184
20.524,0.4845949944914938
20.528,0.48553059115915975
20.532,0.5037115316009284
20.536,0.5176014513236495
20.54,0.5052207625885219
20.544,0.5153786408816565
20.548,0.5198228506704837
20.552,0.5083650727250306
20.556,0.5194597609381696
20.56,0.5147915858650568
20.564,0.5367440514780406
20.568,0.5221442140436816
20.572,0.5375011264721897
20.576,0.5242697136207397
20.58,0.5306981090785747
20.584,0.5343950926857508
20.588,0.5478706510732992
20.592,0.5575476907417313
20.596,0.5648499854727075
20.6,0.5494769394070825
20.604,0.572104992756674
20.608,0.573528009870962
20.612,0.5943192870962997
20.616,0.5949915511559637
20.62,0.6063335977234472
20.624,0.6099762333542025
20.628,0.64577891889463
20.632,0.6276237978204249
20.636,0.649189577716673
20.64,0.6677504221424849
20.644,0.6783473041176481
20.648,0.6880234489113233
20.652,0.6928571116264558
20.656,0.7197507028378451
20.66,0.7329947362216049
20.664,0.7753655128489714
20.668,0.7970812002497488
20.672,0.7894649935599997
20.676,0.790934370660674
20.68,0.8266305317177742
20.684,0.8227567958836904
20.688,0.8392398075349108
20.692,0.8492632590202812
20.696,0.8598511100541755
20.7,0.8689486631696117
20.704,0.8652146865886646
20.708,0.8753078997265038
20.712,0.8945749543995098
20.716,0.8841372768017438
20.72,0.8838905605920135
20.724,0.8566002562463179
20.728,0.8828945446530506
20.732,0.8593837051515132
20.736,0.8687765270203138
20.74,0.8490242362110869
20.744,0.8306416419230574
20.748,0.8073032356148714
20.752,0.8328963003646054
20.756,0.8057059449154025
20.76,0.7924962996870967
20.764,0.7881113801761497
20.768,0.7582731904820439
20.772,0.7558870278687727
20.776,0.7242801104547785
20.78,0.723646097906171
20.784,0.697782589349641
20.788,0.687551517525852
20.792,0.6828221631302862
20.796,0.6592365956808853
20.8,0.6660806922166078
20.804,0.651363347875942
20.808,0.627111926435063
20.812,0.6356978701030912
20.816,0.6308566629254619
20.82,0.6375690811805039
20.824,0.6272759359069343
20.828,0.6348766693234982
20.832,0.6221187826517978
20.836,0.6083742202252023
20.84,0.6107504775654539
20.844,0.6056437810490153
20.848,0.6121130019603874
20.852,0.606211829687969
20.856,0.5979361914731036
20.86,0.6031045599286602
20.864,0.6065807210327415
20.868,0.5909778254015077
20.872,0.6033811803494475
20.876,0.583666119769752
20.88,0.6098036229639718
20.884,0.6033511518154542
20.888,0.6137261943793617
20.892,0.5856325138768584
20.896,0.60749978413803
20.9,0.6048838808924828
20.904,0.5930524427620952
20.908,0.5904399743526595
20.912,0.5826656759564869
20.916,0.5793458166602017
20.92,0.5845520421831273
20.924,0.5787389879466139
20.928,0.6064568421740194
20.932,0.5746514535900018
20.936,0.590302001190045
20.94,0.5922793323303011
20.944,0.590574272951343
20.948,0.5904966614148768
20.952,0.5945196021619964
20.956,0.5795754588489251
20.96,0.5838565603506884
20.964,0.578959283937216
20.968,0.5938018874047963
20.972,0.6006257342209065
20.976,0.5665084316449547
20.98,0.5569304818418649
20.984,0.5817044080182909
20.988,0.5854745406802658
20.992,0.5930979694712806
20.996,0.5796857242760014
21.0,0.585097715349566
21.004,0.5866774408815864
21.008,0.5838361195636269
21.012,0.5773834604202692
21.016,0.5555339074550637
21.02,0.5686193084946146
21.024,0.5728070021359217
21.028,0.5708872574887353
21.032,0.5747855601108647
21.036,0.5955358394889101
21.04,0.5785752032289148
21.044,0.6020815410163489
21.048,0.6068339611207753
21.052,0.6061131595928995
21.056,0.6160163176800563
21.06,0.6223960069689666
21.064,0.6567289402718051
21.068,0.6627403737313394
21.072,0.6648134446014795
21.076,0.6614198817882263
21.08,0.68837865900134
21.084,0.6825092435919429
21.088,0.6734597628718597
21.092,0.6635811247862753
21.096,0.6601283110883731
21.1,0.6537925673376122
21.104,0.6304272072534562
21.108,0.6053669448542749
21.112,0.5999004418807272
21.116,0.5945896457805776
21.12,0.5691837499564913
21.124,0.5555037432723442
21.128,0.5392131773589297
21.132,0.522897065913624
21.136,0.5134962258453865
21.14,0.4984904100509912
21.144,0.5205498409672631
21.148,0.5080089603803419
21.152,0.49965334567252834
21.156,0.4978268422543575
21.16,0.4947395840127855
21.164,0.4807686619131294
21.168,0.48182552954386854
21.172,0.4774194899432033
21.176,0.5044261372802692
21.18,0.4866956650763603
21.184,0.4753625432168178
21.188,0.48452744605866604
21.192,0.4804332745967068
21.196,0.4513789131688437
21.2,0.46007475891294397
21.204,0.4592058191740822
21.208,0.46240160638946554
21.212,0.45049891094542577
21.216,0.44688292281313163
21.22,0.4352142218236651
21.224,0.4361142436731695
21.228,0.387659013542766
21.232,0.36424280462116443
21.236,0.3113202715228462
21.24,0.2865099143427711
21.244,0.2858051816264133
21.248,0.299064554528567
21.252,0.33400391108973526
21.256,0.41596462117839694
21.26,0.5132722141160888
21.264,0.6279012054874961
21.268,0.7982565570033134
21.272,0.9873644580580612
21.276,1.1932326138908227
21.28,1.3238099973043291
21.284,1.4136253909654122
21.288,1.3586534686573424
21.292,1.19215843812618
21.296,0.9977490319053811
21.3,0.8009957828533222
21.304,0.6057051178536176
21.308,0.45860662445758316
21.312,0.3220295234327712
21.316,0.23804951423149484
21.32,0.14955651827193048
21.324,0.13981583839485795
21.328,0.13107203611184787
21.332,0.15428231493308756
21.336,0.24447551740100287
21.34,0.28424434178668606
21.344,0.31059755146706836
21.348,0.3306214451048516
21.352,0.3184073631776134
21.356,0.3124204247738937
21.36,0.32767123256834
21.364,0.33863456012066995
21.368,0.32534523498267537
21.372,0.33501662361777407
21.376,0.327737510590331
21.38,0.3114272230693725
21.384,0.3198766071579775
21.388,0.3202338336685384
21.392,0.3013585372800774
21.396,0.29739559734794024
21.4,0.29857251429225684
21.404,0.2709905526656853
21.408,0.29621173333823925
21.412,0.29931835475587265
21.416,0.2927297535275649
21.42,0.2944232489497126
21.424,0.2908124173828214
21.428,0.2721831068716316
21.432,0.3103748099135321
21.436,0.2924046863932643
21.44,0.2930201903079081
21.444,0.3167063430628722
21.448,0.3176769775127619
21.452,0.31622582920850895
21.456,0.32762615497536485
21.46,0.3156236249330485
21.464,0.3343605980525775
21.468,0.3567978404970961
21.472,0.3463503709273721
21.476,0.35288586693765756
21.48,0.37374060532439995
21.484,0.3842403027237697
21.488,0.39996407364695236
21.492,0.38978746623447985
21.496,0.38776522202335284
21.5,0.4315613244289708
21.504,0.4197982546693756
21.508,0.4317891572743485
21.512,0.42210192426528964
21.516,0.45881021758818175
21.52,0.4551706349127068
21.524,0.45615774325689795
21.528,0.4556737967192436
21.532,0.4297413406774139
21.536,0.4362758593866506
21.54,0.43547268514387805
21.544,0.4244764535872638
21.548,0.4194032960723135
21.552,0.41301799524910887
21.556,0.4074736155346918
21.56,0.36803473110022955
21.564,0.36693020670202126
21.568,0.3572659884722158
21.572,0.32319830234268765
21.576,0.3121671711578079
21.58,0.29999567076794365
21.584,0.2764598418564417
21.588,0.26408448048215544
21.592,0.2394411084060101
21.596,0.21684601981456503
21.6,0.19016883318981784
21.604,0.18687978396532512
21.608,0.16859843151546117
21.612,0.14161438254748782
21.616,0.14211365504470871
21.62,0.13456139897970534
21.624,0.10172223741781239
21.628,0.08833610442546735
21.632,0.07609012765634626
21.636,0.055863583450794896
21.64,0.08237271787853231
21.644,0.04822822164770517
21.648,0.03518042243802999
21.652,0.024147993124526736
21.656,0.023732658869057077
21.66,0.013345849623192433
21.664,0.027798076055158175
21.668,-0.0055695055531429765
21.672,-0.014635165497106452
21.676,0.0003865698589644428
21.68,-0.011839935348944668
21.684,-0.01842621507240813
21.688,-0.015854508754480006
21.692,-0.02519188121814244
21.696,-0.03201426115202228
21.7,-0.050489944650785934
21.704,-0.05792022525861984
21.708,-0.05298289276900414
21.712,-0.061507707221485436
21.716,-0.05261388007963332
21.72,-0.07789978126688799
21.724,-0.06896247948337592
21.728,-0.0707767837054893
21.732,-0.073978865844101
21.736,-0.07411333850368997
21.74,-0.08587594350529529
21.744,-0.09378179918130171
21.748,-0.07914858461486117
21.752,-0.09927139250591521
21.756,-0.08634931240702472
21.76,-0.10825377202171485
21.764,-0.10961969270771255
21.768,-0.11529172037758546
21.772,-0.11603210137929294
21.776,-0.1269755542525659
21.78,-0.12624114226123723
21.784,-0.11631224140913578
21.788,-0.12554200055016118
21.792,-0.1298752184576571
21.796,-0.15824551182509064
21.8,-0.16101188244995385
21.804,-0.15140747410443461
21.808,-0.15023996237377016
21.812,-0.1674861028150787
21.816,-0.17359793965976372
21.82,-0.1569824160656108
21.824,-0.16831835379891913
21.828,-0.16878905135444422
21.832,-0.18787699757493456
21.836,-0.1926080372433371
21.84,-0.181644500399133
21.844,-0.1971681521062882
21.848,-0.20360923965803945
21.852,-0.20898155011896485
21.856,-0.2065057124183187
21.86,-0.19316046911355753
21.864,-0.21627427363224858
21.868,-0.19268864823390908
21.872,-0.20223227053355514
21.876,-0.19171130868772146
21.88,-0.1838561981654835
21.884,-0.1759085746042836
21.888,-0.16677164906011543
21.892,-0.15798113633420116
21.896,-0.14902603272759107
21.9,-0.12082851882625908
21.904,-0.12626710635744412
21.908,-0.12283019596923747
21.912,-0.12627786810544286
21.916,-0.1258091143416218
21.92,-0.13383924308985853
21.924,-0.12914464321281885
21.928,-0.1569777132822108
21.932,-0.18719766865804327
21.936,-0.18132272505449415
21.94,-0.20291197887152568
21.944,-0.22441778646139884
21.948,-0.22740015715799164
21.952,-0.2807533865462593
21.956,-0.2531122336317095
21.96,-0.27212223371261707
21.964,-0.3010237591388909
21.968,-0.30967365136097325
21.972,-0.30904998403587153
21.976,-0.31642336343042676
21.98,-0.3346563687621055
21.984,-0.3502282170611945
21.988,-0.318025261478498
21.992,-0.33422835984279825
21.996,-0.34650742715634786
22.0,-0.3503650542254748
22.004,-0.34979108499577405
22.008,-0.35236161909623454
22.012,-0.38432551254992325
22.016,-0.3706045453041242
22.02,-0.3752367886969558
22.024,-0.3758629312703767
22.028,-0.3700740286615888
22.032,-0.39919716891440404
22.036,-0.39830877618563426
22.04,-0.3952606472697115
22.044,-0.3909556293627889
22.048,-0.38954157517226956
22.052,-0.3900978920865753
22.056,-0.4240230281437627
22.06,-0.43694718751452394
22.064,-0.47219463629765746
22.068,-0.5128485019659403
22.072,-0.5512887073737219
22.076,-0.5687006537918058
22.08,-0.5616117593704049
22.084,-0.5201589614080162
22.088,-0.4370881526431221
22.092,-0.34524159529935017
22.096,-0.2189036491387343
22.1,-0.03982473697932443
22.104,0.14832580704479248
22.108,0.3359728377663651
22.112,0.48976942833560816
22.116,0.5582943126128512
22.12,0.48915565089452195
22.124,0.3568887698457606
22.128,0.1554591401435954
22.132,-0.059647366177602024
22.136,-0.24129193040281996
22.14,-0.40854388461977226
22.144,-0.5179080195625917
22.148,-0.6340625450703572
22.152,-0.6813315372982677
22.156,-0.7248799783496249
22.16,-0.7183095009005223
22.164,-0.6566988063901047
22.168,-0.6217351670983384
22.172,-0.568532275863846
22.176,-0.5451571826582622
22.18,-0.4956231821743973
22.184,-0.4828676650785452
22.188,-0.5170269823950718
22.192,-0.5095765570293945
22.196,-0.5026417176967031
22.2,-0.5105785833338639
22.204,-0.5077713254728898
22.208,-0.5105591082367456
22.212,-0.5070896079046459
22.216,-0.5223872708849358
22.22,-0.5122651315613262
22.224,-0.5265360296830255
22.228,-0.5204083802348017
22.232,-0.5342632259767367
22.236,-0.5211926644183649
22.24,-0.5227223982520209
22.244,-0.5069508497939256
22.248,-0.515859366138468
22.252,-0.5123533491874614
22.256,-0.5114885096741023
22.26,-0.5295581851579588
22.264,-0.524503454764286
22.268,-0.503202536721311
22.272,-0.49188490322966283
22.276,-0.49081436335863626
22.28,-0.4900213072046689
22.284,-0.4758122685740824
22.288,-0.46783205963015606
22.292,-0.4470758459825437
22.296,-0.43714241731346853
22.3,-0.43868683027804467
22.304,-0.4217991358524865
22.308,-0.4061686746242932
22.312,-0.39193691961687205
22.316,-0.366690798969083
22.32,-0.3704893184667034
22.324,-0.34566102909692303
22.328,-0.3564425590487806
22.332,-0.3392739451694783
22.336,-0.34308425447095897
22.34,-0.31002220542565256
22.344,-0.29604728949738757
22.348,-0.3204239920592718
22.352,-0.2868570758401722
22.356,-0.27822626436737535
22.36,-0.2760899123968573
22.364,-0.2926542586268397
22.368,-0.2739759410399084
22.372,-0.28450593770504856
22.376,-0.2834264572783003
22.38,-0.29710946740388416
22.384,-0.30022770670253074
22.388,-0.30267293922693833
22.392,-0.3269136971113018
22.396,-0.3343413507838043
22.4,-0.33799829223763117
22.404,-0.3659401419519256
22.408,-0.39056090894562284
22.412,-0.3876226597273356
22.416,-0.39528324921079816
22.42,-0.41197225518574615
22.424,-0.43273830691363524
22.428,-0.47799656545757163
22.432,-0.4750777142475587
22.436,-0.4881080536093569
22.44,-0.4946375347013531
22.444,-0.4902350853963649
22.448,-0.5291097801641305
22.452,-0.5061925447893562
22.456,-0.5418590436605074
22.46,-0.5542412901990478
22.464,-0.5457909578291182
22.468,-0.5518359520159412
22.472,-0.5606215153164014
22.476,-0.5801115717970471
22.48,-0.5719999160642487
22.484,-0.5913222256833727
22.488,-0.592346167494683
22.492,-0.5881870968205097
22.496,-0.5978357703973209
22.5,-0.5810922860794752
22.504,-0.5990204892995981
22.508,-0.5967435169804093
22.512,-0.6043637264841265
22.516,-0.5859683814796766
22.52,-0.60358150139008
22.524,-0.5858978668497051
22.528,-0.5868773946765806
22.532,-0.60213573087339
22.536,-0.5973800461574914
22.54,-0.6023164854812979
22.544,-0.5919398981386769
22.548,-0.5990851459614448
22.552,-0.6009927622947892
22.556,-0.5959748753551252
22.56,-0.6118243323988316
22.564,-0.5962774299322875
22.568,-0.5884943980676028
22.572,-0.593039113629908
22.576,-0.5842919603303405
22.58,-0.596931775851406
22.584,-0.5970646578799913
22.588,-0.6029215685730089
22.592,-0.5950468791706782
22.596,-0.5705365518345071
22.6,-0.5866115243162269
22.604,-0.5943595629243694
22.608,-0.5976688754164914
22.612,-0.6026622130083383
22.616,-0.5940166024266645
22.62,-0.5771228413985128
22.624,-0.5879534697913236
22.628,-0.5921992207662652
22.632,-0.5899990067097501
22.636,-0.5738860174333027
22.64,-0.5800186253700884
22.644,-0.584260287230538
22.648,-0.5798038221442648
22.652,-0.5533295681633366
22.656,-0.5617770453981249
22.66,-0.5577567838928015
22.664,-0.5882715892025991
22.668,-0.5703389652507679
22.672,-0.5730291408268157
22.676,-0.5584473373910563
22.68,-0.5499851987811585
22.684,-0.553219133841185
22.688,-0.5600948784761898
22.692,-0.5516264675381104
22.696,-0.5310001042426832
22.7,-0.5205636981492623
22.704,-0.515186931320801
22.708,-0.5024250443233759
22.712,-0.48881459110451714
22.716,-0.4710293383139543
22.72,-0.450299479806483
22.724,-0.43491092463221737
22.728,-0.4255378137408625
22.732,-0.4124700279514067
22.736,-0.4015009403833145
22.74,-0.40019271409014995
22.744,-0.395658581636929
22.748,-0.381406672817033
22.752,-0.3967855444508962
22.756,-0.38765733206137987
22.76,-0.4051834057668819
22.764,-0.40732421622626946
22.768,-0.42114598512793
22.772,-0.4314070915578808
22.776,-0.45651392519343137
22.78,-0.45857838813623697
22.784,-0.46479156714743924
22.788,-0.4955330153828171
22.792,-0.46912034699310345
22.796,-0.46791692884795044
22.8,-0.4840118110584146
22.804,-0.4870066751355137
22.808,-0.48965741505629057
22.812,-0.49838048942970287
22.816,-0.49517279390086755
22.82,-0.4828475551962065
22.824,-0.5002781404211627
22.828,-0.4989474624543777
22.832,-0.4899258538872925
22.836,-0.4768753147110155
22.84,-0.4894929752338658
22.844,-0.48041863402152774
22.848,-0.4765128292846359
22.852,-0.48280683229799093
22.856,-0.49429478185713654
22.86,-0.4773453840041887
22.864,-0.46165025314610164
22.868,-0.45665460658280066
22.872,-0.45418616692122044
22.876,-0.4517795102669198
22.88,-0.4657310160817508
22.884,-0.4751930918950517
22.888,-0.4793355089541195
22.892,-0.511646872860838
22.896,-0.5329284739797742
22.9,-0.5662682004789185
22.904,-0.5678638332634108
22.908,-0.5692727883511567
22.912,-0.5092771199597481
22.916,-0.4285490916083955
22.92,-0.3502877001072684
22.924,-0.2146975463468364
22.928,-0.05954489909135924
22.932,0.1592494624968271
22.936,0.36555665703230383
22.94,0.5124708778583338
22.944,0.601627969230506
22.948,0.5692235004951751
22.952,0.44319014253325123
22.956,0.25971284778740766
22.96,0.054047491385999125
22.964,-0.13660002778125668
22.968,-0.27940535478291106
22.972,-0.4000584545920575
22.976,-0.5153410193964437
22.98,-0.5798788663181562
22.984,-0.629157880124992
22.988,-0.5936969880224197
22.992,-0.5402016553816137
22.996,-0.4922825072852195
23.0,-0.4299800282479651
23.004,-0.3906146011207755
23.008,-0.3658437029912184
23.012,-0.3451008235021265
23.016,-0.347141778617023
23.02,-0.33632379618397784
23.024,-0.33864220340556905
23.028,-0.3195550079168334
23.032,-0.3188837939731573
23.036,-0.3213238559523069
23.04,-0.3122477318869724
23.044,-0.3102783546308727
23.048,-0.29190222223171014
23.052,-0.3028070686650002
23.056,-0.2868520125577182
23.06,-0.2947695853161407
23.064,-0.27375532051020546
23.068,-0.2653216596780953
23.072,-0.25821167844467696
23.076,-0.2472190027123672
23.08,-0.251331068284171
23.084,-0.23359914196644022
23.088,-0.22080025480893867
23.092,-0.2386125064597981
23.096,-0.2230114050841244
23.1,-0.22071750914121674
23.104,-0.1830913529800126
23.108,-0.19586909572267908
23.112,-0.18479368139646585
23.116,-0.16331929667851025
23.12,-0.15424379926343953
23.124,-0.11786645005104196
23.128,-0.1144413499658059
23.132,-0.10287816842912732
23.136,-0.06825863878158392
23.14,-0.04915420212452587
23.144,-0.049285818999348224
23.148,-0.01893981092294611
23.152,0.006093476908125867
23.156,0.021569690850314738
23.16,0.03958723037894024
23.164,0.07165361630627812
23.168,0.09733107878060299
23.172,0.08756419206172097
23.176,0.09095144681992542
23.18,0.11377373634883639
23.184,0.12834745292621938
23.188,0.13438081496821316
23.192,0.14767469816717058
23.196,0.16844214898282947
23.2,0.13204055518851346
23.204,0.1450720824127737
23.208,0.16471249112502606
23.212,0.14152414076648379
23.216,0.1504972678198676
23.22,0.14333868736142452
23.224,0.14257271127107107
23.228,0.1414523272912363
23.232,0.11691043860414825
23.236,0.08673838014313673
23.24,0.08737610156957429
23.244,0.10619579768752305
23.248,0.06011508233376239
23.252,0.06929466242002098
23.256,0.02956245565238269
23.26,0.032031401149831634
23.264,0.045826487381676995
23.268,0.02940711640119499
23.272,0.018127435497727246
23.276,0.007401536313474344
23.28,-0.009924137541539667
23.284,0.012329308754990699
23.288,-0.0012268666263394734
23.292,-0.016566580416997108
23.296,-0.003190242065044306
23.3,0.0009446671978019586
23.304,-0.007529138380059246
23.308,-0.004348768191969044
23.312,-0.00450150943128004
23.316,-0.010770131154064458
23.32,-0.0014817226291610336
23.324,0.00744700791875973
23.328,0.012948212892804303
23.332,0.013353513379699021
23.336,0.001830692464215513
23.34,0.018327865700135556
23.344,0.020214940199283177
23.348,0.0122342885872792
23.352,0.018606129253347346
23.356,0.034084965362790126
23.36,0.04519453421462441
23.364,0.01752584213332922
23.368,0.056323988724312296
23.372,0.05589613565279278
23.376,0.05061616273626897
23.38,0.05061842604533368
23.384,0.06135329262600134
23.388,0.05548340681612009
23.392,0.06456410632700102
23.396,0.05605079895724303
23.4,0.05785077442842561
23.404,0.10305647085473099
23.408,0.08483206971675661
23.412,0.09070508134963919
23.416,0.0928254596053905
23.42,0.08931637310717311
23.424,0.09898074277501304
23.428,0.10741576728913561
23.432,0.10898473456807263
23.436,0.10787059437058076
23.44,0.12462291121848329
23.444,0.12614069039263645
23.448,0.13260860664761387
23.452,0.14014597806802323
23.456,0.1358002127228965
23.46,0.14022144787331933
23.464,0.161136806679827
23.468,0.1412751369946696
23.472,0.136390047369946
23.476,0.16511272021236778
23.48,0.15773385580617177
23.484,0.15779283651412424
23.488,0.18207166342133585
23.492,0.17660361334026836
23.496,0.1705173909542548
23.5,0.20799491295255867
23.504,0.17857593167263822
23.508,0.20058517856252608
23.512,0.1902736945566491
23.516,0.22075969893226907
23.52,0.22191936264709133
23.524,0.24837162626515813
23.528,0.2535307518170355
23.532,0.2824073352460895
23.536,0.2813177871058109
23.54,0.2874746464508036
23.544,0.3244883151571413
23.548,0.33820376559206716
23.552,0.34039253713117756
23.556,0.3642904105851887
23.56,0.38132858255972546
23.564,0.4150171269929236
23.568,0.413718077176771
23.572,0.4065307132297294
23.576,0.41431942352606776
23.58,0.38539121125266396
23.584,0.39345715990718144
23.588,0.3943246153827345
23.592,0.38189250210094083
23.596,0.36430994396260497
23.6,0.3590710083902122
23.604,0.3534791022084937
23.608,0.34197877846394287
23.612,0.34424602288569045
23.616,0.33407054985238904
23.62,0.33288671517856516
23.624,0.3433049144741924
23.628,0.3341446491865452
23.632,0.3440593843319762
23.636,0.32156649746728005
23.64,0.3146478352988679
23.644,0.33193048985549517
23.648,0.33417157737778336
23.652,0.3543392582248613
23.656,0.33190465286945553
23.66,0.34596127932125964
23.664,0.3543925905496299
23.668,0.35495241944098815
23.672,0.3558500314403418
23.676,0.3647579754588013
23.68,0.37555656004036253
23.684,0.38369578506168434
23.688,0.37219998047631314
23.692,0.3671366317290039
23.696,0.39370751725165093
23.7,0.36959777430200325
23.704,0.39764725100991816
23.708,0.3871411763914577
23.712,0.373842439806001
23.716,0.340780261297399
23.72,0.2809184703410356
23.724,0.26271167594698436
23.728,0.2632645815219058
23.732,0.26651649795941235
23.736,0.3118388796934157
23.74,0.38940494872656917
23.744,0.47646643730782706
23.748,0.5930603897945357
23.752,0.779272927518252
23.756,0.9735302533346064
23.76,1.1713093192908495
23.764,1.3507677407222933
23.768,1.4338139715792715
23.772,1.4286407278227198
23.776,1.2987617753233307
23.78,1.1268514094181459
23.784,0.8913640665378861
23.788,0.7270474473085947
23.792,0.5618586155378779
23.796,0.4302921531301897
23.8,0.3484538003826997
23.804,0.2713948324629656
23.808,0.20538748944721003
23.812,0.2390771664907005
23.816,0.2810777704398388
23.82,0.3291092869252744
23.824,0.3867075594557067
23.828,0.4230292364427695
23.832,0.4626191876929072
23.836,0.4787799383767493
23.84,0.4960472110422661
23.844,0.49514427098348857
23.848,0.4850879050388688
23.852,0.500993483170242
23.856,0.4989387808099301
23.86,0.49504858728582524
23.864,0.4914978869197133
23.868,0.5167419792196032
23.872,0.5181915618961529
23.876,0.5226930092971426
23.88,0.5134402573340455
23.884,0.5262703652375046
23.888,0.5149263000657963
23.892,0.5232659966040105
23.896,0.5383040816700101
23.9,0.545862715414243
23.904,0.532717357643487
23.908,0.5447476356139768
23.912,0.5585945599994335
23.916,0.5794212958734468
23.92,0.5700050045092605
23.924,0.5885976600893069
23.928,0.5994925282462866
23.932,0.6052028449507466
23.936,0.6218655647200194
23.94,0.61804016507987
23.944,0.6380295033867075
23.948,0.6727787070849892
23.952,0.6880142740507216
23.956,0.6965228077263955
23.96,0.7147089700242708
23.964,0.7014087015725439
23.968,0.7263408799756232
23.972,0.7489012896359168
23.976,0.7921889451725163
23.98,0.7805568238181569
23.984,0.8062181641813786
23.988,0.8168492245202678
23.992,0.8299292307365664
23.996,0.8382406540781553
24.0,0.8372022337654207
24.004,0.8313685522851095
24.008,0.8786838928516632
24.012,0.8653786416234825
24.016,0.8566609142786953
24.02,0.8815625285868212
24.024,0.8812725843535602
24.028,0.8827413887090295
24.032,0.8823343540244466
24.036,0.8563338918704357
24.04,0.849478138461453
24.044,0.8462556319768546
24.048,0.8475595697418792
24.052,0.8070955906891981
24.056,0.8172653887106841
24.06,0.8124587103503337
24.064,0.7987038624623871
24.068,0.7832484618872223
24.072,0.7730667644961691
24.076,0.7213282074351712
24.08,0.7515533101114327
24.084,0.7257428585901236
24.088,0.7233319229840965
24.092,0.6864144544977655
24.096,0.6695064284325856
24.1,0.6945584473742308
24.104,0.6578820249148791
24.108,0.6553110161070977
24.112,0.6557856563460074
24.116,0.65113540463879
24.12,0.6478616737807124
24.124,0.6337193119068452
24.128,0.6160407977611195
24.132,0.629387087136751
24.136,0.6258660484724484
24.14,0.5973355079285679
24.144,0.6269864683213113
24.148,0.5856550743789632
24.152,0.6189550624310209
24.156,0.6006633312687439
24.16,0.6127148140501876
24.164,0.6096361052500883
24.168,0.6032181714436924
24.172,0.6073021726962722
24.176,0.6012454295144578
24.18,0.608658692001902
24.184,0.6228494446309564
24.188,0.587111118690551
24.192,0.5682020352385871
24.196,0.5955065877381389
24.2,0.5944117057197154
24.204,0.5950646866746929
24.208,0.5891568283513888
24.212,0.6067129706453489
24.216,0.5837246218190941
24.22,0.6015731340004186
24.224,0.6029527935632755
24.228,0.59920859850799
24.232,0.6003625024432149
24.236,0.60440089415655
24.24,0.594830065873778
24.244,0.5901839484605932
24.248,0.5978348963940734
24.252,0.5982645230767996
24.256,0.6004144602612806
24.26,0.5736174482081375
24.264,0.5880966040923025
24.268,0.5784355296117228
24.272,0.5938228769807986
24.276,0.5945710717897411
24.28,0.5836173973548042
24.284,0.578093306418866
24.288,0.59034724342757
24.292,0.5820044203422378
24.296,0.5965292002523143
24.3,0.5988917443427683
24.304,0.5900397403994697
24.308,0.5812071460200168
24.312,0.595969913483378
24.316,0.5789539808117351
24.32,0.57060778170195
24.324,0.5675524292638225
24.328,0.5662789675725395
24.332,0.572430544423826
24.336,0.5765740954294177
24.34,0.5576370892224431
24.344,0.567702489494635
24.348,0.575474183692744
24.352,0.5819044700604344
24.356,0.5785276204099087
24.36,0.5859606025434787
24.364,0.5774380912317469
24.368,0.5886796788198494
24.372,0.6067969089972789
24.376,0.62356675223341
24.38,0.6329171650858961
24.384,0.6348087023544418
24.388,0.6534819859968538
24.392,0.682575005842658
24.396,0.6827295593708832
24.4,0.6829233498896852
24.404,0.6783280538652049
24.408,0.6818231789914954
24.412,0.6855490236127075
24.416,0.681036079195885
24.42,0.6733790098807125
24.424,0.6583162434478046
24.428,0.6354801202557956
24.432,0.6176848491715679
24.436,0.6265617475858243
24.44,0.5842278056737027
24.444,0.5615566908726755
24.448,0.5441504840197209
24.452,0.5446774902210392
24.456,0.5469542833162263
24.46,0.5227505784358846
24.464,0.5356979014789601
24.468,0.5145133196900912
24.472,0.5203692511102381
24.476,0.49718674782173045
24.48,0.49343532215480884
24.484,0.4982960598339767
24.488,0.499038745098576
24.492,0.4894475053866343
24.496,0.4913064022736709
24.5,0.4914790218876384
24.504,0.46863338798233534
24.508,0.47668183162638267
24.512,0.47215090286533185
24.516,0.4698677638635707
24.52,0.47584778188186605
24.524,0.4639124507858478
24.528,0.4460384047660592
24.532,0.46070851453750955
24.536,0.4489631156301076
24.54,0.4598154136466502
24.544,0.45505097260438365
24.548,0.4113181025184137
24.552,0.40213625861889757
24.556,0.3801371920741734
24.56,0.32383180919192445
24.564,0.31251348147790703
24.568,0.30039898983666513
24.572,0.3006143028535717
24.576,0.33523223711739925
24.58,0.38679920398352696
24.584,0.5122796369277164
24.588,0.6520518327744457
24.592,0.8161761850947045
24.596,0.9919688490855555
24.6,1.1787175252534245
24.604,1.3487717763744955
24.608,1.4019537191615183
24.612,1.3626007645471343
24.616,1.219958134274678
24.62,1.0203037086462419
24.624,0.8206234207491754
24.628,0.6325316656246209
24.632,0.4599054572912594
24.636,0.3277074174430721
24.64,0.20847120072297054
24.644,0.15577440521423444
24.648,0.11329253546949525
24.652,0.13677331198994097
24.656,0.1713289465560466
24.66,0.22822141701731163
24.664,0.28866404010226315
24.668,0.3185833266708859
24.672,0.3312384405524898
24.676,0.3556902737084256
24.68,0.3465275662388757
24.684,0.332696981583649
24.688,0.32995660276637917
24.692,0.3381390603088512
24.696,0.3288616979850953
24.7,0.31226160837033695
24.704,0.32915448803943087
24.708,0.32963464709732165
24.712,0.32588076584072917
24.716,0.3266810863686261
24.72,0.3293512278276335
24.724,0.32362444054609246
24.728,0.3077022153789978
24.732,0.3005363024419205
24.736,0.28305631132776515
24.74,0.30065478179131894
24.744,0.30545031885347446
24.748,0.30098404405248935
24.752,0.28258926465108947
24.756,0.30021564662323463
24.76,0.31188233377486857
24.764,0.2982962332231265
24.768,0.3141510744125539
24.772,0.32158310151769065
24.776,0.33406039777837254
24.78,0.3464527193194856
24.784,0.33279861646721154
24.788,0.3464207327082695
24.792,0.35542625599369443
24.796,0.3690553744636193
24.8,0.3777002809002238
24.804,0.3966824145916418
24.808,0.36940936834673754
24.812,0.4072005055628619
24.816,0.41800927749381855
24.82,0.4205122546118991
24.824,0.409359108307165
24.828,0.4397181916604648
24.832,0.44053846172854216
24.836,0.47052848613183684
24.84,0.4622125262301461
24.844,0.4536583869925229
24.848,0.4425456243072807
24.852,0.4686339618821923
24.856,0.4674662803999498
24.86,0.45420489347186854
24.864,0.4563341852999102
24.868,0.4388589953587968
24.872,0.4432357855052488
24.876,0.43099164373955906
24.88,0.3915877440575455
24.884,0.3795063197583317
24.888,0.39800075979947014
24.892,0.3701836573238988
24.896,0.330561858100389
24.9,0.3091671978345592
24.904,0.30820599728996445
24.908,0.27573924176170234
24.912,0.2650008196254885
24.916,0.24885215232078056
24.92,0.22989170826986488
24.924,0.22398917398889084
24.928,0.2135763328168796
24.932,0.17362003286236904
24.936,0.1510340959735446
24.94,0.15096525313082348
24.944,0.14896515316305914
24.948,0.11504297924888596
24.952,0.11485147061611037
24.956,0.08607929611253287
24.96,0.08356592781221936
24.964,0.061396099305889226
24.968,0.0634984246949005
24.972,0.053259764528070255
24.976,0.052143617050430996
24.98,0.05602787384921307
24.984,0.027033152010208335
24.988,0.004034355377667713
24.992,0.015502095117493238
24.996,0.014340292849802247
25.0,0.0074769572524835785
25.004,0.0027637597219818816
25.008,0.018302989702424412
25.012,0.004050375333881598
25.016,0.0010480129750150488
25.02,-0.006153283622150357
25.024,-0.016217171945514256
25.028,0.00424834329742628
25.032,0.003180737588068087
25.036,-0.010044658318717162
25.04,-3.2066182984605307e-05
25.044,-0.001131612587120251
25.048,-0.00601766134726617
25.052,-0.007765771759799826
25.056,0.004173197351303109
25.06,-0.002169184985763206
25.064,-0.005845722730447991
25.068,-0.008570651052209716
25.072,-0.001267009553070122
25.076,0.009268097596467535
25.08,0.0020827724322639565
25.084,-0.002359771349636744
25.088,0.003092859497900352
25.092,0.013649342679760187
25.096,0.004907908598546983
25.1,0.002604579225813558
25.104,0.0063870374784560325
25.108,-0.0015789591387008486
25.112,0.0018414800060086484
25.116,-0.004888987822675973
25.12,-0.015505079974363596
25.124,0.0034288377382483783
25.128,0.0034675197918849023
25.132,-0.0028757782779795142
25.136,0.010360960354176432
25.14,-0.0072103858523519075
25.144,-0.017702416086591358
25.148,-0.006948542831904842
25.152,-0.015365724515898592
25.156,0.003462578005349477
25.16,-0.007369890938914859
25.164,0.01011682506405491
25.168,0.010108689104777777
25.172,-0.00844968962738883
25.176,-0.006755588903035816
25.18,0.007484873675642755
25.184,0.013167624490552948
25.188,-0.014956903565573344
25.192,0.010547353919152758
25.196,-0.010707004015003407
25.2,0.010526246644201206
25.204,0.03311135716122865
25.208,0.06003216901205016
25.212,0.0369999170604078
25.216,0.03804633622190086
25.22,0.05801895758656201
25.224,0.07761631307628859
25.228,0.08470105442373928
25.232,0.09657159771241457
25.236,0.11514503320993573
25.24,0.13530335423182574
25.244,0.1391286129813616
25.248,0.13834924104485222
25.252,0.1432057300995475
25.256,0.1447004413331646
25.26,0.13404989763350814
25.264,0.12880886968335448
25.268,0.13137579015062537
25.272,0.10967268554623655
25.276,0.08028602414870595
25.28,0.09354483962830587
25.284,0.07330124465450896
25.288,0.04209872510339127
25.292,0.04045047331084164
25.296,0.0259788762386928
25.3,0.03216693398025106
25.304,0.014830702120717737
25.308,0.01247435090146179
25.312,0.0072679010057258905
25.316,-0.008606708749317894
25.32,0.018137396124602648
25.324,0.009247020092555987
25.328,-0.005830632755986725
25.332,0.0029217261327811913
25.336,0.010338056679243436
25.34,0.0009035927746448274
25.344,0.015763249338326013
25.348,0.029286351225983796
25.352,-0.0012032947847038583
25.356,-0.005794986164379179
25.36,-0.009878744117560387
25.364,-0.02212901954001126
25.368,0.012478849838504615
25.372,-0.0035683752842615483
25.376,0.008587634190437992
25.38,0.010091887161005288
25.384,-0.01312432245714238
25.388,-0.01609243279877249
25.392,0.0005035513552050196
25.396,-0.036754067096104306
25.4,-0.07195445425349288
25.404,-0.11129645250747965
25.408,-0.1336366673078354
25.412,-0.13132031575699304
25.416,-0.12715211897139278
25.42,-0.09121709232814953
25.424,-0.009774177986398139
25.428,0.0825948867190657
25.432,0.19917141485773754
25.436,0.38905537631768067
25.44,0.5556818843496406
25.444,0.7701132469605516
25.448,0.9162726534846302
25.452,1.0061926589696244
25.456,0.9640646300077859
25.46,0.8422375078333314
25.464,0.671151945292687
25.468,0.4505061600581467
25.472,0.2576764740143365
25.476,0.08853364850942975
25.48,-0.029286367969478387
25.484,-0.1438808398060887
25.488,-0.1991813734527676
25.492,-0.23543830468167687
25.496,-0.23831574148021853
25.5,-0.17690984904379428
25.504,-0.11931777550684028
25.508,-0.07807854995546076
25.512,-0.03435018949490821
25.516,-0.022886852620389433
25.52,-0.008676141609596144
25.524,-0.0122559606461792
25.528,-0.004646740550837386
25.532,-0.0002903937110667285
25.536,-0.015483520859656704
25.54,0.007252570692154363
25.544,0.012145871393512711
25.548,0.0023951673152145326
25.552,-0.023812291860826174
25.556,0.0014802209767909007
25.56,-0.00887752629839287
25.564,0.00023859372510627065
25.568,0.022405207899137247
25.572,-0.014590676687539238
25.576,0.0038242608633670006
25.58,0.02293500486417955
25.584,0.010743850528800449
25.588,0.01363168253093516
25.592,0.04597938828088147
25.596,0.034321661577822904
25.6,0.045460559679068195
25.604,0.04739097639935851
25.608,0.051178050525576384
25.612,0.07014223135475628
25.616,0.0853430687224246
25.62,0.059097476249743
25.624,0.08607038828489628
25.628,0.0973044054563685
25.632,0.10553216592363199
25.636,0.13243197067544885
25.64,0.13860424479144373
25.644,0.16920872436050297
25.648,0.17524486828185457
25.652,0.19239124242913308
25.656,0.18129407144732224
25.66,0.19961595987915765
25.664,0.21447896901721683
25.668,0.2484251161235562
25.672,0.23822789059472743
25.676,0.2502455007986257
25.68,0.25895642780088385
25.684,0.3068801294965903
25.688,0.2855766450280966
25.692,0.29827533526309286
25.696,0.2857642795483588
25.7,0.30909411530427167
25.704,0.2821885521952109
25.708,0.28864337872804063
25.712,0.287740869985865
25.716,0.29204177272111287
25.72,0.27499584391457876
25.724,0.28964395504520346
25.728,0.2694724005563366
25.732,0.24631636544018137
25.736,0.2508907198212036
25.74,0.22381884136275587
25.744,0.20803006765261794
25.748,0.20863159533011694
25.752,0.16064592906092218
25.756,0.1779803956047753
25.76,0.149098250584763
25.764,0.13498331010679443
25.768,0.14805856630372186
25.772,0.11008333948640492
25.776,0.11254366941339543
25.78,0.09411450523860984
25.784,0.08429359796216937
25.788,0.06793868813763985
25.792,0.05825160440700013
25.796,0.06824571038584436
25.8,0.05479314695255464
25.804,0.03382080799451983
25.808,0.02245490113031457
25.812,0.02188489186188089
25.816,0.03302801450161691
25.82,0.03109509639360214
25.824,0.021507151023668784
25.828,-0.00306320446050516
25.832,0.018230580929913177
25.836,0.021705041170717483
25.84,0.00871939196477017
25.844,0.025388205699251692
25.848,-0.008763620110275067
25.852,0.010361663778138139
25.856,-0.007443259805907074
25.86,0.01273799491035401
25.864,0.0077973652018419526
25.868,0.019298987105151554
25.872,0.00598092404199134
25.876,-0.0032918566596482797
25.88,-0.0043453274400656735
25.884,-0.0020772765257588907
25.888,-0.0047905527638741905
25.892,0.013705841697993772
25.896,0.012929287927333314
25.9,-0.014839134650362388
25.904,0.0004756181708337028
25.908,0.0006914006865941982
25.912,-0.007765221020043889
25.916,0.004416549287703291
25.92,0.014632642461488623
25.924,0.008935086871247529
25.928,0.013482578107012397
25.932,-0.007176408214854776
25.936,0.0003707915011260043
25.94,-0.007652554433376575
25.944,0.0023969761278196827
25.948,0.0032963223423171212
25.952,0.009599601137362955
25.956,0.013135735606333753
25.96,0.006890314906161836
25.964,-0.00860133963977771
25.968,-0.0135214912293577
25.972,0.005200354909935276
25.976,0.015005313211155797
25.98,-0.0002478480771453838
25.984,-0.015273878105403567
25.988,0.02084762593726166
25.992,0.00489415789668172
25.996,0.0017116480807851694
26.0,-0.011679201635227404
26.004,0.00016327607775560096
26.008,0.006871229016626532
26.012,0.005035204100048126
26.016,-0.0067886716793921515
26.02,-0.0005503567072485211
26.024,-0.006120698967251383
26.028,0.01671604831524308
26.032,0.009085911605072711
26.036,-0.004996943489625399
26.04,-0.01125325991634937
26.044,0.0035144704341276375
26.048,-0.003703282011590668
26.052,-0.002196920433792751
26.056,-0.008213029889565012
26.06,-0.005278109245007359
26.064,0.008888496114223115
26.068,0.007960050514995728
26.072,0.04012899216186759
26.076,0.02702955668810623
26.08,0.01706574135894395
26.084,0.022407212218736407
26.088,0.05261404738246476
26.092,0.05707760578562854
26.096,0.08800696040481634
26.1,0.09189726444741501
26.104,0.0837256702841499
26.108,0.10713765171340572
26.112,0.12283388904462128
26.116,0.1439244472529138
26.12,0.135857080340853
26.124,0.1512502955335164
26.128,0.13590370983537076
26.132,0.14511036548231074
26.136,0.14108864603371205
26.14,0.1414587821643922
26.144,0.11660412016830526
26.148,0.09195997928669739
26.152,0.10053869534389694
26.156,0.0695134054258544
26.16,0.06569105161530986
26.164,0.03975965859565979
26.168,0.03632367577390096
26.172,0.018629730005348465
26.176,0.022758384050750126
26.18,0.022001008897080225
26.184,0.004779294871345415
26.188,0.001095262682878774
26.192,0.007940189748996655
26.196,-0.0054295137919062745
26.2,-0.013405662824327385
26.204,0.004619215857232654
26.208,-0.00042737488057728113
26.212,-0.0009102908624465247
26.216,0.005425446549362417
26.22,0.006726320255284485
26.224,-0.0015459401938908053
26.228,-0.011193018254007191
26.232,-0.006368697913836173
26.236,0.005857551005368168
26.24,0.0013634791754395948
26.244,-0.005522655831411856
26.248,-0.007974405553168154
26.252,0.005634284931535215
26.256,-0.004137131558184079
26.26,0.0017518730651203771
26.264,-0.006003632906655773
26.268,-0.03543070369565669
26.272,-0.05057629758885832
26.276,-0.09373665919482767
26.28,-0.1253579842267381
26.284,-0.167646714503138
26.288,-0.14764386203351557
26.292,-0.11057657195773148
26.296,-0.0413297744605811
26.3,0.05271189388275507
26.304,0.1745543743586215
26.308,0.3352133537190101
26.312,0.518624089682188
26.316,0.7353688735623636
26.32,0.917212656873867
26.324,0.9883154929862098
26.328,0.9720394723776222
26.332,0.8566638342989585
26.336,0.6807121531118951
26.34,0.4681021184679413
26.344,0.2636356369205574
26.348,0.10461465787065813
26.352,-0.002321189219988135
26.356,-0.10628650019306476
26.36,-0.18249186970594045
26.364,-0.2389638548673401
26.368,-0.2503966426829975
26.372,-0.2064394569812719
26.376,-0.15906223798668434
26.38,-0.10278170578373602
26.384,-0.04259263815124122
26.388,-0.01433437915100839
26.392,0.012430742007420892
26.396,-0.00275848786257179
26.4,-0.01360139779898048
26.404,-0.0005365201686596915
26.408,-0.0017594808121120958
26.412,-0.0034899977370379098
26.416,0.005285126564943867
26.42,-0.00976663218033273
26.424,0.004347554907457725
26.428,0.01037772198023608
26.432,0.01907200873779625
26.436,0.009217141657388555
26.44,0.018049222508382076
26.444,0.004993454321476543
26.448,0.008561540155749602
26.452,0.027664021733318882
26.456,0.0035142898751541717
26.46,0.016763246846342863
26.464,0.036220939204760896
26.468,0.027601374083360258
26.472,0.03232136587393994
26.476,0.03872840305137521
26.48,0.04954129782935556
26.484,0.06703804743446942
26.488,0.0740709267220187
26.492,0.07444964963620498
26.496,0.09561569067923693
26.5,0.09929383901042475
26.504,0.11643573088043015
26.508,0.11024966349464951
26.512,0.151241239822695
26.516,0.14990436949727584
26.52,0.13445825919483378
26.524,0.19301573645704648
26.528,0.1910185829521147
26.532,0.20144149761131894
26.536,0.21344879304586278
26.54,0.23748247999683825
26.544,0.2370467777400237
26.548,0.252057094336545
26.552,0.26304386939312047
26.556,0.27505980580301365
26.56,0.28073395411238855
26.564,0.30066697845050283
26.568,0.2993345388971362
26.572,0.3031868361150982
26.576,0.30609233852263074
26.58,0.2978685520892555
26.584,0.2855156063315659
26.588,0.30885428924920366
26.592,0.2934191514020658
26.596,0.2919945806124564
26.6,0.2764666967268618
26.604,0.2504790781727302
26.608,0.2194625454224986
26.612,0.21761260791538423
26.616,0.2225418646190931
26.62,0.2009550656123031
26.624,0.18329940645490797
26.628,0.1479946444635067
26.632,0.15838218152133693
26.636,0.1335371901559051
26.64,0.12337864702655593
26.644,0.12594334420507133
26.648,0.09462699854910514
26.652,0.08379521282037727
26.656,0.08399824868716638
26.66,0.08071099763214415
26.664,0.05865822291455601
26.668,0.06890911335447059
26.672,0.03384118064054449
26.676,0.025290001084942927
26.68,0.018414221257705005
26.684,0.01198962446229438
26.688,0.02725745170190803
26.692,0.010115307255323728
26.696,0.002356112685661771
26.7,0.017327159869933245
26.704,0.019290103134748014
26.708,0.019477112246207393
26.712,0.015985147447704472
26.716,-0.0033860467376601528
26.72,0.007374605748086312
26.724,0.008618489579103952
26.728,-0.0018800115903035105
26.732,0.0038881060475279257
26.736,-0.01077742111436935
26.74,-0.004935279059449329
26.744,0.0047450813197227526
26.748,0.01585741179373429
26.752,0.01210590210519915
26.756,0.007053154847460536
26.76,0.0011290032471309062
26.764,-0.0005059486769296881
26.768,-0.014294361595569101
26.772,-0.008221998535384344
26.776,-0.007931686555627532
26.78,0.005817651128483496
26.784,0.009499825719451939
26.788,0.007401686561122351
26.792,0.011852173367323133
26.796,0.0007405592328693192
26.8,-0.009816704268396646
26.804,-0.0004905606889475649
26.808,-0.007242306835709782
26.812,0.006582767089490324
26.816,-0.0035880284774774166
26.82,-0.000983384999101944
26.824,0.006937525813371365
26.828,-0.007410065444840094
26.832,0.009640360679995248
26.836,-0.013475543779592385
26.84,0.0030658480502898265
26.844,-0.0009086244782953007
26.848,0.008273980624550772
26.852,-0.013742662538444606
26.856,-0.01530569366767433
26.86,0.007505038788731792
26.864,-0.0038998503913115204
26.868,-0.000889337896303884
26.872,-0.00656115181876484
26.876,0.009197019310092917
26.88,0.003119562692194509
26.884,0.002636213495641963
26.888,-0.0112929728935469
26.892,0.005705411091382548
26.896,-0.00877007368752808
26.9,-0.004711588068157616
26.904,-0.01068235043419494
26.908,0.003026227993353958
26.912,0.017561404051313543
26.916,0.01242261257948514
26.92,0.010116336273675393
26.924,0.021367202356946467
26.928,0.028605964264646008
26.932,0.037201092957757066
26.936,0.048979083084881185
26.94,0.0490427238021233
26.944,0.07402521816527495
26.948,0.06973489536881872
26.952,0.10754530161148579
26.956,0.10467237585862714
26.96,0.1399637679973155
26.964,0.1139815574019741
26.968,0.16246467673081352
26.972,0.1331212960915688
26.976,0.13752863082921785
26.98,0.14875332295367943
26.984,0.14468809114447848
26.988,0.12544082883689003
26.992,0.12472677450124871
26.996,0.09393197062122642
27.0,0.08340037614011231
27.004,0.07004507455851977
27.008,0.05415661256657034
27.012,0.027950857648983776
27.016,0.0363680936981833
27.02,0.026481205617507754
27.024,0.031106695733907137
27.028,0.0017131400597956911
27.032,0.0037901397415558502
27.036,0.018972371322412633
27.04,0.007539222936784511
27.044,0.008475006650562309
27.048,0.006415002275890295
27.052,0.005735129270442289
27.056,0.018903600358426823
27.06,0.0013203193597905905
27.064,-0.009882859545754437
27.068,0.006515953699032063
27.072,-0.005596278556920943
27.076,-0.0010628644701917037
27.08,0.003720508811103828
27.084,-0.008204694686940302
27.088,-0.005102141730145251
27.092,0.004738649919809502
27.096,-0.005594575783669507
27.1,0.009273387335382818
27.104,-0.011520136171278483
27.108,-0.014981955334137521
27.112,0.005768266813441289
27.116,-0.04489790292955186
27.12,-0.056404831039468646
27.124,-0.07215817407683199
27.128,-0.1248213667751396
27.132,-0.13133958210591917
27.136,-0.13393081521336495
27.14,-0.10747753042463416
27.144,-0.04862495451620598
27.148,0.017764503240879862
27.152,0.15288365962432005
27.156,0.31297862552445527
27.16,0.5027807108902341
27.164,0.7288899864989846
27.168,0.8842783777198603
27.172,0.992154434187624
27.176,0.9978603249746145
27.18,0.887687534469277
27.184,0.7037676138884481
27.188,0.4977943186661689
27.192,0.29960986434310555
27.196,0.141812414961004
27.2,0.00057664106702313
27.204,-0.10105964459139011
27.208,-0.20056458920800493
27.212,-0.23679780936333344
27.216,-0.22735337038031514
27.22,-0.21053288945583873
27.224,-0.13316073519702046
27.228,-0.09221157337040002
27.232,-0.04997786269643374
27.236,-0.020881598487724883
27.24,-0.01131584200969772
27.244,-0.022135754160782554
27.248,0.008636702333634871
27.252,0.022550428720078945
27.256,0.005826799273537363
27.26,0.006788891213747607
27.264,-3.579347903333676e-05
27.268,0.013884059981973266
27.272,0.0025580313833259934
27.276,0.006423441859727904
27.28,-0.010913709495404218
27.284,0.0006538697278133786
27.288,0.0110904197006269
27.292,0.018262740967912756
27.296,0.020665288114782996
27.3,-0.0019480823030270378
27.304,0.002050408061689867
27.308,0.026166959260579138
27.312,0.01692512571538546
27.316,0.03803402150983386
27.32,0.018163624102659807
27.324,0.03959192664340858
27.328,0.04712305926778393
27.332,0.059975028278519485
27.336,0.05340531095596359
27.34,0.053450332440904885
27.344,0.08508355086651832
27.348,0.09971921559317867
27.352,0.11640447982755178
27.356,0.11534875617226846
27.36,0.13994085871755063
27.364,0.1508304077636302
27.368,0.17339531010567732
27.372,0.17407583527432402
27.376,0.1718796965266518
27.38,0.2029557644314843
27.384,0.2186764942193183
27.388,0.2366321163786045
27.392,0.2290689220682544
27.396,0.2532986021058814
27.4,0.27599857095610875
27.404,0.2758605281092961
27.408,0.2819416427942488
27.412,0.3105253189281195
27.416,0.28547008042798017
27.42,0.31136583073539326
27.424,0.31021248363156495
27.428,0.29679709328260656
27.432,0.2958698887157719
27.436,0.29113979289519715
27.44,0.28687364781638086
27.444,0.27102299033250515
27.448,0.26311369676796287
27.452,0.25295369836202425
27.456,0.2412574213562872
27.46,0.2284434578615618
27.464,0.19548918044222544
27.468,0.20471729967950794
27.472,0.18401392361462268
27.476,0.1560715201246499
27.48,0.1567793229083177
27.484,0.14226911466108572
27.488,0.1450388951721844
27.492,0.1136398769346094
27.496,0.11310051118552385
27.5,0.1083699375164899
27.504,0.07717088183864038
27.508,0.07271735920366618
27.512,0.08107171363434519
27.516,0.05752157147497733
27.52,0.051258096229535886
27.524,0.03655261576817084
27.528,0.04137921490078757
27.532,0.0287297082026421
27.536,0.0061052617991824605
27.54,0.016801813227060064
27.544,0.005020871319954054
27.548,0.014986924150366803
27.552,0.0021650401462896367
27.556,0.013986599936137076
27.56,0.007876738259799699
27.564,-0.006522717899294672
27.568,-0.00017866203411664398
27.572,0.009963593075500037
27.576,0.014436122703459904
27.58,-0.006713568317447335
27.584,-0.009179861807302842
27.588,0.020894675643594155
27.592,0.0009641558868168597
27.596,0.0017236727185837718
27.6,-0.006781500206155895
27.604,0.0026128468596721874
27.608,0.01749523527755476
27.612,0.0027993195205365095
27.616,0.01083828360705933
27.62,0.00042815216406959645
27.624,-0.010157271270337014
27.628,-0.006759431450050165
27.632,-0.011125564628287682
27.636,0.002215353816525131
27.64,0.012265507450796463
27.644,0.0016288908543767402
27.648,-0.0030646514592259718
27.652,-0.007887225873090462
27.656,0.00356080663873475
27.66,-0.012376954883523571
27.664,-0.011338027599618534
27.668,0.009003658180900627
27.672,-0.0027759841144046394
27.676,-0.002973625845826726
27.68,-0.0016900498181941883
27.684,0.007259115084078444
27.688,0.001655293951998492
27.692,-0.0074306365052815015
27.696,-0.007070798334085539
27.7,-0.001951007792652721
27.704,0.00302231056020618
27.708,-0.0003549136346236389
27.712,-0.0012445260783558003
27.716,0.0004636430716231846
27.72,-0.0003605081632960123
27.724,-0.007800164373206422
27.728,0.011078066157735345
27.732,-0.004807915387043205
27.736,0.0013220077440287447
27.74,-0.0205463906656959
27.744,-0.0020456203188719594
27.748,-0.010803176382264005
27.752,-0.009449097667996467
27.756,0.024810405782574537
27.76,0.003485033375505228
27.764,0.013882681224889122
27.768,0.01114538541433298
27.772,0.013869769027505858
27.776,0.004138136171241832
27.78,0.025132721355291418
27.784,0.02154643076051566
27.788,0.018800866545981794
27.792,0.027829103761616503
27.796,0.03228610520121476
27.8,0.044335648706472726
27.804,0.05516258677603605
27.808,0.07258614697752219
27.812,0.10031348439333404
27.816,0.08538644977236017
27.82,0.12303724949776801
27.824,0.12093718007739891
27.828,0.14832068840640855
27.832,0.14053527769886756
27.836,0.15288686041638083
27.84,0.14833896072275068
27.844,0.12997954844905624
27.848,0.15842280325296482
27.852,0.12220518462453746
27.856,0.12059252481994535
27.86,0.09566882296612574
27.864,0.07841784428714343
27.868,0.07528211348644119
27.872,0.05757016441469806
27.876,0.03914478529322312
27.88,0.03930657946065389
27.884,0.015343070882930656
27.888,0.02361329045776223
27.892,0.014881744499409669
27.896,-0.013426399469180367
27.9,0.0025794349782252033
27.904,0.009910354328759684
27.908,-0.007226808952494909
27.912,0.007284909032645181
27.916,0.005669595125906973
27.92,-0.009366159167263237
27.924,0.0003546737735752708
27.928,0.008523924764000546
27.932,-0.008610952424781102
27.936,-0.0019745411253827695
27.94,0.01154679660950214
27.944,-0.008553352537709401
27.948,0.004602896598112018
27.952,-0.010788351896937427
27.956,-0.0016200428236284891
27.96,0.004400071071637703
27.964,-0.0243481880975389
27.968,-0.0064892444898016184
27.972,0.0006043469002295068
27.976,-0.00785845366067119
27.98,-0.028864492857189658
27.984,-0.05811117640039788
27.988,-0.07351927551938774
27.992,-0.11835614270963676
27.996,-0.1354350191326322
28.0,-0.1409562746383661
28.004,-0.12482847204455219
28.008,-0.05743097892350507
28.012,0.004053722236009772
28.016,0.12893726881159281
28.02,0.27310869084295086
28.024,0.4508220998982722
28.028,0.6416006048520305
28.032,0.8591170732939513
28.036,0.9659174789783457
28.04,1.0001619851353658
28.044,0.9230639262512949
28.048,0.7520534267023612
28.052,0.5740724915135065
28.056,0.353698104042556
28.06,0.19314101523663135
28.064,0.051752516474150134
28.068,-0.07075734677045092
28.072,-0.1755253607683459
28.076,-0.23160417365884603
28.08,-0.27286007726191136
28.084,-0.22318453285277184
28.088,-0.16169228309469744
28.092,-0.11269453894115704
28.096,-0.06690483252713948
28.1,-0.03161343985749554
28.104,0.0008598138055440387
28.108,-0.004099710763330058
28.112,0.017979066182159803
28.116,-0.005253504398225135
28.12,0.0030878946626078448
28.124,-0.0030685963007389882
28.128,0.022400591762585683
28.132,0.003935157951301258
28.136,0.024021892430086185
28.14,-0.0007097651117413295
28.144,0.019694690182202206
28.148,0.0067369640139558415
28.152,0.01531002297088327
28.156,-0.00357649337908913
28.16,0.014118730164792098
28.164,0.0023441773008807017
28.168,0.01844718884823366
28.172,0.004028925263686469
28.176,0.022161498807403538
28.18,0.03855813610979022
28.184,0.038243268245773045
28.188,0.026312539001135477
28.192,0.026318305118689534
28.196,0.057727174645716695
28.2,0.0768603059485751
28.204,0.06055160422055361
28.208,0.10116224198205269
28.212,0.09095984517725789
28.216,0.08307969339250844
28.22,0.09944990343258746
28.224,0.13582340407982282
28.228,0.14305819593868882
28.232,0.17067448421944267
28.236,0.15826807552291447
28.24,0.18597481741128233
28.244,0.19936033238092896
28.248,0.2121324715165167
28.252,0.2235682119028561
28.256,0.2369501529617833
28.26,0.2546469715727411
28.264,0.26718490480437335
28.268,0.27668436971825766
28.272,0.2947813683592512
28.276,0.2776790322859243
28.28,0.276823483919502
28.284,0.3085378812693205
28.288,0.2904751504468735
28.292,0.29574259707871486
28.296,0.2911352365833714
28.3,0.2867754360213783
28.304,0.27259622389348465
28.308,0.2738769334654651
28.312,0.27692404001100485
28.316,0.2598800247993666
28.32,0.25326786831513654
28.324,0.2305794948355167
28.328,0.231108410741342
28.332,0.20296937499691686
28.336,0.17258297721108612
28.34,0.18229476255056212
28.344,0.17229699924862396
28.348,0.14473481724158938
28.352,0.14838905158653815
28.356,0.11446118630907892
28.36,0.11686138059337098
28.364,0.1154936633712674
28.368,0.08707921126158426
28.372,0.07393403010291717
28.376,0.06547653729424388
28.38,0.07400604304714707
28.384,0.05378788410980314
28.388,0.06406391759918406
28.392,0.03906731656818403
28.396,0.024137976297773044
28.4,0.019940679872882266
28.404,0.022136217507658092
28.408,-0.0025607032928815776
28.412,0.009965584625265027
28.416,0.007524322384586109
28.42,0.012206020773153338
28.424,0.027349080529971054
28.428,0.0069202176961735236
28.432,-0.014139647930343613
28.436,-0.005103971117805233
28.44,0.005803217593858214
28.444,0.003420596190696563
28.448,0.01818263664320114
28.452,0.011099256929176134
28.456,0.010452359787363695
28.46,-0.001292563814045709
28.464,0.011657733786918823
28.468,-0.008456914636456756
28.472,0.010059092347579273
28.476,-0.0025443145032546504
28.48,-0.014273021400476317
28.484,0.00608436269750778
28.488,0.01408637820307587
28.492,-0.0039855584315815215
28.496,0.015685598850845923
28.5,-0.016517892860675475
28.504,-0.01193839445571129
28.508,-0.0014463770489469721
28.512,-0.0036929637641134358
28.516,-0.006661075712853483
28.52,0.001343929476285121
28.524,-0.0052808860262395126
28.528,-0.0035861046291421257
28.532,0.002787186562643228
28.536,-0.006672391150815161
28.54,-0.0010560840344620178
28.544,-0.006448338612103837
28.548,-0.012042869214844567
28.552,0.007662730675071753
28.556,0.017127004517016185
28.56,0.010737444440989919
28.564,0.003484606378180944
28.568,-0.006117158704479248
28.572,-0.002351704496340289
28.576,0.011445812327290474
28.58,-0.02137072980362754
28.584,-0.0013109462325455682
28.588,0.010979226143486445
28.592,-0.005825986179595037
28.596,0.012506899336730645
28.6,0.01577549039554638
28.604,0.002438556124448054
28.608,0.02428347019811028
28.612,0.025291144831675775
28.616,0.04537872747370946
28.62,0.059325593492436844
28.624,0.06948719782507091
28.628,0.0801809090551043
28.632,0.09683888941726415
28.636,0.09652130936441165
28.64,0.12133815886243021
28.644,0.12523979408955993
28.648,0.15249063774589408
28.652,0.15474688312919005
28.656,0.1567999759018459
28.66,0.16539711706389074
28.664,0.1395446787467719
28.668,0.12865612801327803
28.672,0.1192574900740627
28.676,0.09353827579369675
28.68,0.0800472388943227
28.684,0.08698268578233705
28.688,0.0527883047984196
28.692,0.043002506463105425
28.696,0.041179753320503706
28.7,0.028166573500946906
28.704,0.03293927598334852
28.708,0.018112822425955383
28.712,0.004422102419366121
28.716,0.018285902198281453
28.72,0.013057450435769724
28.724,-0.01032362359551295
28.728,0.004944535762401902
28.732,-0.005640761859662779
28.736,-0.006496703302612534
28.74,0.019238748336003537
28.744,0.0015565876278333878
28.748,-0.001998735884266939
28.752,0.0009464178249341012
28.756,0.008794217299599335
28.76,-0.006989058976008541
28.764,-0.005294962794398255
28.768,0.006572144918326838
28.772,-0.015169263189594788
28.776,0.009862509828614602
28.78,-0.016266421210428064
28.784,-0.003302496227311466
28.788,-0.018814782349626597
28.792,-0.018618055872344514
28.796,-0.006585607118472777
28.8,-0.030030582343284394
28.804,-0.05981973152021672
28.808,-0.1214919335265856
28.812,-0.14680451878388637
28.816,-0.14290258214004542
28.82,-0.12170067109443036
28.824,-0.09108772389546359
28.828,-0.01699632116239047
28.832,0.07699117845340872
28.836,0.23857866854059434
28.84,0.3892239625027463
28.844,0.5944404257788573
28.848,0.7924104415936482
28.852,0.9518385989382693
28.856,0.9902275479671591
28.86,0.9619958481146114
28.864,0.7946496278647185
28.868,0.6227507135778448
28.872,0.3889533682759245
28.876,0.2221089368843406
28.88,0.08829792600865129
28.884,-0.04392347293839385
28.888,-0.14487774272715723
28.892,-0.22787759414984776
28.896,-0.25319477996341794
28.9,-0.21766152248693527
28.904,-0.17902548758663273
28.908,-0.11526724416223127
28.912,-0.07065037746627972
28.916,-0.03768899627340103
28.92,-0.006702935002402234
28.924,-0.002234338404042935
28.928,-0.0027595488644883226
28.932,-0.013854869951596472
28.936,0.010363970199859124
28.94,0.005581013211098553
28.944,-0.004507819342386392
28.948,0.013804668178997254
28.952,0.005021921286589685
28.956,0.0059301827065055025
28.96,0.013017083594659636
28.964,0.011949306407694597
28.968,0.009522113498291828
28.972,0.006302756614364792
28.976,0.029953845193817212
28.98,0.00508227398397811
28.984,0.02261007829053291
28.988,0.017524041215255796
28.992,0.02666114459399364
28.996,0.038796101327089064
29.0,0.028346775153521808
29.004,0.04318798262659704
29.008,0.046287328636381235
29.012,0.044477609980688684
29.016,0.07155944517043691
29.02,0.07502747411546015
29.024,0.073362576799116
29.028,0.09938120970008137
29.032,0.09148360684407011
29.036,0.11172642714323032
29.04,0.12063520972214907
29.044,0.14595168358105465
29.048,0.1476354010695544
29.052,0.17435449879029635
29.056,0.18723626131885676
29.06,0.19206843583388353
29.064,0.22846241957024735
29.068,0.2166689900610876
29.072,0.2233893051652808
29.076,0.2585894052903157
29.08,0.2400670596421612
29.084,0.28679837365668087
29.088,0.2818210112157925
29.092,0.2738995570636454
29.096,0.28435729951966343
29.1,0.2813737728252851
29.104,0.3035429234609507
29.108,0.28653292834810146
29.112,0.30299779451940795
29.116,0.29122521854207295
29.12,0.2840083996831689
29.124,0.2866396307306701
29.128,0.2789944736415786
29.132,0.274019027922425
29.136,0.244793771143781
29.14,0.238369177178144
29.144,0.21902132811120956
29.148,0.2130944295081636
29.152,0.1893643479389189
29.156,0.1783857686241229
29.16,0.16390643549959882
29.164,0.1566687655335788
29.168,0.1397334027138123
29.172,0.13120628765345652
29.176,0.11210237847036741
29.18,0.09508990102708743
29.184,0.09127512140942001
29.188,0.06947695481531581
29.192,0.0744697062813732
29.196,0.05690790224618407
29.2,0.05364267079301829
29.204,0.046463999027048966
29.208,0.05374561394826081
29.212,0.035771622421764515
29.216,0.027624670555336704
29.22,0.015563356062284667
29.224,0.026707219478766482
29.228,0.012721982817757249
29.232,-0.0026027332907199094
29.236,0.008361178805794987
29.24,0.010266118263166884
29.244,-0.0014649695479969152
29.248,0.004191241240440568
29.252,0.003553781198841183
29.256,0.002810479250687606
29.26,0.014989314276135033
29.264,-0.011055861566489326
29.268,0.021933006043628748
29.272,0.0008988718897714686
29.276,0.006740351014476316
29.28,0.0019910892390828687
29.284,-0.016722271871461466
29.288,-0.010162313513083646
29.292,-0.0049420992706778475
29.296,0.01015981954396477
29.3,-0.013679424240944942
29.304,-0.008437640947482792
29.308,0.0017354800277849492
29.312,0.004791339124682458
29.316,0.004472237815667293
29.32,-0.009807937040620624
29.324,-0.015957108969880365
29.328,0.0054067950663538025
29.332,0.014342911777183387
29.336,-0.0034441454515626545
29.34,-0.011439116707776564
29.344,-0.004290115487953229
29.348,0.003953368910595448
29.352,-0.002309358851128145
29.356,0.014112600226369362
29.36,0.00932518640503819
29.364,0.0019815629496826377
29.368,-0.019295621811818042
29.372,-0.006489528312198427
29.376,-0.0047413981493166025
29.38,-0.006237437897902561
29.384,0.003900165836954239
29.388,0.005262159293203115
29.392,-0.011892276994644657
29.396,0.015325370312196121
29.4,0.010814137502587827
29.404,0.01877219869232941
29.408,0.028576369631218228
29.412,0.020964178303038275
29.416,0.05041430416065119
29.42,0.04728616084522384
29.424,0.07625221737841077
29.428,0.06583958296043164
29.432,0.10355046508130944
29.436,0.09459862873654067
29.44,0.14290049739645083
29.444,0.12013721138513968
29.448,0.1501221073641696
29.452,0.1427923732008993
29.456,0.15688123178204288
29.46,0.14884534870881058
29.464,0.13409920827239194
29.468,0.10936344367637355
29.472,0.15184728325638003
29.476,0.11479567162614226
29.48,0.07060354716024618
29.484,0.08854563174764121
29.488,0.07815559281837886
29.492,0.05072605406784277
29.496,0.038735692655594095
29.5,0.03515837006569724
29.504,0.03861970694163034
29.508,0.020496650580784023
29.512,0.028565105042672262
29.516,0.021017139827848683
29.52,0.00430128826582729
29.524,-0.01134464223487149
29.528,0.0005461324926910962
29.532,0.007033411718327686
29.536,0.0016828369785423557
29.54,0.006991742192542117
29.544,0.009011218805386193
29.548,0.005522565426259919
29.552,-0.002634909322470428
29.556,0.0052626658460545265
29.56,0.022388382533481056
29.564,-0.014881698786025887
29.568,0.004880740332376211
29.572,0.01831941320276429
29.576,-0.011771248705995238
29.58,0.009879238686105197
29.584,0.010798727050514304
29.588,-0.0167030465408864
29.592,0.0013120128836230293
29.596,-0.01758854533153496
29.6,-0.033045971455509936
29.604,-0.06352176816055086
29.608,-0.08221514588336398
29.612,-0.12932539466991042
29.616,-0.15042952451365704
29.62,-0.14226109168793935
29.624,-0.1045099364254777
29.628,-0.048470803967507324
29.632,0.04748830398841125
29.636,0.1750380029068708
29.64,0.3374960746849853
29.644,0.5387661857174869
29.648,0.7320610623663283
29.652,0.8952243599564617
29.656,0.9819943660191487
29.66,0.9812034263040706
29.664,0.8613793631908658
29.668,0.6777696270747618
29.672,0.4747319865238263
29.676,0.2850395992764661
29.68,0.12098471791246648
29.684,-0.01495669907984646
29.688,-0.12769606444217368
29.692,-0.2050039316518001
29.696,-0.23287423836363055
29.7,-0.24458881154512224
29.704,-0.21520101764715924
29.708,-0.1321819812933584
29.712,-0.09659509494513864
29.716,-0.04458696136993928
29.72,-0.014702237532601565
29.724,-0.007071455441385978
29.728,-0.026690151134631294
29.732,0.003888455089083207
29.736,0.01395015941427732
29.74,0.008932551540745905
29.744,-0.019815267378197676
29.748,0.023122982882683676
29.752,-0.010876783933675896
29.756,-0.007739323556491627
29.76,0.011686468005220958
29.764,0.009409925277629985
29.768,0.006925121594200139
29.772,0.0019341074011563182
29.776,0.022753180430371066
29.78,0.011225735033606446
29.784,-0.001455390042064058
29.788,0.029573381962731037
29.792,0.023011118670787166
29.796,0.03611388508849443
29.8,0.0354693868088992
29.804,0.05912941573743967
29.808,0.03832250976846245
29.812,0.04857613471380845
29.816,0.06342605898872651
29.82,0.06184646537729464
29.824,0.08242248554548015
29.828,0.05528387686578344
29.832,0.09521925007933603
29.836,0.10689042024262484
29.84,0.11922120081477917
29.844,0.12517001417164372
29.848,0.1568498737616764
29.852,0.15698527130973394
29.856,0.1785125377487548
29.86,0.19068558173932743
29.864,0.2104879243403517
29.868,0.2339004787742852
29.872,0.23511985558628218
29.876,0.2544208049764091
29.88,0.2593445746116431
29.884,0.26357462799418246
29.888,0.27662000493524225
29.892,0.2830941923721767
29.896,0.2978535057426927
29.9,0.2977123296047148
29.904,0.2913241461939076
29.908,0.29776524963373163
29.912,0.2835271439393416
29.916,0.29384799590663696
29.92,0.29077993124551793
29.924,0.3021822441927374
29.928,0.28929528742032534
29.932,0.25571652609936596
29.936,0.25702907767069644
29.94,0.2450578707027412
29.944,0.22751676950706803
29.948,0.2144237567434712
29.952,0.19834475988353234
29.956,0.20613566252900545
29.96,0.1686991450959401
29.964,0.16183485109307727
29.968,0.11897888642424861
29.972,0.13877539819112422
29.976,0.12920582977327102
29.98,0.0943234015449298
29.984,0.08794325725890126
29.988,0.08659253081207993
29.992,0.0721222359259459
29.996,0.06729448849482407
30.0,0.0513152729479631
30.004,0.30298046147902247
30.008,0.18004015323488198
30.012,-0.08625818232054025
30.016,-0.19686380990504304
30.02,0.03218671723144391
30.024,0.24722979251032726
30.028,0.17248169667533664
30.032,-0.12739427758246763
30.036,-0.24792356754241263
30.04,-0.00508914455573494
30.044,0.2485630166131586
30.048,0.15140030840951488
30.052,-0.1475039457111754
30.056,-0.22333018546934125
30.06,-0.0059732679798962865
30.064,0.23544886151323732
30.068,0.1422120361548468
30.072,-0.14050606334156204
30.076,-0.25393320227854876
30.08,-0.004196057716176831
30.084,0.22112695779358957
30.088,0.14426134053132347
30.092,-0.13938442151335914
30.096,-0.23010926359051548
30.1,-0.007094688660967131
30.104,0.2432301587032776
30.108,0.14519135018151597
30.112,-0.13326554601609142
30.116,-0.23901351273361957
30.12,-0.029694596243984416
30.124,0.24673639396782354
30.128,0.1423732659703103
30.132,-0.14967574252597268
30.136,-0.2343961450019241
30.14,-0.014241026935946496
30.144,0.23851482739530472
30.148,0.1522941346264537
30.152,-0.14330371333246145
30.156,-0.24375206644256203
30.16,0.009920369073134414
30.164,0.22779015801077332
30.168,0.14069238877063603
30.172,-0.1483041090293295
30.176,-0.23480513435824504
30.18,-0.0032368046611829905
30.184,0.25006713682109766
30.188,0.14993254733107228
30.192,-0.14612627935198955
30.196,-0.2350450957710793
30.2,0.007541799829064797
30.204,0.24054679779318658
30.208,0.12949519251860692
30.212,-0.13497281626389482
30.216,-0.2348073007550916
30.22,0.009648555409387782
30.224,0.2380465484401414
30.228,0.1352416640465916
30.232,-0.16006716503752458
30.236,-0.23332405356416017
30.24,0.02460631751440008
30.244,0.27725681812452885
30.248,0.18522560312790876
30.252,-0.11176348997516193
30.256,-0.18785773226513305
30.26,0.0847268698807557
30.264,0.3100291334540189
30.268,0.26785711320922917
30.272,-0.014257222101838635
30.276,-0.08976460325434107
30.28,0.141045228564911
30.284,0.3792991666718981
30.288,0.29973600204078965
30.292,0.011884870271648862
30.296,-0.09780363515269547
30.3,0.12862987294926925
30.304,0.3646935052297783
30.308,0.2567688627108255
30.312,-0.030754757482458026
30.316,-0.15461321167487002
30.32,0.07587818084361142
30.324,0.3088539201529107
30.328,0.2085671594867751
30.332,-0.1069337556469616
30.336,-0.20520285518997905
30.34,0.011025989686931003
30.344,0.2632431812648972
30.348,0.1702741552555261
30.352,-0.15834143590766328
30.356,-0.21526562461815538
30.36,-0.003844702294145246
30.364,0.2457118307307733
30.368,0.14895673888763067
30.372,-0.14680748169745297
30.376,-0.23939401711282873
30.38,-0.009676922936796738
30.384,0.24314092180665867
30.388,0.1441610571205025
30.392,-0.16000075601999897
30.396,-0.24809370838466702
30.4,-0.012914572610376688
30.404,0.23252031202725706
30.408,0.15178210068182085
30.412,-0.15414555563451215
30.416,-0.22839388810903707
30.42,-0.002605832884514727
30.424,0.23044176881039588
30.428,0.13529528734606933
30.432,-0.15987099722608034
30.436,-0.303546654533361
30.44,-0.06934362206183545
30.444,0.12680814118602435
30.448,0.003366235802342077
30.452,-0.277778812829811
30.456,-0.354360261253651
30.46,-0.053853803421255404
30.464,0.25832056740174114
30.468,0.295205700035932
30.472,0.1340271977718133
30.476,0.23567676025956813
30.48,0.6846546153295853
30.484,1.1095728290563585
30.488,1.1163743871640106
30.492,0.8530619780931697
30.496,0.6535254469566496
30.5,0.7091755509236409
30.504,0.7561243282975694
30.508,0.48267979476024664
30.512,0.010298168369721417
30.516,-0.22456772909761094
30.52,-0.09369545465308246
30.524,0.05669295112693759
30.528,-0.08118701801451397
30.532,-0.4078124007039767
30.536,-0.45336275026973205
30.54,-0.15830804510240934
30.544,0.12320780366252838
30.548,0.07887638556717619
30.552,-0.17535834624132868
30.556,-0.24713521805393854
30.56,-0.002700394602350481
30.564,0.2318621938662684
30.568,0.14152693934991312
30.572,-0.14992168385116536
30.576,-0.23345205873039368
30.58,0.014176505864061082
30.584,0.21779148543901336
30.588,0.15603377887106928
30.592,-0.14442213072273832
30.596,-0.22791052211008092
30.6,0.017629277714812902
30.604,0.23741953322751977
30.608,0.16532702545037511
30.612,-0.14847301263818938
30.616,-0.223002694535603
30.62,0.013981353754814145
30.624,0.25805992066552363
30.628,0.1608781058695506
30.632,-0.11414638541169919
30.636,-0.18818596350705055
30.64,0.030007979557813442
30.644,0.28617153772081044
30.648,0.2096116347621761
30.652,-0.08737260694864582
30.656,-0.15233091132181759
30.66,0.07767370191793904
30.664,0.3295481063326945
30.668,0.24173546837109638
30.672,-0.028447230289473185
30.676,-0.10733045141773764
30.68,0.15048693389934226
30.684,0.3896826682927636
30.688,0.31284044557141855
30.692,0.04494004848617414
30.696,-0.02205340758297722
30.7,0.2222390508940278
30.704,0.48592356877263887
30.708,0.39523633671600233
30.712,0.11314029077228827
30.716,0.034980484158384284
30.72,0.29060086744178165
30.724,0.5341616216355459
30.728,0.4268054715925264
30.732,0.1567127453970198
30.736,0.06365387573635892
30.74,0.2980419856287284
30.744,0.5193184763110683
30.748,0.4282264211066418
30.752,0.14163518580103301
30.756,0.033591216060027296
30.76,0.27468568532808024
30.764,0.5136443597914514
30.768,0.3991473541040772
30.772,0.10002052579283391
30.776,-0.015160891190299258
30.78,0.22271891096300966
30.784,0.4484744288291918
30.788,0.3239210749334297
30.792,0.022191757522105865
30.796,-0.0882605430031001
30.8,0.15302314603813544
30.804,0.3734811719188763
30.808,0.2671943598820742
30.812,-0.04018384780829687
30.816,-0.138471397693483
30.82,0.08829563303803413
30.824,0.30730505742204633
30.828,0.20556667371723594
30.832,-0.09122519250898874
30.836,-0.19117139315679227
30.84,0.062095787661480405
30.844,0.2691974012612787
30.848,0.17963865793637052
30.852,-0.11727814305437222
30.856,-0.20290166717201902
30.86,0.00917193045149502
30.864,0.2653918030697773
30.868,0.1571153509352689
30.872,-0.11246812613912786
30.876,-0.2264931904796282
30.88,-0.006153684006633805
30.884,0.24068540341009215
30.888,0.16418594350717225
30.892,-0.14307854620720958
30.896,-0.23597256107298928
30.9,0.009046020280237746
30.904,0.23574765072156395
30.908,0.14593906489031766
30.912,-0.15555422689246137
30.916,-0.21984037953897823
30.92,-0.011747665572216574
30.924,0.23981668151330177
30.928,0.15201115480472047
30.932,-0.14688638558260142
30.936,-0.2501586122031327
30.94,-0.009882542967182982
30.944,0.24306543681747977
30.948,0.13920232726528448
30.952,-0.1676272847333399
30.956,-0.23386648675565275
30.96,-0.0087052811858968
30.964,0.2440901249447207
30.968,0.14493972317097095
30.972,-0.14943777026105595
30.976,-0.23723715893554279
30.98,-0.011381795208399015
30.984,0.22951173097852134
30.988,0.14434851348045552
30.992,-0.15838877347870597
30.996,-0.23062530117336066
31.0,-0.0030733448686998126
31.004,0.2232700886034503
31.008,0.14135631325369735
31.012,-0.14593392202534314
31.016,-0.24222440166457618
31.02,0.003999427872675652
31.024,0.24350713669903384
31.028,0.17096879111535093
31.032,-0.1354287553664199
31.036,-0.2541057978324797
31.04,-0.0035597267573378257
31.044,0.23517799979620352
31.048,0.152844514368651
31.052,-0.15601805482046374
31.056,-0.2426156358590926
31.06,-0.011659762946954361
31.064,0.23304222128018243
31.068,0.14339925601058962
31.072,-0.14676352625710917
31.076,-0.2445414806987865
31.08,0.01743643173836919
31.084,0.2535991792221548
31.088,0.14826324817560307
31.092,-0.12477589638626001
31.096,-0.22380976232028074
31.1,0.05241786845018606
31.104,0.30396784465400567
31.108,0.20903547084193522
31.112,-0.07906061210115672
31.116,-0.15355996568207445
31.12,0.10074101820843862
31.124,0.35561479690919545
31.128,0.29158267269209914
31.132,0.003123964883809144
31.136,-0.08106733754621873
31.14,0.15157692422071026
31.144,0.37517780847290305
31.148,0.2835382849383029
31.152,-0.010091175323930585
31.156,-0.1243750018493066
31.16,0.11553869037700709
31.164,0.34418936429214436
31.168,0.2362481318341872
31.172,-0.07223322243306834
31.176,-0.20001523896815648
31.18,0.057861207038991495
31.184,0.2563490861614435
31.188,0.1711107581273423
31.192,-0.12198053608904078
31.196,-0.22079704254349417
31.2,-0.0034852134402337254
31.204,0.23307181595130316
31.208,0.15396800926220575
31.212,-0.13916813148219292
31.216,-0.24716251004954307
31.22,0.004948624948157433
31.224,0.22322052537022935
31.228,0.15354384122734413
31.232,-0.15558461465607762
31.236,-0.23684861405038746
31.24,-0.0008146331717168344
31.244,0.24940178920249695
31.248,0.14938338235690063
31.252,-0.15293032284748803
31.256,-0.23417027529287812
31.26,0.02139288496138264
31.264,0.24500862397148018
31.268,0.14571510614162733
31.272,-0.15749676564239426
31.276,-0.2504592253559797
31.28,-0.009608906433017976
31.284,0.19377546293873749
31.288,0.08290216110813263
31.292,-0.2320514977862037
31.296,-0.36751884383748523
31.3,-0.15709976615666385
31.304,0.12452819644166135
31.308,0.0694701080526137
31.312,-0.17064316044678357
31.316,-0.16053063596153422
31.32,0.18760457456859447
31.324,0.5992957237669265
31.328,0.6930241662257646
31.332,0.5913734596658091
31.336,0.7035042207532276
31.34,0.9820815600693117
31.344,1.210429439175071
31.348,0.9937791213635699
31.352,0.5133113315978527
31.356,0.21003342635763358
31.36,0.2587501075564087
31.364,0.3408422148572323
31.368,0.12498385017378119
31.372,-0.2773102358735339
31.376,-0.44429829885556926
31.38,-0.2566946876106849
31.384,0.02034451047696212
31.388,-0.04332085760249918
31.392,-0.28169395001233377
31.396,-0.32543987924848183
31.4,-0.051231854250575665
31.404,0.2287387911811371
31.408,0.1391220217878825
31.412,-0.14231297625652461
31.416,-0.2511849488898101
31.42,0.01620564654835063
31.424,0.24788487515900062
31.428,0.1476050716158165
31.432,-0.14036414458799107
31.436,-0.22790309403874304
31.44,-0.010238729196716392
31.444,0.25851665284311137
31.448,0.15679122750667318
31.452,-0.14770617925750876
31.456,-0.2409090449506702
31.46,0.01954719300220874
31.464,0.25177085297242496
31.468,0.16630191698849778
31.472,-0.1290453659712912
31.476,-0.2265256772814717
31.48,0.030567932243666066
31.484,0.2661273841255137
31.488,0.18262014465839005
31.492,-0.08098820400748227
31.496,-0.17979945902619127
31.5,0.0664505253336771
31.504,0.33090722463935895
31.508,0.2263402779860236
31.512,-0.05974216177071784
31.516,-0.14726700777387697
31.52,0.10482366642048943
31.524,0.33941315094233804
31.528,0.2903629285338246
31.532,-0.010201463031681512
31.536,-0.06504589443229061
31.54,0.1777575488496043
31.544,0.4317759143469817
31.548,0.35365433394523804
31.552,0.08810246802858207
31.556,0.009021714892746946
31.56,0.24714162883209315
31.564,0.48797105691507464
31.568,0.42597594659065086
31.572,0.1223339440600372
31.576,0.03342366562952542
31.58,0.29776356924702835
31.584,0.5469929689299133
31.588,0.44234276001181205
31.592,0.15704316625479536
31.596,0.056604574288691145
31.6,0.3024377726513134
31.604,0.5387988166368329
31.608,0.42753943492402946
31.612,0.11753507714585282
31.616,0.012511152329199693
31.62,0.2629195581575187
31.624,0.4678004874147341
31.628,0.3789349376287846
31.632,0.07530001905922254
31.636,-0.04255274053997116
31.64,0.18406847270739857
31.644,0.41894138733857544
31.648,0.29563972039594727
31.652,-0.01338228173020084
31.656,-0.11111859606088073
31.66,0.12866303990069747
31.664,0.3573171882740378
31.668,0.23771198579209785
31.672,-0.07320390978675428
31.676,-0.156311414150447
31.68,0.0449205285944852
31.684,0.29350841526997834
31.688,0.19226658799104956
31.692,-0.09494971777250028
31.696,-0.19068808537796372
31.7,0.018489948279757147
31.704,0.26281506426204526
31.708,0.16068720085776064
31.712,-0.13380326276491306
31.716,-0.21838511325502535
31.72,0.007428599039170195
31.724,0.24844349319501177
31.728,0.16356166054276933
31.732,-0.1261560753129551
31.736,-0.23039161304896405
31.74,0.004723427000286877
31.744,0.2294761346233782
31.748,0.1649776544318098
31.752,-0.14030402318316032
31.756,-0.2351034039758217
31.76,0.001844557877518049
31.764,0.24212683033007065
31.768,0.15523574968829038
31.772,-0.1375615840238012
31.776,-0.2213358169557325
31.78,0.002664367852644929
31.784,0.2554811005749278
31.788,0.15765162032438815
31.792,-0.14745447138430046
31.796,-0.25437054156895184
31.8,0.0009039688067047648
31.804,0.25338340318692837
31.808,0.1392181384573838
31.812,-0.14610445814839826
31.816,-0.23609988086435166
31.82,0.00942965290397907
31.824,0.23389180947757668
31.828,0.1382564554177128
31.832,-0.1412435759164424
31.836,-0.24519615734597003
31.84,-0.018353810343416
31.844,0.256168686673943
31.848,0.15621719281035235
31.852,-0.12811201897369615
31.856,-0.2290236401635906
31.86,0.0068040863902120614
31.864,0.2414602176061351
31.868,0.1450874764553283
31.872,-0.14182225931959877
31.876,-0.24329030082184186
31.88,-0.01067985693442977
31.884,0.23446641554329903
31.888,0.15990848911983158
31.892,-0.15918169045365796
31.896,-0.24976703129288896
31.9,0.006202469037075688
31.904,0.23411636899863197
31.908,0.15265358013955277
31.912,-0.13564009409854444
31.916,-0.23088276567352062
31.92,-0.0027667676910922566
31.924,0.2560317538227434
31.928,0.1624749585929741
31.932,-0.13489695274556635
31.936,-0.22129328242527563
31.94,0.026777486197976704
31.944,0.2656459734457107
31.948,0.17129882483167547
31.952,-0.08745364349823956
31.956,-0.16606432708399782
31.96,0.05569407826675414
31.964,0.33605887901013287
31.968,0.2720588316249557
31.972,-0.03723972655260652
31.976,-0.10584025138443484
31.98,0.13996077084514094
31.984,0.40207017431561476
31.988,0.3081372466713424
31.992,-0.007283594169127605
31.996,-0.09112856432521274
32.0,0.15770086954940923
32.004,0.354959323204948
32.008,0.25712211078988034
32.012,-0.04576741671363019
32.016,-0.1623388318106904
32.02,0.08508533295979182
32.024,0.2874367314117376
32.028,0.1758186732495929
32.032,-0.1194304420558549
32.036,-0.20676271506716598
32.04,0.009832762294751756
32.044,0.25342690694367287
32.048,0.16131473449687603
32.052,-0.1531415091840307
32.056,-0.23952797523148128
32.06,0.005970531510823636
32.064,0.24633708996298018
32.068,0.14250101118264435
32.072,-0.1448695102690063
32.076,-0.2402802475500128
32.08,0.007460668544579723
32.084,0.2430583315721241
32.088,0.14326505995052766
32.092,-0.14213393054615753
32.096,-0.24187605218500807
32.1,0.004579440520653181
32.104,0.24247260082595837
32.108,0.17061541897257176
32.112,-0.1505077577933829
32.116,-0.23996632200056658
32.12,-0.009136035014803702
32.124,0.21978018548276096
32.128,0.1236337640280563
32.132,-0.17941266720519305
32.136,-0.2999123079705999
32.14,-0.10221832766924417
32.144,0.09967126183476524
32.148,-0.004407394868181674
32.152,-0.2866036600921076
32.156,-0.32948552772894313
32.16,-0.02857141745566655
32.164,0.3336505367809744
32.168,0.3793529232433226
32.172,0.2177829606838073
32.176,0.3484803362801552
32.18,0.7847316686301384
32.184,1.174760966122104
32.188,1.1403532382212656
32.192,0.8187677604919257
32.196,0.5830003136192307
32.2,0.632294104114467
32.204,0.6468671930222644
32.208,0.3650713107419619
32.212,-0.06338890478370862
32.216,-0.29245989465611355
32.22,-0.13405850016745943
32.224,0.0017740785400223447
32.228,-0.10319358564634903
32.232,-0.3859439202275263
32.236,-0.4278141375316537
32.24,-0.12464478883085796
32.244,0.16794106234639494
32.248,0.11698862692049489
32.252,-0.15451766254784047
32.256,-0.24462544350870852
32.26,0.019910446929287912
32.264,0.2518783197447005
32.268,0.14463051236587962
32.272,-0.1471525083167222
32.276,-0.23956114050252145
32.28,0.005618551798262433
32.284,0.23059533177976316
32.288,0.1423058577702529
32.292,-0.1644927816201127
32.296,-0.23655089638237398
32.3,0.017157045783417108
32.304,0.2443400445452783
32.308,0.15599197850837
32.312,-0.13187525920065127
32.316,-0.23279069005090056
32.32,0.01843427718802641
32.324,0.2685705374394549
32.328,0.17623024529115533
32.332,-0.10598124614475947
32.336,-0.18827060697658238
32.34,0.04989956343964214
32.344,0.2811203499362054
32.348,0.20203862156766716
32.352,-0.060205412455524604
32.356,-0.1574486649322941
32.36,0.08957683298224339
32.364,0.3283426619315899
32.368,0.25738926962954894
32.372,-0.01554754060751648
32.376,-0.09989822538324733
32.38,0.1464953079352152
32.384,0.4009025599867252
32.388,0.3393934357464047
32.392,0.05479390853175989
32.396,-0.023002335977062333
32.4,0.2278118215003422
32.404,0.4627315284026391
32.408,0.3990640732984959
32.412,0.12471902022052408
32.416,0.03099925832428113
32.42,0.2901475062828388
32.424,0.5310407853518453
32.428,0.4488116227421576
32.432,0.15112078681498933
32.436,0.07075832378156288
32.44,0.2851982853291641
32.444,0.536215226308592
32.448,0.4485896406073221
32.452,0.14511089242194622
32.456,0.055156696351269685
32.46,0.27168536059290826
32.464,0.49541721460952914
32.468,0.3823135107402881
32.472,0.08966685460114118
32.476,-0.006507032304338384
32.48,0.2198154928399816
32.484,0.42167657306440015
32.488,0.3420890905551932
32.492,0.012164640895488021
32.496,-0.08449475304002033
32.5,0.13474041986397153
32.504,0.36877681542828455
32.508,0.2617228304828579
32.512,-0.038653749504003174
32.516,-0.12937962898115063
32.52,0.08316800038413223
32.524,0.30127151426231613
32.528,0.21177077831832514
32.532,-0.07549043295001773
32.536,-0.18657284153554077
32.54,0.04751023406569171
32.544,0.2540686453020705
32.548,0.1779560989270156
32.552,-0.1269240061500024
32.556,-0.22569670091179853
32.56,0.015359071396600197
32.564,0.251636598680283
32.568,0.1511272176170632
32.572,-0.1366163025093934
32.576,-0.23270086999566558
32.58,0.012461655241427071
32.584,0.2443609572704106
32.588,0.15411766800140275
32.592,-0.13447525590363726
32.596,-0.23012743627076843
32.6,0.001555910664583997
32.604,0.2181392748254972
32.608,0.15303527774607256
32.612,-0.15534236281614625
32.616,-0.23808046768914806
32.62,0.004120126935880162
32.624,0.251399796989471
32.628,0.16559573172395148
32.632,-0.15599202728606984
32.636,-0.2508010241331289
32.64,0.0033456241113981686
32.644,0.24025226664351015
32.648,0.13497336521482933
32.652,-0.14707968961403856
32.656,-0.2317655930906842
32.66,-0.012285242564884226
32.664,0.22782965493186605
32.668,0.1405126200759864
32.672,-0.14906345748568794
32.676,-0.23082067011437066
32.68,-0.0032622550112306275
32.684,0.23831902548020834
32.688,0.1694092544744454
32.692,-0.15650863759503503
32.696,-0.24429354426342484
32.7,0.006781235619185684
32.704,0.2476447995505426
32.708,0.1510945041716528
32.712,-0.12885645556137448
32.716,-0.2345893055022877
32.72,-0.01976053645855445
32.724,0.2387351309755213
32.728,0.14123869110730092
32.732,-0.13310356775035675
32.736,-0.22810842791978253
32.74,-0.015878037475954312
32.744,0.2513040090158383
32.748,0.1564095668342365
32.752,-0.1500623593226587
32.756,-0.2383169475135189
32.76,0.014328406273979136
32.764,0.21874492194216402
32.768,0.15256116745536588
32.772,-0.13412466793633737
32.776,-0.23565973022422226
32.78,0.011100464100997074
32.784,0.24575439740969793
32.788,0.1493193310485421
32.792,-0.14042513674884402
32.796,-0.2102697492850291
32.8,0.021337010420230635
32.804,0.2592090536075706
32.808,0.19555170700846378
32.812,-0.09243658704720067
32.816,-0.17658113459824087
32.82,0.08822693022608029
32.824,0.3474450256887514
32.828,0.26305133844112344
32.832,-0.029245512745622634
32.836,-0.09437694491349927
32.84,0.15615729420249325
32.844,0.4094369919193388
32.848,0.3108632637310956
32.852,-0.011322862032503322
32.856,-0.09081793995817003
32.86,0.13066423745025818
32.864,0.34184002623797827
32.868,0.2514626453046132
32.872,-0.040584305808212484
32.876,-0.15295377718150482
32.88,0.04920835274893171
32.884,0.2850184632780842
32.888,0.18832769513572656
32.892,-0.1367381263339299
32.896,-0.23449280274118592
32.9,0.016042092506482652
32.904,0.24956747907512616
32.908,0.13545363893928694
32.912,-0.1384898839103641
32.916,-0.2239336338387375
32.92,-0.0003159133934298586
32.924,0.23950987107926802
32.928,0.1533479941437736
32.932,-0.142154499071471
32.936,-0.2542218015656367
32.94,-0.008924404275706002
32.944,0.23387417240764954
32.948,0.13837418515915234
32.952,-0.13225812518646643
32.956,-0.23141063905447162
32.96,-0.011096607150308132
32.964,0.23560033823581425
32.968,0.15813953299814354
32.972,-0.15387885210473237
32.976,-0.23093753115137133
32.98,0.008663658809635976
32.984,0.2364534611397126
32.988,0.11882773169316557
32.992,-0.1910550123030098
32.996,-0.33421193897324863
33.0,-0.10012268597271475
33.004,0.0952261030234356
33.008,0.018247308623972003
33.012,-0.257250222575396
33.016,-0.278971491579413
33.02,0.0459311508994588
33.024,0.38661866695986985
33.028,0.4506800734330108
33.032,0.3545634351863338
33.036,0.48054876817999737
33.04,0.8654069066551202
33.044,1.2208210638015993
33.048,1.1454086145882774
33.052,0.7207472585587614
33.056,0.47635128472277144
33.06,0.4841851473542195
33.064,0.5289378704927985
33.068,0.2805627315863639
33.072,-0.12778850235404055
33.076,-0.35295777379933707
33.08,-0.20882750876256578
33.084,-0.01492542589663215
33.088,-0.08634506321218224
33.092,-0.3680255323557219
33.096,-0.37655159517864745
33.1,-0.09234865146998983
33.104,0.18857254649108451
33.108,0.12817080747945037
33.112,-0.1630207881649204
33.116,-0.2386628649000644
33.12,-0.01207717230666447
33.124,0.25188396276338354
33.128,0.13770117047395547
33.132,-0.14117609589103386
33.136,-0.24631445162132146
33.14,-0.0030170616057067644
33.144,0.23698754084644827
33.148,0.18052462950856368
33.152,-0.14233561009272108
33.156,-0.24001175097460814
33.16,0.002996029878990281
33.164,0.23193772970639176
33.168,0.15666980550376056
33.172,-0.1145496949924697
33.176,-0.21752609406361925
33.18,0.02941731207432479
33.184,0.2531247745593271
33.188,0.17407787770356567
33.192,-0.11035425467343268
33.196,-0.20434186933940268
33.2,0.05157700457124744
33.204,0.29921297397018454
33.208,0.21622890409002243
33.212,-0.07518889528171564
33.216,-0.14332101188452212
33.22,0.09205436003984632
33.224,0.34079313577979514
33.228,0.2804938106805177
33.232,-0.025625006161981656
33.236,-0.10860693123484508
33.24,0.151712464831548
33.244,0.41648833437169647
33.248,0.3491829639058477
33.252,0.05029994419750375
33.256,-0.001610771346432921
33.26,0.23192584667697683
33.264,0.48119575313116736
33.268,0.39504146768337334
33.272,0.14004156123545664
33.276,0.03776968117404933
33.28,0.2717904982242433
33.284,0.5538882775102086
33.288,0.4471109538267478
33.292,0.16010540555325012
33.296,0.07905134622071039
33.3,0.3051640290320165
33.304,0.5436537815993739
33.308,0.4389083299454054
33.312,0.14533359513246577
33.316,0.0387272047621548
33.32,0.2670361355321924
33.324,0.4952916217127614
33.328,0.38727727727678113
33.332,0.0894447021390429
33.336,-0.0150613039559101
33.34,0.2117108589404011
33.344,0.4332267333120863
33.348,0.34146431373954467
33.352,0.023640479473268333
33.356,-0.0939721270863132
33.36,0.13661030103961225
33.364,0.37072552818276944
33.368,0.24368199236390714
33.372,-0.032437605776679285
33.376,-0.16222203722722267
33.38,0.08204490832281715
33.384,0.3014778306754047
33.388,0.20154469493015198
33.392,-0.1125662574912355
33.396,-0.1881631831657537
33.4,0.021537485454962528
33.404,0.25238575072097097
33.408,0.18290283614730346
33.412,-0.10875376561390376
33.416,-0.227633300912882
33.42,0.023853636000716303
33.424,0.257027410230391
33.428,0.1552067803055235
33.432,-0.1261837021460806
33.436,-0.23346333565735486
33.44,0.009905378013944224
33.444,0.22897082258306767
33.448,0.13778124337421632
33.452,-0.1329540156679106
33.456,-0.2304645401464709
33.46,-4.528408396386887e-05
33.464,0.25790006398976983
33.468,0.16672505848795457
33.472,-0.14194485183650585
33.476,-0.251862057213874
33.48,-0.0007732534404371873
33.484,0.229692813394204
33.488,0.14802923712527052
33.492,-0.1561715825498358
33.496,-0.24962600135271631
33.5,-0.02255328834557204
33.504,0.2394895040067971
33.508,0.12399731425954305
33.512,-0.15011938250383738
33.516,-0.23079552961710065
33.52,-0.007195791234754821
33.524,0.22694883770741775
33.528,0.14632017731860128
33.532,-0.15514155117176814
33.536,-0.23574619801747448
33.54,-0.010043525654320139
33.544,0.23721258708090642
33.548,0.14431758843310563
33.552,-0.14568114140868038
33.556,-0.21918870343380162
33.56,0.005490976336672292
33.564,0.248156133266835
33.568,0.14867874530117592
33.572,-0.13310525240868917
33.576,-0.2240527911898969
33.58,0.02304404846479144
33.584,0.2748969208481746
33.588,0.18218053656519134
33.592,-0.09942906911396887
33.596,-0.1783836404552576
33.6,0.07306383968603805
33.604,0.3320901283945527
33.608,0.2502800541865388
33.612,-0.011503721856878174
33.616,-0.07874762860227952
33.62,0.1357874023441506
33.624,0.3882334013945703
33.628,0.3072892391924593
33.632,-0.0010200525986011344
33.636,-0.10421163866317942
33.64,0.1524622660771566
33.644,0.36857000828698483
33.648,0.2609849431568883
33.652,-0.03580476624302038
33.656,-0.14794719475198298
33.66,0.06753216570858946
33.664,0.2829046765937184
33.668,0.18521986113247527
33.672,-0.10175743229482563
33.676,-0.20616612474635837
33.68,0.016189422445077133
33.684,0.2682553732775091
33.688,0.15425413353713546
33.692,-0.13107828706765826
33.696,-0.23162158303485353
33.7,0.021857177430374623
33.704,0.2468743077629833
33.708,0.14837024660999248
33.712,-0.14816290604156063
33.716,-0.23758712854139874
33.72,-0.00706739459674556
33.724,0.22419969482710114
33.728,0.1500886565043165
33.732,-0.1522527854301431
33.736,-0.24311140162450678
33.74,-0.0008822788738167565
33.744,0.23828254678448482
33.748,0.1469815142484819
33.752,-0.1297506120938865
33.756,-0.2318890146336005
33.76,0.018535536950487326
33.764,0.2260186132200691
33.768,0.13665228778990704
33.772,-0.188859443036635
33.776,-0.3114982603241056
33.78,-0.08228507670506624
33.784,0.09588710316821594
33.788,-0.021830264191375792
33.792,-0.285734772436507
33.796,-0.3463358702388241
33.8,-0.028522138358849095
33.804,0.3068754252892124
33.808,0.355203858062242
33.812,0.20899892634319453
33.816,0.34914893023443827
33.82,0.7557001042749388
33.824,1.1666442616195165
33.828,1.1425015397916258
33.832,0.8206454730471436
33.836,0.5894930954150084
33.84,0.642268621079404
33.844,0.6587562416683109
33.848,0.38117993480684487
33.852,-0.05797101671810083
33.856,-0.2679487506126304
33.86,-0.13280220430500222
33.864,0.028415503197698366
33.868,-0.09579077769081479
33.872,-0.3814329002072542
33.876,-0.42268682224356435
33.88,-0.10932520306690527
33.884,0.15965217760063244
33.888,0.10575845395724848
33.892,-0.16708537915009863
33.896,-0.23927555919128787
33.9,-0.022489522301876855
33.904,0.23662265755008974
33.908,0.15654032517420244
33.912,-0.1510602288528826
33.916,-0.2343800871538228
33.92,0.02305842084439212
33.924,0.24360508288239724
33.928,0.12777711206628123
33.932,-0.15695728423266164
33.936,-0.23512252182277094
33.94,-0.0015874512627504635
33.944,0.2468240364962723
33.948,0.15392286483412732
33.952,-0.12309730046228015
33.956,-0.23380118512697126
33.96,0.015966184733738627
33.964,0.261676567334921
33.968,0.17638733770508072
33.972,-0.1145110868600574
33.976,-0.22527064872301367
33.98,0.043828973685113536
33.984,0.2864356857676991
33.988,0.21377597858089592
33.992,-0.07267059301279225
33.996,-0.1585967717830598
34.0,0.0904499178536659
34.004,0.34998451976863637
34.008,0.2692951116780875
34.012,-0.020496530731427348
34.016,-0.0791536703550777
34.02,0.1448285236428674
34.024,0.39133199262014984
34.028,0.3267722467910976
34.032,0.04378641413581977
34.036,-0.05357669788402725
34.04,0.21631813536461522
34.044,0.4774647408572539
34.048,0.39526407615071224
34.052,0.1058231408422515
34.056,0.03363341116249094
34.06,0.2812656203574609
34.064,0.532467104151974
34.068,0.4339189685557374
34.072,0.15922410033593107
34.076,0.05093757589772249
34.08,0.2948412239776665
34.084,0.5529813748497971
34.088,0.4314041166094148
34.092,0.1358158853117764
34.096,0.03199249292771569
34.1,0.2653683761245532
34.104,0.5027147249214028
34.108,0.4062559609292419
34.112,0.0927351347779545
34.116,-0.014367514711305845
34.12,0.2003543638873417
34.124,0.4289868389184241
34.128,0.31547003666143225
34.132,0.02986617173465353
34.136,-0.07464065369731537
34.14,0.14058991737856702
34.144,0.36956318346836375
34.148,0.27006284652731016
34.152,-0.04393236792632596
34.156,-0.13342467378849593
34.16,0.06937461177130554
34.164,0.303939908996455
34.168,0.20283601266709506
34.172,-0.08815059502226344
34.176,-0.20719229544082288
34.18,0.052786379516134525
34.184,0.2758452752317634
34.188,0.19178523466636463
34.192,-0.12448047100654133
34.196,-0.2242531564695921
34.2,0.022277559558910538
34.204,0.26096123692290346
34.208,0.1503155520896173
34.212,-0.15840288220515555
34.216,-0.24916727488386695
34.22,0.008101641484730132
34.224,0.25752839660662624
34.228,0.1373835559266774
34.232,-0.14696580139531507
34.236,-0.23913989176979228
34.24,0.020839233271656904
34.244,0.26160901696749733
34.248,0.15215312756469293
34.252,-0.1372348778324454
34.256,-0.2285097272294841
34.26,-0.012388669565526563
34.264,0.24505846222869457
34.268,0.13697925817247975
34.272,-0.14849308382160212
34.276,-0.2262434432054596
34.28,0.0008989583871521914
34.284,0.24885381709323018
34.288,0.15998539005542564
34.292,-0.16448253766647922
34.296,-0.2595176470466515
34.3,0.011637436545414557
34.304,0.24979975152733008
34.308,0.14952028508913953
34.312,-0.1430186108852764
34.316,-0.22882984962168762
34.32,0.008746681426972361
34.324,0.23472404532040742
34.328,0.15650599757184142
34.332,-0.15041025345089995
34.336,-0.23532809100780985
34.34,0.002000576069970014
34.344,0.2291699775308771
34.348,0.1395166179133253
34.352,-0.12460505763662745
34.356,-0.24668275944227422
34.36,0.003700009578990859
34.364,0.24356298555460762
34.368,0.14640598675543665
34.372,-0.14022755514440188
34.376,-0.23446636069722213
34.38,-0.00868658700386271
34.384,0.2431634770855342
34.388,0.14155872900414995
34.392,-0.12942900112059832
34.396,-0.23327234462012028
34.4,-0.00664719910447582
34.404,0.24179730654128148
34.408,0.13872230599187502
34.412,-0.1426920083523467
34.416,-0.23734706246563111
34.42,-0.004111404015313074
34.424,0.23566967474323047
34.428,0.18060127807137522
34.432,-0.13263453907383285
34.436,-0.22327939580146336
34.44,0.01967021083006176
34.444,0.27676809576293737
34.448,0.1851284813488314
34.452,-0.1014358974777557
34.456,-0.16837800154612226
34.46,0.0835001092020131
34.464,0.3320191681314989
34.468,0.250580776530795
34.472,-0.025413226201308953
34.476,-0.10617861323698294
34.48,0.13823173397457403
34.484,0.3894889446220403
34.488,0.31907617636957364
34.492,0.013341221004525256
34.496,-0.07785958048218766
34.5,0.12521590388546744
34.504,0.37338385187271966
34.508,0.2544471223758908
34.512,-0.04628756473411816
34.516,-0.15682540764524244
34.52,0.059166783371334866
34.524,0.2949795660318454
34.528,0.190754536122211
34.532,-0.13505158568854572
34.536,-0.21711911654037078
34.54,0.02451021381527864
34.544,0.2516368447212331
34.548,0.15924662779506668
34.552,-0.14938029849577739
34.556,-0.23189437756464795
34.56,0.001135681163020159
34.564,0.23702806809836838
34.568,0.14093665941381806
34.572,-0.1373375664106832
34.576,-0.23404585989141638
34.58,0.0025926560877912196
34.584,0.2583520789280871
34.588,0.1517267959294794
34.592,-0.13491941355854215
34.596,-0.2350240713310261
34.6,-0.0035286482433572503
34.604,0.2271605535340052
34.608,0.1492852473509459
34.612,-0.17391464473984922
34.616,-0.23628693160689196
34.62,-0.0008178947468040469
34.624,0.22481398056942767
34.628,0.12111879385667987
34.632,-0.20849897770465964
34.636,-0.30615445566594146
34.64,-0.12071970184758958
34.644,0.08608043737350143
34.648,0.008374963592291368
34.652,-0.26348556326489925
34.656,-0.30499713854116617
34.66,0.011668812759881965
34.664,0.3632692562909484
34.668,0.4314676641955888
34.672,0.3114951723724053
34.676,0.41918481317429446
34.68,0.8535053060228641
34.684,1.208107608012531
34.688,1.1469773815881734
34.692,0.7692390210718756
34.696,0.5185009696364277
34.7,0.5424988878608669
34.704,0.5728307630550593
34.708,0.32917746295112815
34.712,-0.1005061388124491
34.716,-0.3325679625133282
34.72,-0.1720211151997471
34.724,0.0024599727476667943
34.728,-0.08991904327557965
34.732,-0.36360541189319634
34.736,-0.3701437414615102
34.74,-0.10951167106787581
34.744,0.1948945262024329
34.748,0.1362623427848162
34.752,-0.15213505544484054
34.756,-0.24063927712991476
34.76,0.00045895498346180713
34.764,0.23836184759916396
34.768,0.15921954652591144
34.772,-0.1543827737097642
34.776,-0.23768863702604187
34.78,-0.0006467552704356776
34.784,0.22328949431092607
34.788,0.15908423822790646
34.792,-0.13182770520748147
34.796,-0.23846317077075851
34.8,0.01734943816813611
34.804,0.23067427294005577
34.808,0.15797130574980156
34.812,-0.13499437184210267
34.816,-0.22079925475296955
34.82,0.020285322798632557
34.824,0.26038288822175276
34.828,0.17100112150409036
34.832,-0.11488773489353246
34.836,-0.18505116703675445
34.84,0.03999746125165304
34.844,0.3136138759616144
34.848,0.20223933279757259
34.852,-0.0736999292795308
34.856,-0.1511512039830713
34.86,0.08887611124989954
34.864,0.3550764410662839
34.868,0.26832780047529037
34.872,-0.0199582299697188
34.876,-0.08134086742617616
34.88,0.1466712201422348
34.884,0.4033476838877543
34.888,0.33835431931044635
34.892,0.061343959116648195
34.896,-0.020015685069906475
34.9,0.2270444424545651
34.904,0.47669696310773585
34.908,0.4119647742091911
34.912,0.12034081469593702
34.916,0.02830365439356472
34.92,0.2739500648222794
34.924,0.5430045093784266
34.928,0.4349915744208036
34.932,0.15431485430965192
34.936,0.07569086926433755
34.94,0.3048631881440775
34.944,0.5272197464632675
34.948,0.42955105407220195
34.952,0.15846444762959208
34.956,0.03082001280055946
34.96,0.26422269441106305
34.964,0.5006462709015072
34.968,0.3921443899427868
34.972,0.09343638868851101
34.976,-0.03130292398465934
34.98,0.20497700576542008
34.984,0.43722065557425993
34.988,0.3318931318401977
34.992,0.010968793107509922
34.996,-0.09861733467101519
35.0,0.13760093365099396
35.004,0.34671300649866243
35.008,0.26909403034662477
35.012,-0.048124544819152903
35.016,-0.15876382465470618
35.02,0.06496753918704548
35.024,0.2973387923445363
35.028,0.18848027712055243
35.032,-0.0927511714248945
35.036,-0.20362827069696132
35.04,0.03986643299217001
35.044,0.2734597282973863
35.048,0.18207195193634246
35.052,-0.12317585802578948
35.056,-0.20888941896539479
35.06,0.02838053507330603
35.064,0.25223282106461836
35.068,0.15980058548634962
35.072,-0.14470605492308353
35.076,-0.24136418450662064
35.08,0.017828973535302908
35.084,0.24779249942734521
35.088,0.1569429984262153
35.092,-0.15040450921019707
35.096,-0.21962015063107265
35.1,-0.0008140587629877617
35.104,0.23087614911031373
35.108,0.14207210166653086
35.112,-0.13058047453856114
35.116,-0.24838200038617284
35.12,-0.007142509204386101
35.124,0.26702344626454183
35.128,0.15655933716253195
35.132,-0.15412807450874044
35.136,-0.2484700427733727
35.14,-0.016648273687618037
35.144,0.23879195724413424
35.148,0.15426708782603013
35.152,-0.1317294790222673
35.156,-0.25668357789584173
35.16,-0.013239501321186654
35.164,0.2365786088879965
35.168,0.17482993552145987
35.172,-0.13808252011202368
35.176,-0.23403286704654172
35.18,-0.012247012784573715
35.184,0.2165657867866882
35.188,0.14733584530781035
35.192,-0.14793926676997768
35.196,-0.24044159551793415
35.2,-0.003803669553982839
35.204,0.23028161318778004
35.208,0.13717182249958704
35.212,-0.13304733595941312
35.216,-0.24662149055644156
35.22,-0.0027456386241143664
35.224,0.23740432367497993
35.228,0.15406820854567968
35.232,-0.1553547025206543
35.236,-0.22778415173565966
35.24,-0.005444418180743188
35.244,0.23675200062873836
35.248,0.1643963392343399
35.252,-0.15497061793097686
35.256,-0.2278939368480007
35.26,0.014184489171845574
35.264,0.24713609382760085
35.268,0.15503931143058414
35.272,-0.11234150998285458
35.276,-0.2191656446448398
35.28,0.02767798969202713
35.284,0.268590909270887
35.288,0.1929060757308389
35.292,-0.08098290292637499
35.296,-0.17095386235585622
35.3,0.06266045390886646
35.304,0.3411712891106012
35.308,0.24856496937319655
35.312,-0.014212639386545711
35.316,-0.10159732062608193
35.32,0.1536779392519339
35.324,0.3772103585332002
35.328,0.291472196688709
35.332,-0.003326417185883862
35.336,-0.11201513843458341
35.34,0.14212327589813561
35.344,0.34052075315825725
35.348,0.2632983885117305
35.352,-0.05175223733042769
35.356,-0.16323992863172535
35.36,0.06619165804978298
35.364,0.29108828801933617
35.368,0.18201001880273882
35.372,-0.11429733672671669
35.376,-0.2084928025016695
35.38,0.006396488055548915
35.384,0.25236778893947415
35.388,0.12832035999482155
35.392,-0.16113949901948044
35.396,-0.2287956230161415
35.4,-0.002068713787830416
35.404,0.23053505176855682
35.408,0.14720330346492236
35.412,-0.1504430329620878
35.416,-0.24738501988115297
35.42,-0.016242375885769586
35.424,0.21816318895132644
35.428,0.15437702173548304
35.432,-0.1511492171752351
35.436,-0.22805781644686515
35.44,-0.004323422367396249
35.444,0.24130191565083217
35.448,0.1456185656292922
35.452,-0.1468303402625108
35.456,-0.23806488405095533
35.46,-0.008383586821102554
35.464,0.21479831737972627
35.468,0.12990410467228053
35.472,-0.17974042858907657
35.476,-0.30303623945269076
35.48,-0.12253720137402832
35.484,0.08863034803901018
35.488,-0.0027389664087227317
35.492,-0.2667826659863675
35.496,-0.3026497613851027
35.5,0.005335620075942819
35.504,0.3471856909104706
35.508,0.41675371659261473
35.512,0.26939269369239227
35.516,0.4163587001650754
35.52,0.8337831359111554
35.524,1.2147797876037505
35.528,1.1537430244261135
35.532,0.7798106148139319
35.536,0.511177861893332
35.54,0.5378015822283716
35.544,0.578092956658981
35.548,0.32465832730053124
35.552,-0.1306536549886161
35.556,-0.3066136312078267
35.56,-0.17631720970625941
35.564,0.012346603355051028
35.568,-0.11664116557470922
35.572,-0.37579210119102313
35.576,-0.4231116105404176
35.58,-0.09687856258431755
35.584,0.17749390910510743
35.588,0.12538304703919936
35.592,-0.1569541169562086
35.596,-0.23637240368273932
35.6,-0.003880599412539929
35.604,0.2362179640479035
35.608,0.14696539970428432
35.612,-0.1416039309666147
35.616,-0.2317622635197734
35.62,0.030283659987485622
35.624,0.25736020562652895
35.628,0.13269850719680368
35.632,-0.14389902664209714
35.636,-0.2361934796948934
35.64,0.01983299288960974
35.644,0.24333358103557004
35.648,0.16235098063107647
35.652,-0.15713050449778637
35.656,-0.2368458663716183
35.66,0.04034406735640807
35.664,0.2616107824511318
35.668,0.16484244894645927
35.672,-0.1114311814324058
35.676,-0.2092811288276673
35.68,0.042875349272207784
35.684,0.2764499581742022
35.688,0.20061040997503327
35.692,-0.08036635767536199
35.696,-0.14576778398006981
35.7,0.09631385455320784
35.704,0.34750949213174803
35.708,0.2624818142886369
35.712,-0.009823445839184708
35.716,-0.10393684932290745
35.72,0.14934695932672407
35.724,0.41292398775785577
35.728,0.32978222944816266
35.732,0.053037475063052175
35.736,-0.025032921096286603
35.74,0.24070712830844013
35.744,0.49213136653951495
35.748,0.3942639363117373
35.752,0.10022552856704431
35.756,0.029812929982204417
35.76,0.2741976163181838
35.764,0.5361232891340604
35.768,0.45133905472972397
35.772,0.14125152575107336
35.776,0.05463179821270353
35.78,0.28466745713407177
35.784,0.536175524891342
35.788,0.4393138395797531
35.792,0.14773019330119905
35.796,0.04629342375331824
35.8,0.2759632597663823
35.804,0.4816205648159818
35.808,0.38820070879679114
35.812,0.09732736461155125
35.816,-0.021863892965547
35.82,0.19095718224776634
35.824,0.4386780843015558
35.828,0.3194646636639119
35.832,0.027473161851817807
35.836,-0.08843411644334384
35.84,0.1328371289372252
35.844,0.37360900523337537
35.848,0.2433571006669884
35.852,-0.03523205121127029
35.856,-0.15807345901608666
35.86,0.07724312871571491
35.864,0.30548533718183735
35.868,0.19991708167357086
35.872,-0.10524030465081047
35.876,-0.1992268396119719
35.88,0.025787096537211177
35.884,0.2877592069214281
35.888,0.16764887903461084
35.892,-0.11406317842670122
35.896,-0.20983426594665996
35.9,0.018179188759992745
35.904,0.24831962770753988
35.908,0.15857474353356193
35.912,-0.13339162300743682
35.916,-0.23046837153448643
35.92,-0.010647044478819081
35.924,0.22356190700400716
35.928,0.1651726488442581
35.932,-0.1708380765140003
35.936,-0.23389734720451108
35.94,-0.0008736058680792503
35.944,0.2405057886097284
35.948,0.1364116920421084
35.952,-0.14278366323818922
35.956,-0.23520985521399687
35.96,0.02797998475612428
35.964,0.2393390286398113
35.968,0.16063197149785047
35.972,-0.16178387728780752
35.976,-0.22745424633730246
35.98,0.002341706531299201
35.984,0.2405184095912242
35.988,0.1498227326113052
35.992,-0.12985393254928695
35.996,-0.23519252370682717
36.0,-0.007826626150715076
36.004,0.2316152841944718
36.008,0.15512566364203453
36.012,-0.14246455218159482
36.016,-0.25306052372936993
36.02,0.005158983946865574
36.024,0.2269627734320104
36.028,0.15136976997504553
36.032,-0.15492584204926738
36.036,-0.24043972892664583
36.04,-0.005198636519507945
36.044,0.253389484492573
36.048,0.15170871093619828
36.052,-0.13309838787029651
36.056,-0.20680762957748414
36.06,0.003634354336981004
36.064,0.25765944763583337
36.068,0.14726912520959867
36.072,-0.12369267559440178
36.076,-0.23057448964627172
36.08,0.021032627986385343
36.084,0.2718772202381693
36.088,0.1918469064149548
36.092,-0.11081298559637034
36.096,-0.18513414695848918
36.1,0.08108021426501373
36.104,0.32344744868507946
36.108,0.23679985528205066
36.112,-0.030069602363575074
36.116,-0.10915034297145271
36.12,0.14143733569639222
36.124,0.3895406935177035
36.128,0.3013524873607459
36.132,-0.005409390654336349
36.136,-0.0969410272702115
36.14,0.14648727857183677
36.144,0.3589479021277969
36.148,0.2568820393271359
36.152,-0.06214077128274144
36.156,-0.15272323783642378
36.16,0.07452849814671818
36.164,0.27571712423301464
36.168,0.18191383927050048
36.172,-0.12593387144468993
36.176,-0.20339138963742334
36.18,0.0002903129876829534
36.184,0.2508459651730308
36.188,0.16378191434251896
36.192,-0.13851374841104075
36.196,-0.23782761103808658
36.2,0.006260779801985871
36.204,0.24989132608841755
36.208,0.14694691719890834
36.212,-0.1686926996228275
36.216,-0.22591253381745627
36.22,0.0042149927703169525
36.224,0.23755079809844734
36.228,0.12720589543146177
36.232,-0.14989614914473856
36.236,-0.24650196149453402
36.24,-0.012155025938910782
36.244,0.23639885798049204
36.248,0.1415606693287874
36.252,-0.15178172961483766
36.256,-0.23092612211949856
36.26,0.0005907282293854323
36.264,0.22691852347788585
36.268,0.12567717608842538
36.272,-0.18423757975568583
36.276,-0.3009413292739065
36.28,-0.08997784583057948
36.284,0.09877319738070181
36.288,0.015657644611532823
36.292,-0.2785964724436031
36.296,-0.3655733041293364
36.3,-0.03581122389348909
36.304,0.30176622192573954
36.308,0.3265505495567439
36.312,0.18474825179699783
36.316,0.2910490777071115
36.32,0.7340061157401295
36.324,1.147247873883672
36.328,1.1254375594162518
36.332,0.8243493360724032
36.336,0.6390895990928638
36.34,0.6762589506974416
36.344,0.7224533085029111
36.348,0.4542977240838928
36.352,-0.035502489279924596
36.356,-0.2645540899259703
36.36,-0.12357853029244296
36.364,0.049052879984271935
36.368,-0.08229567600076015
36.372,-0.364284565359967
36.376,-0.4391839059442514
36.38,-0.13809923465339582
36.384,0.1441439559180367
36.388,0.0773780790997064
36.392,-0.1667201126118973
36.396,-0.256299936338011
36.4,0.004564844071553498
36.404,0.2189478992578841
36.408,0.14024459907508885
36.412,-0.14319773145266051
36.416,-0.232610757366099
36.42,0.0013824251106858087
36.424,0.2588271651111576
36.428,0.16569559777469514
36.432,-0.1499098053286967
36.436,-0.21677367634119477
36.44,0.02376188228564868
36.444,0.2441751779799402
36.448,0.15687127401443882
36.452,-0.13580314613152153
36.456,-0.2299741793938399
36.46,0.011837379494209526
36.464,0.27182656357183166
36.468,0.1763428577849553
36.472,-0.12267657591799926
36.476,-0.2117337026971443
36.48,0.03392840526498338
36.484,0.2846387063417272
36.488,0.21241472419673785
36.492,-0.0905425051719552
36.496,-0.1542194479199118
36.5,0.08687025605979161
36.504,0.33529301175809095
36.508,0.2652879899478724
36.512,-0.01772701366912216
36.516,-0.11768997679372316
36.52,0.13713464561987607
36.524,0.39768902282188323
36.528,0.32720822430675955
36.532,0.057948715519061306
36.536,-0.031440028015379845
36.54,0.23681135559457603
36.544,0.46404130515595515
36.548,0.3877412757546231
36.552,0.10804272432271189
36.556,0.022831786336707655
36.56,0.2897442283051457
36.564,0.49608907790638496
36.568,0.4341534524686007
36.572,0.16122848098926856
36.576,0.05840146636103721
36.58,0.3107103809766097
36.584,0.5584986454862431
36.588,0.4433908182537706
36.592,0.15543281205851583
36.596,0.07042564256050396
36.6,0.2797118660411327
36.604,0.5032026849887395
36.608,0.41082842157608834
36.612,0.10759347849907974
36.616,-0.00850874770853055
36.62,0.21106692883765352
36.624,0.45663216779560384
36.628,0.3314563601722877
36.632,0.0376598917711361
36.636,-0.07689940405016238
36.64,0.1623541400158484
36.644,0.359635225266747
36.648,0.25562969305239563
36.652,-0.03371856260863826
36.656,-0.15615600755852954
36.66,0.08310401039726534
36.664,0.3250472861225823
36.668,0.19161154476959308
36.672,-0.08884325007038746
36.676,-0.17915806927552838
36.68,0.03944759324778294
36.684,0.26219095226540734
36.688,0.1727359681547891
36.692,-0.13152271761995324
36.696,-0.21725105266604566
36.7,0.013629623903684407
36.704,0.24610860807108825
36.708,0.16261447087200262
36.712,-0.12222338631446655
36.716,-0.22728415210428773
36.72,0.019206462002204286
36.724,0.2581454563025676
36.728,0.14471292320778512
36.732,-0.14134243548132097
36.736,-0.2397838627192875
36.74,-0.013091505603096009
36.744,0.24265564192831635
36.748,0.1374466743820281
36.752,-0.14132546489393547
36.756,-0.25273463098832855
36.76,0.0021520198333576037
36.764,0.22238690873979114
36.768,0.15392988204841776
36.772,-0.15069955637603236
36.776,-0.24252980131750393
36.78,0.011361310429580896
36.784,0.23461804271558137
36.788,0.14810486278165033
36.792,-0.1488967587922829
36.796,-0.23266486649298038
36.8,0.01044731045413229
36.804,0.24613299384921777
36.808,0.14228833377615593
36.812,-0.13484982285055083
36.816,-0.246923505941447
36.82,-0.007421994642235182
36.824,0.23648803849451058
36.828,0.15741561158632836
36.832,-0.15864695546342245
36.836,-0.2288486946061499
36.84,-0.0005470476481109271
36.844,0.23342714551832874
36.848,0.1579247754807936
36.852,-0.15497238367831231
36.856,-0.21490612889798183
36.86,-0.001763863519477111
36.864,0.23926782348168668
36.868,0.1623860796819102
36.872,-0.14516575154306086
36.876,-0.2258342792835707
36.88,-0.01945390670412055
36.884,0.23348105621027931
36.888,0.1511698893123823
36.892,-0.13568425273166096
36.896,-0.2293041402642808
36.9,0.008027414274047785
36.904,0.25042568812469207
36.908,0.154932421351916
36.912,-0.1634017696594017
36.916,-0.21588253822298986
36.92,0.0025225453042089538
36.924,0.2564227414900492
36.928,0.17030417683044505
36.932,-0.11731684720058684
36.936,-0.21037064111002368
36.94,0.030047774106784532
36.944,0.2896852536352184
36.948,0.23086783780515313
36.952,-0.0713385803774081
36.956,-0.142042200705153
36.96,0.12240865154164196
36.964,0.357838076339647
36.968,0.28159419987586326
36.972,0.0006019954432761876
36.976,-0.08512474560710884
36.98,0.1386222376014319
36.984,0.38380273580118607
36.988,0.28768641768756553
36.992,-0.03364345210120373
36.996,-0.12239360324400271
37.0,0.09197526876954121
37.004,0.3236204216578909
37.008,0.22457262225895533
37.012,-0.09162498875776187
37.016,-0.1835104477840741
37.02,0.04266955055350018
37.024,0.272946745407522
37.028,0.1700851507404029
37.032,-0.12230574190592328
37.036,-0.2244322792281181
37.04,-0.010245836299531508
37.044,0.2340897921909801
37.048,0.14756853933335784
37.052,-0.14610176443040374
37.056,-0.23313626621385614
37.06,-0.007442992462820388
37.064,0.25821544537484376
37.068,0.14612812176271553
37.072,-0.146909194472469
37.076,-0.24441024871642558
37.08,-0.010001572997110793
37.084,0.23651746631724915
37.088,0.14722922201978977
37.092,-0.1478167340205601
37.096,-0.2212409756698252
37.1,-0.001407839289596378
37.104,0.23630881204546023
37.108,0.15301786396776476
37.112,-0.1548475906217693
37.116,-0.24805912677304817
37.12,-0.046665555244767724
37.124,0.16274265166869178
37.128,0.05058666175469877
37.132,-0.27914203115073005
37.136,-0.3919712133144268
37.14,-0.13512507908633759
37.144,0.14194917738170432
37.148,0.10696799872624284
37.152,-0.09335788981685172
37.156,-0.05294352836845753
37.16,0.33442813689420253
37.164,0.7711638686634302
37.168,0.8939879952748526
37.172,0.761220404494277
37.176,0.7519311629316948
37.18,0.9647739804075451
37.184,1.0802685297981405
37.188,0.8115824806268799
37.192,0.332754267823626
37.196,0.03672867406554042
37.2,0.09595422677962792
37.204,0.22425399267035784
37.208,0.01387586921989617
37.212,-0.34969705524632816
37.216,-0.4862313027148695
37.22,-0.21867888224044105
37.224,0.027953234886081868
37.228,0.010055846489222808
37.232,-0.23784699933681094
37.236,-0.2732662721147011
37.24,-0.015585365001352715
37.244,0.24369117626065837
37.248,0.15240249759045998
37.252,-0.15383320095199032
37.256,-0.20788833081332572
37.26,0.0066429417291755015
37.264,0.23370618889090433
37.268,0.15088196319337357
37.272,-0.13821908798292748
37.276,-0.22874505695018535
37.28,0.00888516362745263
37.284,0.25238066972125345
37.288,0.16183536656759556
37.292,-0.14769025587598697
37.296,-0.2071145815025173
37.3,0.03145621442335307
37.304,0.2601521591532232
37.308,0.1647899877200762
37.312,-0.1253285779844942
37.316,-0.2157594937982914
37.32,0.028119859583592432
37.324,0.2514739022800864
37.328,0.2040831775800075
37.332,-0.08629447584316169
37.336,-0.19778918965584433
37.34,0.07435138313095539
37.344,0.3127034508209608
37.348,0.23038657976384114
37.352,-0.04534780881031644
37.356,-0.1465017363449102
37.36,0.1213129488608553
37.364,0.37334632526600936
37.368,0.29641600244634936
37.372,0.0023046096950282424
37.376,-0.05587969380879837
37.38,0.20255898437213446
37.384,0.4482113397757559
37.388,0.36510814427460164
37.392,0.11393586009099285
37.396,-0.00023311729176456186
37.4,0.2663344725946495
37.404,0.509457685700356
37.408,0.4456420372683598
37.412,0.1432889505078266
37.416,0.06075046551982771
37.42,0.3019209129980775
37.424,0.5265482630728622
37.428,0.4382236585184276
37.432,0.148945665721617
37.436,0.06724977085158049
37.44,0.2927323960748751
37.444,0.519324460141793
37.448,0.43591302787054376
37.452,0.09863486949872863
37.456,0.0035629937012721935
37.46,0.21711083056036992
37.464,0.4788315103005564
37.468,0.3611970644462147
37.472,0.0637055115636688
37.476,-0.0523536039993627
37.48,0.182189120361958
37.484,0.39403107481713984
37.488,0.2944460791656831
37.492,-0.014609028796612217
37.496,-0.11782324571923256
37.5,0.1209354082526604
37.504,0.3138744576109579
37.508,0.22768349539709387
37.512,-0.07364253132358493
37.516,-0.17520089125059338
37.52,0.04971121347946957
37.524,0.2785544712469523
37.528,0.20164088689358037
37.532,-0.11423125023655993
37.536,-0.18521006705832466
37.54,0.028882094314420435
37.544,0.25450853227337844
37.548,0.1687153423936265
37.552,-0.1325110272435846
37.556,-0.21344796270157224
37.56,-0.002837903814251611
37.564,0.22687725743742915
37.568,0.1562626253632281
37.572,-0.13404809435776202
37.576,-0.2313141754034957
37.58,0.009546060408752574
37.584,0.24522101077774056
37.588,0.13385077936356096
37.592,-0.1428171280921059
37.596,-0.22358789352952554
37.6,0.002485022641928442
37.604,0.22524473109331763
37.608,0.1440436116293666
37.612,-0.14105338273124088
37.616,-0.2195665023954548
37.62,-0.019385611256365117
37.624,0.24150668470188785
37.628,0.13771899627484666
37.632,-0.14180053533951653
37.636,-0.2318366048141129
37.64,-0.0022963466059419835
37.644,0.24410503255040028
37.648,0.15836282504137306
37.652,-0.14857973832109717
37.656,-0.251127179796678
37.66,0.01426164070020441
37.664,0.24605514051278685
37.668,0.15258665461834447
37.672,-0.15385408533597145
37.676,-0.227908467519355
37.68,0.020425191379207102
37.684,0.2365517925322063
37.688,0.14789207278344202
37.692,-0.15759695793211834
37.696,-0.24495719797962637
37.7,-0.010740987179105753
37.704,0.2390818459226202
37.708,0.14355737581233233
37.712,-0.143181693010281
37.716,-0.24661373993835461
37.72,-0.0015473250025846575
37.724,0.22845977941795648
37.728,0.14922767175851828
37.732,-0.1625752683160782
37.736,-0.23509005140355466
37.74,-0.0009037349678060961
37.744,0.24255932986333034
37.748,0.13503631715826495
37.752,-0.13345273329122045
37.756,-0.23055503581977685
37.76,0.016760108660716377
37.764,0.23940942873109855
37.768,0.16217673835397575
37.772,-0.11420105408177195
37.776,-0.17667904984885463
37.78,0.06485544835002481
37.784,0.3121743820963818
37.788,0.22514784181990877
37.792,-0.056064780468949485
37.796,-0.11915348090260895
37.8,0.13531893809005127
37.804,0.37838360703718105
37.808,0.30982279395518264
37.812,-0.004236789971281102
37.816,-0.08646322395536213
37.82,0.12877040001464116
37.824,0.37827960381110853
37.828,0.28979039354482616
37.832,-0.04170496666033871
37.836,-0.12760043779111763
37.84,0.101650468154172
37.844,0.3037812162295833
37.848,0.2110162592090295
37.852,-0.08398163546406409
37.856,-0.19895094746495773
37.86,0.035410553009966934
37.864,0.24027925542233755
37.868,0.16743587454108577
37.872,-0.13163054190016882
37.876,-0.24411850993096043
37.88,-0.005057955270432095
37.884,0.24677094200187885
37.888,0.1457902483401023
37.892,-0.13467674517780823
37.896,-0.23396768349783262
37.9,0.0009670644556469427
37.904,0.23628877957008113
37.908,0.15000028296424647
37.912,-0.13884821941610825
37.916,-0.23238937400008675
37.92,-0.004211526690919978
37.924,0.2501672645851236
37.928,0.15352394899646984
37.932,-0.14311423156421563
37.936,-0.23695710107860735
37.94,0.004533195634924281
37.944,0.21776710870453161
37.948,0.14421515627135398
37.952,-0.1439638701317948
37.956,-0.26539115704797117
37.96,-0.05564344669633682
37.964,0.14074114013069436
37.968,0.027021986804979692
37.972,-0.29380353789159097
37.976,-0.3649230526734403
37.98,-0.11553138397775607
37.984,0.18671281743435877
37.988,0.1809840045868203
37.992,0.028937593600343897
37.996,0.07287835027900713
38.0,0.49717121759874
38.004,0.9232342369411211
38.008,1.020897932201254
38.012,0.844777489760645
38.016,0.7530881215977614
38.02,0.8741667362163049
38.024,0.9342756597271934
38.028,0.6619255114137672
38.032,0.18116677434154263
38.036,-0.09051232443793172
38.04,0.01655751127565161
38.044,0.1471176472616945
38.048,-0.022107678268847186
38.052,-0.38851892645420144
38.056,-0.4892354837660178
38.06,-0.18941785060802588
38.064,0.07718439081847475
38.068,0.04338005327153706
38.072,-0.2060299123824083
38.076,-0.2609136818897203
38.08,-0.027948649887539825
38.084,0.22114026598094721
38.088,0.14057108112987393
38.092,-0.15827686073314282
38.096,-0.2261137489524995
38.1,0.0014462184512435727
38.104,0.24532946869715372
38.108,0.1539340221724581
38.112,-0.14605552284492654
38.116,-0.22412195133583349
38.12,0.009271758816941787
38.124,0.2405418434120721
38.128,0.13754158195263827
38.132,-0.13252808391867912
38.136,-0.23903617468562993
38.14,0.017676301482887288
38.144,0.25541620845103125
38.148,0.1537090588206835
38.152,-0.11992180105473059
38.156,-0.20670841517856772
38.16,0.0364768754681716
38.164,0.2798804136513019
38.168,0.1879667904994322
38.172,-0.08577194578721327
38.176,-0.18082665618991592
38.18,0.062478443365116404
38.184,0.32799680524271485
38.188,0.25088985705606204
38.192,-0.034421817720066195
38.196,-0.12076174883453436
38.2,0.11293588189015788
38.204,0.39870536162663867
38.208,0.2877219099315196
38.212,0.03370124506827332
38.216,-0.02732585122885875
38.22,0.2052821474387514
38.224,0.4586192644578504
38.228,0.38233393761402523
38.232,0.09956648394728068
38.236,0.0422853313096187
38.24,0.2589969276934664
38.244,0.5050740884013707
38.248,0.42874919663226685
38.252,0.1619845702752917
38.256,0.05267820788577074
38.26,0.30335793711922815
38.264,0.5484741669516161
38.268,0.4537641692373638
38.272,0.1593921737899209
38.276,0.06785954045945208
38.28,0.2880575220762574
38.284,0.510066148410276
38.288,0.41570259365690787
38.292,0.10604478102078344
38.296,0.03180637868614064
38.3,0.22608018741904798
38.304,0.46034213157217807
38.308,0.3355233337334226
38.312,0.04351324915168084
38.316,-0.06605276319740203
38.32,0.16688138416511952
38.324,0.390708702520452
38.328,0.2932562701021191
38.332,-0.014678476576983374
38.336,-0.13213712738714234
38.34,0.08497365886066403
38.344,0.3128291479591182
38.348,0.2230596747323046
38.352,-0.08168074582391208
38.356,-0.18004094219844013
38.36,0.04209059165358066
38.364,0.29269139652302506
38.368,0.16666611304084367
38.372,-0.1237792305794031
38.376,-0.22415621889174606
38.38,0.018223577422503294
38.384,0.26704748248045773
38.388,0.15790356125480354
38.392,-0.1346231918985793
38.396,-0.22193739446315605
38.4,0.004058471903033723
38.404,0.24753335839025278
38.408,0.15418877272658843
38.412,-0.15450605516333582
38.416,-0.2394588584361146
38.42,0.005850269068719812
38.424,0.25237562926379714
38.428,0.16113981657969673
38.432,-0.12493269077689526
38.436,-0.23210297912274389
38.44,-0.0035225980701613768
38.444,0.23758381731671135
38.448,0.1461518486297237
38.452,-0.15077027901371887
38.456,-0.23374655045385276
38.46,0.00443273010651556
38.464,0.22612696651864017
38.468,0.15790069170258908
38.472,-0.16526208052537866
38.476,-0.23995159793585993
38.48,0.01151967290743664
38.484,0.24385675339977633
38.488,0.14338969061884516
38.492,-0.12724894232404788
38.496,-0.2421585412766717
38.5,-0.020015161158230897
38.504,0.24229449859603847
38.508,0.1291631992136335
38.512,-0.15525942575371113
38.516,-0.23153568489204035
38.52,-0.00460789834189137
38.524,0.24357079212878985
38.528,0.13536596294060288
38.532,-0.13836049731651534
38.536,-0.2546716543654544
38.54,0.013190250867406904
38.544,0.2330185701057848
38.548,0.16227390575740405
38.552,-0.15532014412965
38.556,-0.2184568015973807
38.56,-0.009465655849907575
38.564,0.22002574872975808
38.568,0.14773264857100676
38.572,-0.1339945552424109
38.576,-0.22882917493187355
38.58,0.013310158348866221
38.584,0.2485493110724706
38.588,0.14290964856651306
38.592,-0.1329697797686073
38.596,-0.22751300983704675
38.6,0.006323562399194593
38.604,0.25838975218051513
38.608,0.17214021023430867
38.612,-0.09844803111859605
38.616,-0.19829150378246468
38.62,0.05090210177399883
38.624,0.3005554538350979
38.628,0.24988526683033224
38.632,-0.0548771986145174
38.636,-0.11218172154260053
38.64,0.1151875118964366
38.644,0.37915885895519874
38.648,0.2939180857324094
38.652,0.014360871952672938
38.656,-0.07701772431345444
38.66,0.14776554052239457
38.664,0.3728389482682224
38.668,0.2940353293162624
38.672,-0.03450631260258996
38.676,-0.15528255476356864
38.68,0.07213837413321297
38.684,0.2979058747115114
38.688,0.2154380768274935
38.692,-0.0748390793863056
38.696,-0.2192547810919194
38.7,0.02170942060171226
38.704,0.2605071094397927
38.708,0.17816139799983471
38.712,-0.143746963324984
38.716,-0.22426502604825532
38.72,0.002569040932020636
38.724,0.2671362594505826
38.728,0.1504860356433144
38.732,-0.14209407743067465
38.736,-0.23614062977631722
38.74,-0.0036879641336872667
38.744,0.24752568387185375
38.748,0.1355027884413853
38.752,-0.16688607647505851
38.756,-0.23922371821581478
38.76,0.008177497361886462
38.764,0.23196704844031302
38.768,0.1488141653681192
38.772,-0.15916561285077213
38.776,-0.22721304923719438
38.78,0.0061833706716348516
38.784,0.2367063746542557
38.788,0.14464077614956145
38.792,-0.17170492150912595
38.796,-0.27624919592005337
38.8,-0.05040407560436702
38.804,0.16047976227908292
38.808,0.03508611976755438
38.812,-0.2926112345786033
38.816,-0.37427010032958513
38.82,-0.10324007760719006
38.824,0.1735550451373022
38.828,0.16680923165741862
38.832,-0.02284612773709993
38.836,0.03284254709247181
38.84,0.45640709663881973
38.844,0.9130816472420377
38.848,1.0018804929692438
38.852,0.8317615713701343
38.856,0.7535699951655255
38.86,0.9050605103606856
38.864,0.9910899759180292
38.868,0.7053093510281756
38.872,0.21582479585078904
38.876,-0.08989408655327538
38.88,0.05523176967857359
38.884,0.15754534401246473
38.888,-0.018145550678645178
38.892,-0.395341302311241
38.896,-0.4857967321531941
38.9,-0.21068485126878492
38.904,0.06065439876186446
38.908,0.011837466400023866
38.912,-0.20163922486529307
38.916,-0.26517994653610033
38.92,0.003942075550540313
38.924,0.23294037623601335
38.928,0.14559732763829994
38.932,-0.13947096024119154
38.936,-0.22648693647491872
38.94,-0.0057958201753477755
38.944,0.24889658512975796
38.948,0.14390675012749823
38.952,-0.143990454601002
38.956,-0.22750352341176439
38.96,0.012945864440795103
38.964,0.24659663844904256
38.968,0.14319641857269008
38.972,-0.1568930491735012
38.976,-0.22884737010123588
38.98,0.02294028072201746
38.984,0.25836369948613197
38.988,0.16884430254842933
38.992,-0.12360675441082511
38.996,-0.20671678737275712
39.0,0.02323191416691557
39.004,0.2846777309415773
39.008,0.20122871967457573
39.012,-0.0971639054017368
39.016,-0.17170653602270985
39.02,0.053727330004109945
39.024,0.32051664661169
39.028,0.23746392931890373
39.032,-0.030806309240216365
39.036,-0.12375872540004289
39.04,0.13778924089813172
39.044,0.37663098418359175
39.048,0.28098122915433155
39.052,0.022107558194698174
39.056,-0.0499432016619146
39.06,0.2018543173656103
39.064,0.4540144901519856
39.068,0.37026404288639514
39.072,0.09132583436586889
39.076,0.0047342568365541515
39.08,0.244968744849242
39.084,0.5115346715110007
39.088,0.4227808622760061
39.092,0.15398714123836843
39.096,0.03566953348528226
39.1,0.30145556658013567
39.104,0.5589271375962684
39.108,0.44455280372538997
39.112,0.1500418620049753
39.116,0.059235721567684446
39.12,0.2917233345749346
39.124,0.5126332970895796
39.128,0.40657013799842084
39.132,0.11868321212031219
39.136,-0.009517911353222414
39.14,0.24290266360646245
39.144,0.4549175907922028
39.148,0.35398850466422704
39.152,0.040406412391203406
39.156,-0.04539026823677003
39.16,0.16605936269519045
39.164,0.38384173487640755
39.168,0.278844358673363
39.172,-0.026418325892057448
39.176,-0.10455038716251333
39.18,0.08401978088305774
39.184,0.334508282745225
39.188,0.22809092920919494
39.192,-0.0656877810908784
39.196,-0.17436083553177462
39.2,0.049244416727841016
39.204,0.2900961075209944
39.208,0.18508484448390433
39.212,-0.10910196279430273
39.216,-0.1980383561214971
39.22,0.022158081817261723
39.224,0.251126259968392
39.228,0.15501367130222055
39.232,-0.13056616336373625
39.236,-0.23688670264361042
39.24,0.004308703926112441
39.244,0.23435781751311358
39.248,0.15703233775407355
39.252,-0.15050149764465576
39.256,-0.2475067536155226
39.26,-0.008661819429840588
39.264,0.2339556431244308
39.268,0.1436135110691104
39.272,-0.14330283403067598
39.276,-0.23851898415772604
39.28,0.004356136481130047
39.284,0.24276217056773344
39.288,0.15471949708394578
39.292,-0.16575073533891252
39.296,-0.24883401834939006
39.3,0.005697437644106944
39.304,0.23998664366636543
39.308,0.1567942160930214
39.312,-0.16232989428557118
39.316,-0.2424751704460591
39.32,-0.0029349958559006994
39.324,0.23945011906877706
39.328,0.14731937556829647
39.332,-0.14224556744857414
39.336,-0.23890375952040388
39.34,0.013728121245370152
39.344,0.2546794783214415
39.348,0.1357695599618364
39.352,-0.14649370447064647
39.356,-0.2297831806981408
39.36,0.0058539531894917785
39.364,0.23368614567995705
39.368,0.14949527632234758
39.372,-0.16278065159149935
39.376,-0.23795529761091486
39.38,-0.014602667034054054
39.384,0.24284462007948168
39.388,0.13578818733264075
39.392,-0.14531293212728696
39.396,-0.2345658686200645
39.4,0.0007713872319502962
39.404,0.2314697522446632
39.408,0.1448910141962953
39.412,-0.1350448664490019
39.416,-0.24184436982511437
39.42,0.0005097831517313851
39.424,0.23270939527018697
39.428,0.15801923883547303
39.432,-0.14473473302479314
39.436,-0.24309875562586383
39.44,0.003684835415638763
39.444,0.24087542085945227
39.448,0.16909599214948212
39.452,-0.1354542008803289
39.456,-0.23469726987688647
39.46,0.028288560427557292
39.464,0.2869532090110074
39.468,0.19996963856489705
39.472,-0.10553623347360205
39.476,-0.17516209677702432
39.48,0.0789265916336904
39.484,0.3313039318069677
39.488,0.25882147426648033
39.492,-0.02893670228871606
39.496,-0.1138766713508888
39.5,0.15157771364712083
39.504,0.3743812872143749
39.508,0.28891792784487846
39.512,-0.009926361791577687
39.516,-0.08868743900784973
39.52,0.13536748000877097
39.524,0.36958467657214156
39.528,0.24886977256646878
39.532,-0.06396880362160691
39.536,-0.16120905591178114
39.54,0.06512501878470896
39.544,0.29379743740947817
39.548,0.17248583326592445
39.552,-0.10972992634344815
39.556,-0.2225095967365843
39.56,0.01112401824576028
39.564,0.2619767033818462
39.568,0.13373477391488342
39.572,-0.1379152180867927
39.576,-0.23076514544668508
39.58,-0.005748712420907763
39.584,0.23481546048125218
39.588,0.16008173083984695
39.592,-0.12676894940346947
39.596,-0.22680025775430693
39.6,0.01903697770080747
39.604,0.23094863844656266
39.608,0.1311978014291724
39.612,-0.14744526281927964
39.616,-0.22970185284478037
39.62,-0.018541955072269165
39.624,0.22849446144821756
39.628,0.13874832057971545
39.632,-0.1435905225477039
39.636,-0.23631608325374898
39.64,-0.010529157180100926
39.644,0.23162645541610866
39.648,0.11617902575530359
39.652,-0.1912820359434385
39.656,-0.3212091997736456
39.66,-0.10796697975381205
39.664,0.09380167078836685
39.668,0.007505727741399043
39.672,-0.2765527675205297
39.676,-0.3240345076924749
39.68,0.005164128320953565
39.684,0.3281222281151959
39.688,0.3629003415126767
39.692,0.23826385585240234
39.696,0.34137182027645174
39.7,0.7881047701979994
39.704,1.1799154788461912
39.708,1.1274632588803541
39.712,0.7912819848975287
39.716,0.5672490626923979
39.72,0.6033187024540717
39.724,0.6473571205366342
39.728,0.3745104899845192
39.732,-0.07401953990805159
39.736,-0.2814448705734092
39.74,-0.1536238799863539
39.744,0.020687956577056882
39.748,-0.10883056159437635
39.752,-0.37572667436514395
39.756,-0.42163615171379565
39.76,-0.1370636896929463
39.764,0.1641226934123632
39.768,0.1112633734177847
39.772,-0.15872440162596418
39.776,-0.23950308445722795
39.78,-0.008305567205205084
39.784,0.24567362085990516
39.788,0.15299566280206506
39.792,-0.15301673954466508
39.796,-0.24764261847438554
39.8,-0.004477250586545237
39.804,0.22562160398339384
39.808,0.15231034397101298
39.812,-0.13094767422069
39.816,-0.21830491251102646
39.82,-0.004330527822279936
39.824,0.2537936307555203
39.828,0.15787598151126445
39.832,-0.15852416127970687
39.836,-0.22598348523462744
39.84,0.013872170607388812
39.844,0.27192391046743036
39.848,0.1646265722640568
39.852,-0.10993568689615382
39.856,-0.20175927943565064
39.86,0.029067764574297293
39.864,0.28301440600913735
39.868,0.22110957995671812
39.872,-0.08090914517410644
39.876,-0.15115529725023524
39.88,0.09668500982670367
39.884,0.33289620537970466
39.888,0.24593342113541153
39.892,-0.03374155390624779
39.896,-0.0850218384540081
39.9,0.15373020446774152
39.904,0.3869720269661816
39.908,0.336352472345513
39.912,0.030782312602015943
39.916,-0.036079532185569946
39.92,0.22472246593630057
39.924,0.5002468096493111
39.928,0.40494788854585884
39.932,0.10962132992791429
39.936,0.03424982191675732
39.94,0.2898740416348532
39.944,0.5400508370734326
39.948,0.4382376084608034
39.952,0.14853640366956747
39.956,0.05363305900054238
39.96,0.30646690299314144
39.964,0.546043412734153
39.968,0.42190418362447235
39.972,0.13794618051948176
39.976,0.03177150866443945
39.98,0.27441549782496616
39.984,0.4881132365296956
39.988,0.38506160512492726
39.992,0.1031557501145057
39.996,-0.013834663681998316
40.0,0.21108423909601381
40.004,0.4394516939395181
40.008,0.3395063445081854
40.012,0.017188053144381488
40.016,-0.08777215354604095
40.02,0.1359969243337413
40.024,0.3749279838286728
40.028,0.2596328895907216
40.032,-0.04878551292002316
40.036,-0.14432071614096875
40.04,0.0971206522873257
40.044,0.3074312312382876
40.048,0.2041473085485132
40.052,-0.07579897866335425
40.056,-0.1800951277611542
40.06,0.04967355133341885
40.064,0.26479679901565134
40.068,0.1679136667550094
40.072,-0.1427373943185927
40.076,-0.20937706278107207
40.08,0.016240557367638683
40.084,0.23244675688884497
40.088,0.16931001821531816
40.092,-0.1419409118894383
40.096,-0.2331618967083412
40.1,-0.009737765914343643
40.104,0.24697014841490475
40.108,0.15534608272702216
40.112,-0.14477321737192259
40.116,-0.2398787343563045
40.12,0.027866055421027887
40.124,0.2269627212469991
40.128,0.1406741316492083
40.132,-0.1391479478258877
40.136,-0.24736819291872825
40.14,-0.01047678731800454
40.144,0.24938136029461147
40.148,0.1532218994092006
40.152,-0.141940359332838
40.156,-0.23582556085618162
40.16,-0.006834129613940384
40.164,0.2353005064740224
40.168,0.14620081163175205
40.172,-0.13845190584755845
40.176,-0.2334827245130892
40.18,-0.009262371821325738
40.184,0.2456707803907196
40.188,0.13016905243728
40.192,-0.1501451480492576
40.196,-0.24918092035577177
40.2,-0.008568516763421609
40.204,0.2570317006170894
40.208,0.13224073155116653
40.212,-0.1551374529484378
40.216,-0.2326595194435723
40.22,-0.0046994979166517445
40.224,0.23932036712973143
40.228,0.16124292834498108
40.232,-0.14039783647076384
40.236,-0.24244646471530437
40.24,-0.0013280776870614789
40.244,0.24308835732716802
40.248,0.15333156949825696
40.252,-0.14667166884207916
40.256,-0.23403383592864338
40.26,0.003839873523544384
40.264,0.2372358170826456
40.268,0.14156913618237268
40.272,-0.13839237581207162
40.276,-0.23300940643956186
40.28,-0.017894459138638213
40.284,0.23401607597777974
40.288,0.1489410926460835
40.292,-0.13896026762621538
40.296,-0.21140121082128238
40.3,0.05202617001733551
40.304,0.24040420204835314
40.308,0.18611716570675532
40.312,-0.09952854757465526
40.316,-0.18067194623388105
40.32,0.07779781101200396
40.324,0.32593553367831757
40.328,0.24451457405809177
40.332,-0.031518899266243516
40.336,-0.10449847427140588
40.34,0.14267108528086755
40.344,0.3851307296978801
40.348,0.29054047713738834
40.352,0.030849950913429958
40.356,-0.08817349376113265
40.36,0.14649685414158567
40.364,0.3614438468357911
40.368,0.2652046410578533
40.372,-0.042627492331113404
40.376,-0.16887208552750957
40.38,0.0664923962477542
40.384,0.2905015765466835
40.388,0.18872155921467265
40.392,-0.12061273145628734
40.396,-0.20934920214319871
40.4,0.03457456374798773
40.404,0.253855550936605
40.408,0.14547852656214122
40.412,-0.1502007949152765
40.416,-0.23684548626430163
40.42,-0.011117970141692942
40.424,0.2427273255289177
40.428,0.1616583324727457
40.432,-0.15199673390734922
40.436,-0.2365883618338917
40.44,-0.004053359823927499
40.444,0.2315991205515179
40.448,0.1489131694315681
40.452,-0.15354184198446091
40.456,-0.24582888354031315
40.46,-0.01618373667815389
40.464,0.2384112445379777
40.468,0.15759815445028752
40.472,-0.13997451122712257
40.476,-0.2232788338305359
40.48,-0.008321438506162253
40.484,0.24140500504912302
40.488,0.12311494429557782
40.492,-0.16855806815262037
40.496,-0.27613954718611605
40.5,-0.08416144447441873
40.504,0.13109678814628545
40.508,-0.0034326428472154225
40.512,-0.2895067352017874
40.516,-0.3562893375785448
40.52,-0.050028228369283174
40.524,0.27520037626780186
40.528,0.29760903709301206
40.532,0.1516533569598033
40.536,0.24926577792592625
40.54,0.6992784899137816
40.544,1.1113220124858536
40.548,1.1188497562820263
40.552,0.8225037052688784
40.556,0.6447424571442164
40.56,0.6992098653276186
40.564,0.7367207528972091
40.568,0.45354750134038296
40.572,-0.004689717467880411
40.576,-0.2369800598834801
40.58,-0.08126077017245534
40.584,0.03755439200938562
40.588,-0.07805718658767635
40.592,-0.39212454899791016
40.596,-0.45468581946599895
40.6,-0.14826837643065874
40.604,0.13715284250173945
40.608,0.08793832108728616
40.612,-0.15194011115888084
40.616,-0.2682969276342801
40.62,-0.004929093449325278
40.624,0.23944680069382787
40.628,0.1616283259279614
40.632,-0.14992281702046223
40.636,-0.20979405842575316
40.64,0.009361961175338015
40.644,0.21637314947224892
40.648,0.13533004730577883
40.652,-0.14086310147400805
40.656,-0.2445102713563096
40.66,0.011369560303109531
40.664,0.24057579302170387
40.668,0.14409496450657164
40.672,-0.14537388561113299
40.676,-0.2155169198826157
40.68,-0.0035374033210338264
40.684,0.26838356433201893
40.688,0.18190073572221593
40.692,-0.12138407793751534
40.696,-0.21758494037495185
40.7,0.04586102166850811
40.704,0.2800586045190656
40.708,0.1866230658572369
40.712,-0.06451634895700789
40.716,-0.17390480447921455
40.72,0.06819909332002773
40.724,0.3345848792095546
40.728,0.2520807730005815
40.732,-0.01369642873331639
40.736,-0.1099568345290717
40.74,0.1416812483153441
40.744,0.4006813843216144
40.748,0.3229572401784261
40.752,0.043918617634014806
40.756,-0.03201841818151385
40.76,0.21884855950523935
40.764,0.4644853333253426
40.768,0.3991390749374549
40.772,0.10538713756457574
40.776,0.037161757556725544
40.78,0.2904030149607433
40.784,0.5156776944151888
40.788,0.4622148973306499
40.792,0.14193555743848693
40.796,0.05413340957088539
40.8,0.3053978741013118
40.804,0.5413073719381802
40.808,0.4440214948628186
40.812,0.15297518281009265
40.816,0.050122908064016675
40.82,0.29799867899688764
40.824,0.5050594339764924
40.828,0.3953915749263594
40.832,0.09255480818492248
40.836,-0.0009372268164874464
40.84,0.2233454790073249
40.844,0.4441752444693525
40.848,0.3283538149211971
40.852,0.03949395765708083
40.856,-0.05750755400003274
40.86,0.14696366664691446
40.864,0.3887293105297027
40.868,0.2751886832591658
40.872,-0.017818297693825896
40.876,-0.13800953177018993
40.88,0.08526957347289837
40.884,0.3197967839861306
40.888,0.20677540929295363
40.892,-0.08729912773195904
40.896,-0.1766272894124067
40.9,0.0490955467296215
40.904,0.27220649539400155
40.908,0.1782898328049532
40.912,-0.11475777742908501
40.916,-0.2100054224890733
40.92,0.02449045650736121
40.924,0.25513963948467666
40.928,0.1501327144497368
40.932,-0.1443100786702325
40.936,-0.22565479117642584
40.94,0.014328575320155282
40.944,0.24957661129938596
40.948,0.14398987366927718
40.952,-0.14547128177878532
40.956,-0.24717179082957436
40.96,-0.012100240301939775
40.964,0.2399791773942108
40.968,0.16160183290222455
40.972,-0.14512983388947642
40.976,-0.21806303871608607
40.98,-0.0011747587820683178
40.984,0.23842488644813772
40.988,0.1372951793179228
40.992,-0.15022763840964976
40.996,-0.2495233536056587
41.0,-0.015351240478181429
41.004,0.22610876602749894
41.008,0.14785226936230317
41.012,-0.15427533242162822
41.016,-0.24273581058376834
41.02,0.00411785389248955
41.024,0.22228971191469968
41.028,0.14776643942250992
41.032,-0.1384581111140446
41.036,-0.2284119435840341
41.04,0.005173231303274905
41.044,0.23725364365560297
41.048,0.14072884104291603
41.052,-0.14773290690437163
41.056,-0.22116045851640093
41.06,0.0028575953253184338
41.064,0.2369236407801202
41.068,0.15298411194825795
41.072,-0.1457627418607242
41.076,-0.234360644806003
41.08,-0.0006033294166943253
41.084,0.23657068629356356
41.088,0.16147579397976353
41.092,-0.15956452342347885
41.096,-0.22286557515854344
41.1,0.00970953443713852
41.104,0.2389134788869352
41.108,0.16467711923100029
41.112,-0.11087884424791514
41.116,-0.189675097523148
41.12,0.06669451511954973
41.124,0.3186436014404682
41.128,0.21860002349432645
41.132,-0.04154658904302071
41.136,-0.11493177311619644
41.14,0.13024511475722544
41.144,0.3811205929496313
41.148,0.2732770204766891
41.152,-0.007357305101125727
41.156,-0.07455416589889646
41.16,0.14302941481887887
41.164,0.3985973315403989
41.168,0.2625681821042446
41.172,-0.015355236134009409
41.176,-0.14180942281535303
41.18,0.09618821435274265
41.184,0.3080368829368636
41.188,0.20779214489848646
41.192,-0.09356639095195421
41.196,-0.20717004790129784
41.2,0.0357356344284226
41.204,0.2555048671222348
41.208,0.16335717999388288
41.212,-0.16317043171512144
41.216,-0.23416842678571947
41.22,0.017264090896478904
41.224,0.24770744588490692
41.228,0.15770266388725998
41.232,-0.1452500928392379
41.236,-0.2203041050108042
41.24,0.0032918606323805054
41.244,0.2313952277050611
41.248,0.15562658558767595
41.252,-0.13765059205975075
41.256,-0.2314314372916251
41.26,-0.004010491974594301
41.264,0.2405877879749322
41.268,0.16088048503396238
41.272,-0.14219020966833823
41.276,-0.25264798505459
41.28,-0.00674096346968406
41.284,0.22937559841038951
41.288,0.13437671384889474
41.292,-0.1812178703304042
41.296,-0.24821039546539983
41.3,-0.06454091511019873
41.304,0.13946596350571322
41.308,0.003330401265901173
41.312,-0.2829810185481957
41.316,-0.37934031065783513
41.32,-0.11145175490304228
41.324,0.18663184541612682
41.328,0.19063266270334073
41.332,0.0027831239423874166
41.336,0.051012764435181907
41.34,0.4852332497041583
41.344,0.9262858393713015
41.348,1.0294677309024702
41.352,0.8475661976519957
41.356,0.7637235235362814
41.36,0.867622729880295
41.364,0.9508793284499822
41.368,0.6417608832779103
41.372,0.18749229964233385
41.376,-0.08484236496226294
41.38,0.020694995914055374
41.384,0.13959679775159844
41.388,-0.03893501230841864
41.392,-0.3889287435869008
41.396,-0.4868225672812252
41.4,-0.2168503634629981
41.404,0.09165650353413801
41.408,0.06809860480928975
41.412,-0.20033779110556657
41.416,-0.2672619040521611
41.42,-0.02314009012162372
41.424,0.23784076053290917
41.428,0.1590597959691911
41.432,-0.13353551478418565
41.436,-0.22296121662443785
41.44,0.005525461145858465
41.444,0.24045087950796637
41.448,0.16206841332288865
41.452,-0.15510439218502564
41.456,-0.23843150508712788
41.46,0.021834439156115576
41.464,0.23295011238655558
41.468,0.15400014431896078
41.472,-0.1314646051038037
41.476,-0.2256477852615876
41.48,0.025306455353704342
41.484,0.2698121220146006
41.488,0.17202534881704573
41.492,-0.1087025312201037
41.496,-0.21802034828687275
41.5,0.032824235961382855
41.504,0.3023177144731736
41.508,0.21375754262787044
41.512,-0.10463836567642587
41.516,-0.1742776044945637
41.52,0.07436614883937188
41.524,0.32517795879537936
41.528,0.25401006592630887
41.532,-0.022365134682903576
41.536,-0.11860396245315676
41.54,0.14324879694017523
41.544,0.3900581700840522
41.548,0.30674178827658505
41.552,0.010535290217978749
41.556,-0.038567245888133345
41.56,0.20951995254240063
41.564,0.45929219429245827
41.568,0.36843095376962054
41.572,0.11689729245341202
41.576,0.020047861267421085
41.58,0.2557859945260564
41.584,0.5015405988537269
41.588,0.4386362341505434
41.592,0.15152391884009067
41.596,0.05373224825797995
41.6,0.3036383974292178
41.604,0.5444399695255817
41.608,0.4474160465159891
41.612,0.14228231076875011
41.616,0.0634177478861089
41.62,0.29351391601008403
41.624,0.5205107179330486
41.628,0.40612167127056176
41.632,0.09638083883429407
41.636,0.0076348200086322204
41.64,0.24099945011450213
41.644,0.4662249906333149
41.648,0.3566952218601326
41.652,0.03800426843511043
41.656,-0.07090002279850127
41.66,0.160275697963184
41.664,0.3839296580664613
41.668,0.2904609370023505
41.672,-0.03256287166048659
41.676,-0.1351675104986208
41.68,0.11522348785769486
41.684,0.3368503524597247
41.688,0.2114235964192151
41.692,-0.06837104940399986
41.696,-0.19365793517628366
41.7,0.043263690726142466
41.704,0.2752613714946947
41.708,0.180744941355475
41.712,-0.11156490650696327
41.716,-0.21222291290942888
41.72,0.026544732163945164
41.724,0.2506354860540003
41.728,0.16458459991975
41.732,-0.13479659340320688
41.736,-0.24241981623362288
41.74,0.012277748037303872
41.744,0.24469736157660818
41.748,0.14456648146552425
41.752,-0.14742656005319432
41.756,-0.23880289649878525
41.76,-0.00013192419700623506
41.764,0.25715352410146886
41.768,0.16923785287991946
41.772,-0.17314158967054197
41.776,-0.2320708471823489
41.78,0.010163902917256355
41.784,0.23606552824524743
41.788,0.15657265556659816
41.792,-0.13014808677855422
41.796,-0.2512932327430692
41.8,0.0014764302853817392
41.804,0.25743273155986257
41.808,0.13464186855681023
41.812,-0.14804597896276062
41.816,-0.24221046786718248
41.82,0.010545652582106463
41.824,0.2496954460400933
41.828,0.1485828080171973
41.832,-0.1466150088041123
41.836,-0.254949229222234
41.84,0.014234418064893024
41.844,0.2342354828752838
41.848,0.14552514711072084
41.852,-0.13722882394991237
41.856,-0.2357869390954868
41.86,0.010039646008869904
41.864,0.24379998017948062
41.868,0.1489873204411653
41.872,-0.14383573807501673
41.876,-0.24897962491356643
41.88,-0.0014657644884706201
41.884,0.24865083621383308
41.888,0.13804672232789011
41.892,-0.1539401364302519
41.896,-0.24627669110143793
41.9,0.002027363356616804
41.904,0.2526264357370007
41.908,0.15380153284928597
41.912,-0.16648657122001495
41.916,-0.22777658153946131
41.92,0.000939022194261213
41.924,0.2508557454473746
41.928,0.15708356467798829
41.932,-0.1390601584368187
41.936,-0.21569130428943545
41.94,0.026278158695305393
41.944,0.28113703498802295
41.948,0.18965224936871486
41.952,-0.0938735112549517
41.956,-0.15224136520594866
41.96,0.10376449745142906
41.964,0.35061799884172273
41.968,0.26099391236463554
41.972,-0.022061970128355854
41.976,-0.10307835062955692
41.98,0.15645751194181678
41.984,0.3794794552921188
41.988,0.30435185399132053
41.992,0.002880330886860266
41.996,-0.09036242887865278
42.0,0.13450638902029338
42.004,0.35396422837672525
42.008,0.22881366070508496
42.012,-0.05881214383927799
42.016,-0.16867541662158184
42.02,0.05110376626129867
42.024,0.29453145932310365
42.028,0.17852142000279358
42.032,-0.1275062581950192
42.036,-0.2085011403122612
42.04,0.008748917972402265
42.044,0.24083010424400197
42.048,0.14165384357503039
42.052,-0.1512155494685817
42.056,-0.2425869168855344
42.06,0.007785882226627927
42.064,0.22853297581468146
42.068,0.1289376193394903
42.072,-0.14358433677915444
42.076,-0.243917681664885
42.08,-6.0426597013073276e-05
42.084,0.25064308035747584
42.088,0.14769036550555906
42.092,-0.13183568099957282
42.096,-0.23843951618270312
42.1,0.010065659076043208
42.104,0.23225091936931203
42.108,0.1478343998137324
42.112,-0.1570302205063514
42.116,-0.24846524423519448
42.12,-0.009643310353617238
42.124,0.2062629426449387
42.128,0.11031791926944264
42.132,-0.21829033096020606
42.136,-0.3393583571794359
42.14,-0.1474596769854409
42.144,0.09832489300234903
42.148,0.03237984280082207
42.152,-0.2202480194081042
42.156,-0.23726653165027733
42.16,0.07875839101851953
42.164,0.4429920495150912
42.168,0.5293209623493091
42.172,0.4267898584452878
42.176,0.5203406652013298
42.18,0.9390186436492329
42.184,1.2343025383325767
42.188,1.0910868568122076
42.192,0.6707359590693126
42.196,0.38934844188074225
42.2,0.4235951599074728
42.204,0.47591983914371394
42.208,0.24469879352404975
42.212,-0.2009474240866009
42.216,-0.3808339996722328
42.22,-0.2216595914194407
42.224,0.005203430353385469
42.228,-0.09261710266244794
42.232,-0.33908951668794973
42.236,-0.35660554438798575
42.24,-0.06217311399540559
42.244,0.2151138581025704
42.248,0.11487205531363662
42.252,-0.14748579461861033
42.256,-0.23632154018649779
42.26,-0.0002982999173731366
42.264,0.23921966562326577
42.268,0.16095440545003442
42.272,-0.13504114855974486
42.276,-0.22682709811297747
42.28,0.0045976380946425475
42.284,0.26369750425413485
42.288,0.14703339197865062
42.292,-0.15794762543427673
42.296,-0.23395765352838763
42.3,0.00861324917783968
42.304,0.2607300326183928
42.308,0.1540388212911216
42.312,-0.12714121679362633
42.316,-0.23447599285432383
42.32,0.03257662092864577
42.324,0.264503104282032
42.328,0.17513785371482318
42.332,-0.08898952554424838
42.336,-0.18403057393848568
42.34,0.03982371219679039
42.344,0.2949065663139415
42.348,0.24140815319844497
42.352,-0.05034176694631734
42.356,-0.14115401870081773
42.36,0.08029280460068265
42.364,0.36200238693647335
42.368,0.2643655743686305
42.372,0.003522938791954505
42.376,-0.09380009841174036
42.38,0.17039241511068645
42.384,0.4113780914435046
42.388,0.33786641802360096
42.392,0.06819706837798248
42.396,-0.028033281769539176
42.4,0.2600629492181869
42.404,0.4764588918970143
42.408,0.39671158787931493
42.412,0.13033470248306422
42.416,0.05523726548609659
42.42,0.284353125560291
42.424,0.5204651494476972
42.428,0.43517201953047596
42.432,0.14236853934661248
42.436,0.06518870491992254
42.44,0.2975127039085957
42.444,0.536693775854928
42.448,0.43990958443075034
42.452,0.14353987365662907
42.456,0.031724248292376606
42.46,0.25612409761333743
42.464,0.49150394280617465
42.468,0.38619149856388385
42.472,0.08214977019152972
42.476,-0.03217911306485491
42.48,0.20483440343874473
42.484,0.40988200308511136
42.488,0.31190725472481584
42.492,0.019326092194521388
42.496,-0.10816142084515287
42.5,0.1378114033498349
42.504,0.3379553571967118
42.508,0.2330280038143046
42.512,-0.07154504865998182
42.516,-0.15704230023400206
42.52,0.07690448906538855
42.524,0.31120808998448524
42.528,0.21135404360002408
42.532,-0.09344574600625823
42.536,-0.20781054908275676
42.54,0.02402734413136171
42.544,0.2729509158004797
42.548,0.18400743778072126
42.552,-0.13826379327800803
42.556,-0.20913492261155459
42.56,-0.0063265721329762385
42.564,0.25216449531441143
42.568,0.15441733462387133
42.572,-0.14213724543524278
42.576,-0.23197065895355168
42.58,-0.0041806772382884175
42.584,0.2456658739395476
42.588,0.150253413384141
42.592,-0.13548747355402962
42.596,-0.2202287024711099
42.6,0.0025252139341069317
42.604,0.23053775577120833
42.608,0.13629760403529093
42.612,-0.1294122710212513
42.616,-0.22164653443856766
42.62,0.009182299866188478
42.624,0.23859128501590074
42.628,0.15526626114783532
42.632,-0.13377856343106342
42.636,-0.24385423469550885
42.64,0.0003625627794223183
42.644,0.22674814468631588
42.648,0.14568878552559275
42.652,-0.13148007006116938
42.656,-0.22696194934896702
42.66,0.0013620974467412569
42.664,0.21084091871320415
42.668,0.14039630564853725
42.672,-0.14591345627019256
42.676,-0.23991046323418336
42.68,0.00034980171423990746
42.684,0.2402306279543793
42.688,0.14168482212653447
42.692,-0.14688375763859013
42.696,-0.23901152088229652
42.7,-0.006599876403592881
42.704,0.25696476494532916
42.708,0.1434079675921201
42.712,-0.1675002714547469
42.716,-0.21678944142199066
42.72,-0.00362257803834629
42.724,0.2540309146166126
42.728,0.15077435617775392
42.732,-0.12607897492867715
42.736,-0.2171448064476778
42.74,0.03860316052551131
42.744,0.2734113377006777
42.748,0.1890495079469024
42.752,-0.08330285682442752
42.756,-0.16686776392148245
42.76,0.06981686937368876
42.764,0.3353293741903517
42.768,0.2929929976894271
42.772,-0.03555023650469785
42.776,-0.09583204696873585
42.78,0.143966293890724
42.784,0.40585344447895544
42.788,0.28509625472459155
42.792,-0.0008971609318293161
42.796,-0.09353274896869909
42.8,0.1250265187429578
42.804,0.3442091564204842
42.808,0.24682200913751728
42.812,-0.06446251233824168
42.816,-0.1695706317424074
42.82,0.0672361686204612
42.824,0.28765896775253086
42.828,0.1878600464954141
42.832,-0.11701726242910412
42.836,-0.20864253725688747
42.84,0.02699530012294686
42.844,0.24461678788656993
42.848,0.16174090548167758
42.852,-0.15554001851676058
42.856,-0.25747666244350553
42.86,0.020036083597303557
42.864,0.23551667203516294
42.868,0.1501199324025659
42.872,-0.15882059903089132
42.876,-0.250263079801308
42.88,-0.007010770084442251
42.884,0.24425710195023717
42.888,0.14181451534071937
42.892,-0.15028707206567524
42.896,-0.24520134360528317
42.9,0.011657309279063293
42.904,0.24642427117845744
42.908,0.1419738814043061
42.912,-0.14065059969744925
42.916,-0.24214178409545944
42.92,-0.009162942486091112
42.924,0.22244377592506465
42.928,0.12102970686914967
42.932,-0.21600793468521873
42.936,-0.3279351557440924
42.94,-0.1031139696205186
42.944,0.09382354307025062
42.948,0.009414771340029993
42.952,-0.24909390516988966
42.956,-0.2709684742955368
42.96,0.035679265595330516
42.964,0.4280649003648371
42.968,0.4894815983244125
42.972,0.37250197340029456
42.976,0.4914078224908148
42.98,0.8938314412970657
42.984,1.2326915388744921
42.988,1.1260963702754423
42.992,0.7185341525571234
42.996,0.4313928078592902
43.0,0.4681240214863629
43.004,0.529796873944306
43.008,0.2604903645767936
43.012,-0.18614873701549514
43.016,-0.3585687577418053
43.02,-0.17450523000558896
43.024,0.004982242842651918
43.028,-0.09933774343286844
43.032,-0.34940482769066566
43.036,-0.3749895927950696
43.04,-0.10494078276355126
43.044,0.18412737545033225
43.048,0.13124244112457184
43.052,-0.1381378592260536
43.056,-0.24407860173932458
43.06,0.01564935032765035
43.064,0.230904531468027
43.068,0.11415700799778293
43.072,-0.1380850967022225
43.076,-0.23051153371568048
43.08,0.009741155590800812
43.084,0.24777703703954967
43.088,0.1527277810765105
43.092,-0.14465752763174938
43.096,-0.2338548180069774
43.1,0.0030174071996936724
43.104,0.2431967255227693
43.108,0.1404452863801392
43.112,-0.1448980653417375
43.116,-0.2221614196336282
43.12,-0.0016061015408117215
43.124,0.24263137368590107
43.128,0.17332651310880198
43.132,-0.11304023256810626
43.136,-0.19950238350904675
43.14,0.02458593611437954
43.144,0.30948223704846956
43.148,0.1974313196059571
43.152,-0.08077238270163904
43.156,-0.16566780572441853
43.16,0.10889008336753096
43.164,0.3498482820244555
43.168,0.26277406445511714
43.172,-0.018499135326085103
43.176,-0.08823698217532958
43.18,0.1495054433596265
43.184,0.4180219449091872
43.188,0.33245780775177314
43.192,0.06367597702393943
43.196,-0.013372689578436986
43.2,0.2271786316929176
43.204,0.46319322842965394
43.208,0.4023276037544363
43.212,0.10715242476879952
43.216,0.0410223764172338
43.22,0.2833349397410074
43.224,0.5240341075929472
43.228,0.4306219560671083
43.232,0.1641815174796827
43.236,0.05768488813811623
43.24,0.32232859006436715
43.244,0.5338238585737338
43.248,0.4412528088495801
43.252,0.13757417967086502
43.256,0.041499277751110036
43.26,0.27702671468707796
43.264,0.5038652415939274
43.268,0.3721965549355106
43.272,0.09148459254899602
43.276,-0.016644930418846293
43.28,0.20230185983662918
43.284,0.4423575868205245
43.288,0.3373942488823949
43.292,0.020583599479297776
43.296,-0.09887326492287579
43.3,0.11866988530897414
43.304,0.36272393020027616
43.308,0.26543500679499876
43.312,-0.07412425703910648
43.316,-0.1447805214393441
43.32,0.06941868074935773
43.324,0.2823411054781071
43.328,0.20586070529383974
43.332,-0.09123939839673886
43.336,-0.2014602466961607
43.34,0.02322189566955739
43.344,0.2833863086607045
43.348,0.1641430499199663
43.352,-0.11546602483675125
43.356,-0.2364431297881096
43.36,0.017683694067311972
43.364,0.252685133017341
43.368,0.16464508639193914
43.372,-0.12478742875075322
43.376,-0.2401081206693206
43.38,0.009819247427396214
43.384,0.22774644342872422
43.388,0.13603454309681967
43.392,-0.15049022910130375
43.396,-0.2319330145585826
43.4,0.018108674310422776
43.404,0.25738022301562574
43.408,0.14417894063652875
43.412,-0.14329980645652846
43.416,-0.22788976871113506
43.42,0.007985627947091728
43.424,0.23631576510533797
43.428,0.1478888862073906
43.432,-0.14791514162655267
43.436,-0.23975107052409173
43.44,-0.0033440934926516406
43.444,0.2366178575960981
43.448,0.1429240994554477
43.452,-0.15827499888346472
43.456,-0.22912035558746208
43.46,0.005175165583846377
43.464,0.2565388281907707
43.468,0.15064755273067346
43.472,-0.15111175054886403
43.476,-0.24402563934284557
43.48,0.0004755909003814483
43.484,0.24329418471510947
43.488,0.14450008763262215
43.492,-0.16164828402605116
43.496,-0.24515379057874717
43.5,0.0001806394118610593
43.504,0.24516744552954903
43.508,0.13208888788337778
43.512,-0.14429387065130597
43.516,-0.23554961791932016
43.52,-0.004508957785416032
43.524,0.23190861583085526
43.528,0.1396100388529847
43.532,-0.14548652725841504
43.536,-0.22639921350419107
43.54,0.012154180193085996
43.544,0.22683766330690677
43.548,0.14561924516875763
43.552,-0.16796516476130394
43.556,-0.23516451302761754
43.56,0.008394955375254554
43.564,0.2572549421117242
43.568,0.13484409184978102
43.572,-0.14926734229132907
43.576,-0.22392948492159984
43.58,0.0013066220455328792
43.584,0.2635465301060516
43.588,0.18543757672547206
43.592,-0.11759502995012691
43.596,-0.18272422002966657
43.6,0.05457614836460685
43.604,0.3322461841714448
43.608,0.24425154173845254
43.612,-0.04382870260780675
43.616,-0.12738994926321606
43.62,0.13800674099743207
43.624,0.3941661249169706
43.628,0.28748241172942535
43.632,-0.0013462780716434197
43.636,-0.09735897168677723
43.64,0.15775287414745795
43.644,0.3519140206956736
43.648,0.2814863452228974
43.652,-0.04239367310363172
43.656,-0.14448574986690582
43.66,0.07609235747268622
43.664,0.30569910248627846
43.668,0.1923132134895229
43.672,-0.09511239986413748
43.676,-0.19528141298871465
43.68,0.013601629470785642
43.684,0.2614379849649097
43.688,0.15540014454133547
43.692,-0.13814723904549886
43.696,-0.21694883944019214
43.7,-0.003097434720787578
43.704,0.24935454457395462
43.708,0.152963838336004
43.712,-0.14800964476902628
43.716,-0.23357179363873992
43.72,0.0027827051998772353
43.724,0.2263482599454937
43.728,0.1409708426552384
43.732,-0.15734988108106404
43.736,-0.24050488322921237
43.74,0.01346303720282766
43.744,0.24357916598048257
43.748,0.13261338211220175
43.752,-0.1497324271181617
43.756,-0.23567188299500055
43.76,0.006494443300940884
43.764,0.22813482929946322
43.768,0.12580060031296286
43.772,-0.16851017579903269
43.776,-0.27491158304436747
43.78,-0.07208022736346147
43.784,0.11886399232948061
43.788,0.02636224208502591
43.792,-0.2938586357266611
43.796,-0.361735451523339
43.8,-0.08437397432812378
43.804,0.24525871585421333
43.808,0.2513313166939659
43.812,0.09191386112099426
43.816,0.1616056564178044
43.82,0.6232886181052557
43.824,1.0527911923643953
43.828,1.1072360588470218
43.832,0.8531865387116322
43.836,0.7024474308789669
43.84,0.7896778002492129
43.844,0.8532310090174656
43.848,0.5302304047073609
43.852,0.049658839540542565
43.856,-0.18140081922340812
43.86,-0.06594176636188304
43.864,0.09386728550200357
43.868,-0.08827027745369362
43.872,-0.3987916372714576
43.876,-0.46382404933337273
43.88,-0.16595455876034004
43.884,0.12589799388827083
43.888,0.09569665454946914
43.892,-0.17595246762572092
43.896,-0.2529660073931133
43.9,0.004231394816944926
43.904,0.22321589225319782
43.908,0.13019911034065856
43.912,-0.13632451789152106
43.916,-0.23444672238983214
43.92,0.011231474223240459
43.924,0.23129822856722884
43.928,0.162435028148664
43.932,-0.136875632480881
43.936,-0.23380976042656518
43.94,0.007442805712090127
43.944,0.24794897676407887
43.948,0.14672475914589514
43.952,-0.14049092916684816
43.956,-0.2218086043500629
43.96,0.011163531194437061
43.964,0.24174256784748283
43.968,0.17236977669912223
43.972,-0.11170790044942941
43.976,-0.1951394971442449
43.98,0.043034519675648045
43.984,0.29018983316982727
43.988,0.20839525945430937
43.992,-0.08641339355581984
43.996,-0.19020396980597715
44.0,0.0902152056155875
44.004,0.31815930423168903
44.008,0.23648862982500904
44.012,-0.04484660220087214
44.016,-0.08681559462166305
44.02,0.14406718429582985
44.024,0.3810397428602884
44.028,0.3081644395777434
44.032,0.03562877133006889
44.036,-0.03523693083570795
44.04,0.21421431959395995
44.044,0.4538110654940827
44.048,0.3887456566284562
44.052,0.09803681413404317
44.056,0.03523293270242728
44.06,0.2732932777069839
44.064,0.5116924704877066
44.068,0.4425784158636985
44.072,0.151145489770504
44.076,0.05545565054508614
44.08,0.3071003237275455
44.084,0.543772579009721
44.088,0.4566881703586749
44.092,0.15401161233367955
44.096,0.04828574965552648
44.1,0.26392308630889444
44.104,0.5115402291840687
44.108,0.41195891295821774
44.112,0.1036308970611437
44.116,-0.03035381184714464
44.12,0.23095139907035894
44.124,0.43885213611538243
44.128,0.34966860506721736
44.132,0.05139659584105297
44.136,-0.07347833571760479
44.14,0.15686036160059688
44.144,0.37657248682778377
44.148,0.2771699520894667
44.152,-0.03385772046024543
44.156,-0.14309999346990337
44.16,0.07932956362832157
44.164,0.33140803455697104
44.168,0.21927600943215103
44.172,-0.0796367461108437
44.176,-0.18285947890230803
44.18,0.05341034820671984
44.184,0.2659926155820602
44.188,0.17925699491833338
44.192,-0.11541535095421913
44.196,-0.20271109857181474
44.2,0.04510398777972812
44.204,0.2569987117891773
44.208,0.15276323868897923
44.212,-0.14877911051751333
44.216,-0.23861830520642419
44.22,-0.001151383259190692
44.224,0.21401919767610247
44.228,0.14437087294274656
44.232,-0.13648029070613588
44.236,-0.23442434749594918
44.24,-0.000572181434499535
44.244,0.22310334737109752
44.248,0.15864907604608128
44.252,-0.1409122975308087
44.256,-0.23719809625513902
44.26,-0.02150064236646544
44.264,0.2332495835654412
44.268,0.15157632695739284
44.272,-0.14701528587625554
44.276,-0.23568540773364957
44.28,0.006970877669738115
44.284,0.23939603107594587
44.288,0.1535040236833979
44.292,-0.15533811269605022
44.296,-0.24996073211839442
44.3,0.004795623508112996
44.304,0.24460369334519447
44.308,0.15214686515124642
44.312,-0.14562294471475884
44.316,-0.2409993610432352
44.32,0.002113408243546047
44.324,0.24155954458292908
44.328,0.15134092233803847
44.332,-0.1208738183544746
44.336,-0.24697143239880365
44.34,0.03226041958255109
44.344,0.22519624232819116
44.348,0.15080321814563233
44.352,-0.15889458370672754
44.356,-0.23470155858962086
44.36,0.009821389759332395
44.364,0.23809023412898137
44.368,0.1566776860487459
44.372,-0.1511819209304051
44.376,-0.25826018999654304
44.38,0.006272469065168963
44.384,0.23808145542094225
44.388,0.14217188979536718
44.392,-0.15100991558942015
44.396,-0.2336190836357139
44.4,-0.007999694230482768
44.404,0.2417775136886634
44.408,0.15928839209268353
44.412,-0.12556986071535975
44.416,-0.22243168371484265
44.42,0.0036992511673362444
44.424,0.24362263577227958
44.428,0.14798675481804116
44.432,-0.1440496006748607
44.436,-0.218016864479826
44.44,0.012616406546742207
44.444,0.2631899969386125
44.448,0.16674710858467495
44.452,-0.09446520621805346
44.456,-0.1911779758454642
44.46,0.07324501926027194
44.464,0.30683634308962787
44.468,0.229916621232602
44.472,-0.02868904343221952
44.476,-0.12538126524056192
44.48,0.11501988645445593
44.484,0.3677055264795793
44.488,0.302398613225086
44.492,0.01050903469264744
44.496,-0.09638013788341299
44.5,0.13811128339084933
44.504,0.3809448022237856
44.508,0.2857604700771309
44.512,-0.03484547717171341
44.516,-0.13354049371944904
44.52,0.0928903644730187
44.524,0.3292490279879968
44.528,0.19206952204935246
44.532,-0.10886948777790195
44.536,-0.20836941410010248
44.54,0.034131711794186476
44.544,0.25415585272998964
44.548,0.16355024175540178
44.552,-0.13635993791585535
44.556,-0.23140173008113707
44.56,0.005262911623571922
44.564,0.2507587522842615
44.568,0.138931261035375
44.572,-0.14739713624469167
44.576,-0.2493008646182851
44.58,0.0026234116766747813
44.584,0.23601144789967476
44.588,0.15775055955883166
44.592,-0.14693439738377792
44.596,-0.24217099440685708
44.6,-0.002451093545461573
44.604,0.255005537067331
44.608,0.13124371650095343
44.612,-0.15325155692182216
44.616,-0.23755587827085667
44.62,-0.006986046321349466
44.624,0.24051070987687168
44.628,0.13998905608212558
44.632,-0.1605038512812475
44.636,-0.27121021884991525
44.64,-0.06439402093852058
44.644,0.12613462315302754
44.648,0.01799506426688771
44.652,-0.31082123808241247
44.656,-0.3800401348083616
44.66,-0.09134062935559202
44.664,0.21927377935729922
44.668,0.2326236296561962
44.672,0.03598160104066164
44.676,0.10399743612301968
44.68,0.5511802484849635
44.684,1.0042779367866912
44.688,1.0748710595732704
44.692,0.8382145992841956
44.696,0.7322025925204468
44.7,0.8559678028663911
44.704,0.9064110714500592
44.708,0.6058560762058693
44.712,0.11181796939328417
44.716,-0.12721233413771127
44.72,-0.01500208475061109
44.724,0.10003635458842275
44.728,-0.04435426546790103
44.732,-0.3801631387475164
44.736,-0.48329333736289015
44.74,-0.1875202496876225
44.744,0.10778275023864442
44.748,0.0729846880272924
44.752,-0.17305494406360616
44.756,-0.25584796210157384
44.76,-0.0030654475841422435
44.764,0.20974138466189804
44.768,0.15818464134358887
44.772,-0.13602260893634982
44.776,-0.2231041379750705
44.78,-0.007905734132802482
44.784,0.24928018427454646
44.788,0.15957189969179736
44.792,-0.15034045142718575
44.796,-0.22325006181274382
44.8,0.009618378361155257
44.804,0.22703552540854058
44.808,0.1605762714802153
44.812,-0.14498521016411592
44.816,-0.24267961979339736
44.82,0.018134430124349003
44.824,0.2546738454478621
44.828,0.18216726212796536
44.832,-0.11974345865228306
44.836,-0.1997506232622025
44.84,0.040853223760849405
44.844,0.29001985208123604
44.848,0.18719712848181075
44.852,-0.0879549404253161
44.856,-0.1734286295963598
44.86,0.08187188111760803
44.864,0.3260983136475578
44.868,0.23784700401958758
44.872,-0.04124050616140715
44.876,-0.09943734706892932
44.88,0.11827844179138246
44.884,0.39397189885470046
44.888,0.32274528108289124
44.892,0.036720563631813835
44.896,-0.02563121956834999
44.9,0.21621358194712534
44.904,0.4624995984194069
44.908,0.37669058646709547
44.912,0.10424948783428487
44.916,0.028011039945509936
44.92,0.26961404925085997
44.924,0.5091808603110535
44.928,0.42149347078720584
44.932,0.1475775195803366
44.936,0.04440513697405091
44.94,0.29470051371842076
44.944,0.5134004230289969
44.948,0.4538519103830648
44.952,0.15990158423434633
44.956,0.053237256385338355
44.96,0.3016994140369234
44.964,0.52619100034505
44.968,0.41681434466337186
44.972,0.10583386384793939
44.976,0.000414370733791275
44.98,0.23418012927242232
44.984,0.4511228404854093
44.988,0.3529591768335908
44.992,0.04531810603783268
44.996,-0.0685646855441687
45.0,0.16803702102551232
45.004,0.14067154849546737
45.008,0.12948797273074128
45.012,0.1063806404815574
45.016,0.10099647031906597
45.02,0.11357585627273033
45.024,0.07208262534622699
45.028,0.07539352018004102
45.032,0.05725520195107536
45.036,0.03129778316458244
45.04,0.051500212340036655
45.044,0.033631376408239794
45.048,0.03643469643504916
45.052,0.03791603304957569
45.056,0.02581008577215458
45.06,0.02280741038277259
45.064,0.007463180753364607
45.068,0.020329618512180337
45.072,0.008928063000511216
45.076,-0.011204572904085624
45.08,0.015347944559841478
45.084,0.016995540488967183
45.088,0.019319104553481896
45.092,0.025272008631460605
45.096,0.010534775409212369
45.1,0.00732470890906336
45.104,0.012610006080681548
45.108,-0.0075641734577412125
45.112,-0.015719900838881376
45.116,-0.004009461047198181
45.12,0.013347423095151183
45.124,-0.006179118145636226
45.128,0.004978419931466129
45.132,0.005971986723231555
45.136,0.002618762546687041
45.14,-0.012647388268926736
45.144,0.0035208521055922187
45.148,-0.004147738012830688
45.152,0.017077305355072844
45.156,0.01140353784982668
45.16,-0.003838276846661402
45.164,0.017674762564996078
45.168,0.0034493596381369807
45.172,-0.016707694928783667
45.176,-0.0007767178287489882
45.18,0.01635787889629877
45.184,-0.0081933085112021
45.188,-0.0006756405799200131
45.192,-0.013587197275502524
45.196,-0.011990548413386027
45.2,-0.008303128839729756
45.204,-0.012200373748511696
45.208,-0.006047434031079683
45.212,0.01762577225672947
45.216,6.475027924146836e-05
45.22,0.008581735508170337
45.224,0.012125009946256671
45.228,-0.009122212348269723
45.232,-0.0052119083623485985
45.236,0.012442014088530781
45.24,0.000845397654715396
45.244,0.017523986188958687
45.248,0.0318033137015354
45.252,0.006361016164842128
45.256,0.02479873036436444
45.26,0.035522104146418466
45.264,0.04306740067630946
45.268,0.054628513020539185
45.272,0.0694065728221575
45.276,0.08855015614256903
45.28,0.10483091287261662
45.284,0.12652547941447814
45.288,0.12904493775845483
45.292,0.15046511294701181
45.296,0.14033171993669347
45.3,0.13766951892732426
45.304,0.14627756451836219
45.308,0.14982766659873978
45.312,0.1462301501373336
45.316,0.1417489976679916
45.32,0.11739874519870874
45.324,0.10802963440487082
45.328,0.09967139831018834
45.332,0.06391262325842641
45.336,0.05618487977599597
45.34,0.07389029710845424
45.344,0.044229151474751434
45.348,0.031954760523099826
45.352,0.028636293655947602
45.356,0.0007322033095543742
45.36,0.003353469783707202
45.364,-0.0034490892873702706
45.368,0.008606384919576996
45.372,-0.0008359700916151839
45.376,0.0027496267374733
45.38,-0.002008717032786801
45.384,-0.015605546602335546
45.388,0.009233513450523334
45.392,-0.01740398639829696
45.396,-0.007155780607864847
45.4,-0.013089592405527263
45.404,-0.008763159862914751
45.408,0.002036067097435923
45.412,0.012358335599323308
45.416,-0.01561019886991552
45.42,-0.005595965030355237
45.424,-0.017615956952226543
45.428,-0.006579487661262892
45.432,-0.001143855629137385
45.436,0.002046144348830688
45.44,-0.035656332167714355
45.444,-0.02621553439865096
45.448,-0.0689633320093142
45.452,-0.10635100548651759
45.456,-0.1266449465604948
45.46,-0.1393205768822967
45.464,-0.1395048253647884
45.468,-0.11363244546885835
45.472,-0.04111036700556297
45.476,0.04163173826641232
45.48,0.1754424463313695
45.484,0.33851156610485955
45.488,0.5303245842216772
45.492,0.7232128163459317
45.496,0.9067405783460014
45.5,0.9805168998323326
45.504,0.9982184091703278
45.508,0.8572784999650644
45.512,0.6647836050217273
45.516,0.4922924328803643
45.52,0.2784501833923043
45.524,0.12412674384460802
45.528,-0.019756477297011646
45.532,-0.09302658464032719
45.536,-0.17863629230753358
45.54,-0.22519624355847923
45.544,-0.24015436235627727
45.548,-0.19358494755000435
45.552,-0.14623896082088172
45.556,-0.07757749394157717
45.56,-0.05012455823543185
45.564,-0.004348233073152536
45.568,-0.011972343932364689
45.572,-0.005480781484880938
45.576,-0.004716667592921864
45.58,0.0025951287823274853
45.584,-0.002825763113678304
45.588,0.006285003108983395
45.592,-0.00297443292849095
45.596,0.01027072503902049
45.6,0.018205016142795422
45.604,0.004614067782556587
45.608,0.027029064553757254
45.612,0.017353499278633232
45.616,0.028957800649694325
45.62,0.008769252402698357
45.624,-0.005071197003497872
45.628,0.007051886542680093
45.632,0.0111037941261251
45.636,0.011165265705239553
45.64,0.002862660326377938
45.644,0.03982709953508371
45.648,0.01642687554901766
45.652,0.05050050094337998
45.656,0.07003452064677694
45.66,0.048181581318233115
45.664,0.06847000948923584
45.668,0.07009233885845728
45.672,0.09268438331741048
45.676,0.08363269011578156
45.68,0.10620794898249163
45.684,0.1314088740813312
45.688,0.1330156285823774
45.692,0.13105260078565065
45.696,0.17398621453236932
45.7,0.16308491448219103
45.704,0.19138011437218627
45.708,0.21085317199706546
45.712,0.22034526249061495
45.716,0.25811925239972744
45.72,0.25294796053087726
45.724,0.25550888616222966
45.728,0.27433763333242894
45.732,0.27985684175322245
45.736,0.2861457021280981
45.74,0.29443694290089867
45.744,0.2921901710486584
45.748,0.30134126633050395
45.752,0.29493668728358685
45.756,0.279892214658287
45.76,0.30722374396450486
45.764,0.28529752576555095
45.768,0.28575071332144825
45.772,0.2684951592787904
45.776,0.2590878429008531
45.78,0.24499287166101735
45.784,0.2527512172328687
45.788,0.2421472947719599
45.792,0.21679761604832315
45.796,0.1969772940481147
45.8,0.17094298770673183
45.804,0.18127978064812683
45.808,0.1521181205104618
45.812,0.13354346774712153
45.816,0.13126351295451336
45.82,0.11443377338807043
45.824,0.09005252383841425
45.828,0.0796196506102054
45.832,0.08578147608488444
45.836,0.0656821840103539
45.84,0.06801746546065335
45.844,0.05590992990502313
45.848,0.05728955822286527
45.852,0.03167483302181189
45.856,0.036280538656016624
45.86,0.03502230972541986
45.864,0.017741102928961083
45.868,0.03126122357884336
45.872,-0.00012259047508008866
45.876,0.005269562615712327
45.88,-0.005927434040529344
45.884,0.0016590178833597669
45.888,0.005727372058243465
45.892,0.014143738583805219
45.896,0.0030884252208218522
45.9,-0.0022814967740171464
45.904,-0.012605270326959149
45.908,-0.009886663471512918
45.912,0.004852392044267106
45.916,0.010164415970125192
45.92,-0.0031578330857975597
45.924,0.012897725202714812
45.928,-0.008903337548627403
45.932,-0.003457507310716155
45.936,-0.0027269116775162105
45.94,0.015542421089170555
45.944,0.0015196800797025172
45.948,-0.01785017600366611
45.952,0.009614211061237164
45.956,0.018529928431053045
45.96,-0.002446623339581016
45.964,-0.008934553371003363
45.968,0.00866831338748258
45.972,0.01966079728624704
45.976,0.008500039102527833
45.98,-0.01622119559977096
45.984,0.007552980965845872
45.988,0.004046377640925529
45.992,-0.00954320733360505
45.996,0.012890631056565618
46.0,0.004385934415729419
46.004,0.013152848259711481
46.008,-0.010609186590951784
46.012,0.00399835062001056
46.016,-0.008930422546808647
46.02,0.0025161564644734847
46.024,0.014846708597113274
46.028,-0.014127088279134328
46.032,-0.013443823730089049
46.036,0.009985773812861812
46.04,0.0005943972718447749
46.044,0.012936408249846145
46.048,-0.006088427930681154
46.052,0.0036484310480491776
46.056,0.011713507314364295
46.06,0.00935849436552455
46.064,-0.007265895715077691
46.068,0.04338019590593704
46.072,0.023197869252838874
46.076,0.01516307403159798
46.08,0.04088695594338525
46.084,0.052902116841220335
46.088,0.07096121308959202
46.092,0.08393747535879276
46.096,0.08691318255260581
46.1,0.08630360952565803
46.104,0.12192110774854212
46.108,0.11314173583329032
46.112,0.15164074344988027
46.116,0.13904741896481718
46.12,0.15606900951029928
46.124,0.14270790501668784
46.128,0.1401393061490347
46.132,0.12939577727994284
46.136,0.13402629795049043
46.14,0.10795994074945904
46.144,0.10783937503357487
46.148,0.0796836588851567
46.152,0.06905682647995408
46.156,0.05833476412606728
46.16,0.04744780290513917
46.164,0.02619171754859727
46.168,0.03369519344221952
46.172,0.01683410541260474
46.176,0.019410770535364167
46.18,0.00957176177509149
46.184,0.012474783119492957
46.188,0.0002620426579374403
46.192,-0.005072973435854568
46.196,0.006043925794378913
46.2,-0.0038490730134212317
46.204,0.015238097903950459
46.208,0.0010552587497859075
46.212,-0.013521339532835106
46.216,-0.005735709428334471
46.22,-0.009928891695609504
46.224,0.010762904661178662
46.228,0.007752598242114468
46.232,-0.0006025073413819823
46.236,0.00290021128718952
46.24,-0.0009017705464806727
46.244,0.00847384678753241
46.248,0.0046557267179665
46.252,0.0050833544097383275
46.256,-0.007682823546186839
46.26,-0.021088970118005496
46.264,-0.025609701199805247
46.268,-0.0444991755332908
46.272,-0.08399379213363667
46.276,-0.11216792680955254
46.28,-0.1441274828886894
46.284,-0.14767582436600388
46.288,-0.11031482785643869
46.292,-0.024488648836403983
46.296,0.03275546322842829
46.3,0.18779009771507493
46.304,0.3241485948968628
46.308,0.5443292233432742
46.312,0.727387677781787
46.316,0.9060883284654773
46.32,1.0156210559069798
46.324,0.9755000523526989
46.328,0.8603385477893033
46.332,0.6732849263618573
46.336,0.4637205741248661
46.34,0.27797116748006157
46.344,0.11390430840950594
46.348,-0.02480542732150649
46.352,-0.12103450502195907
46.356,-0.19387622469126545
46.36,-0.2501463688409803
46.364,-0.24215247068983314
46.368,-0.18809038327601035
46.372,-0.15845565329756867
46.376,-0.0682603211422853
46.38,-0.051947811084958634
46.384,-0.01774896883346698
46.388,0.005623675249459754
46.392,0.013910153430076892
46.396,0.004673147922705959
46.4,-0.006263232495596694
46.404,-0.006763641481260993
46.408,-0.004327315567558295
46.412,0.02073931839628207
46.416,-0.0014544601265500173
46.42,0.0062752472723015765
46.424,-0.0065771740805576654
46.428,-0.0066908845682268825
46.432,0.006374773621257634
46.436,0.004367510087841005
46.44,0.00691167574943808
46.444,-0.0031906478771888767
46.448,0.01344547737112716
46.452,0.032716722792588644
46.456,0.012257139089102085
46.46,0.03390257316611215
46.464,-0.00494062603418766
46.468,0.027143124214745643
46.472,0.022265592319033942
46.476,0.06071810171154849
46.48,0.06494972374985877
46.484,0.05446843551065761
46.488,0.07720941801886239
46.492,0.09668890621126933
46.496,0.10942633125010857
46.5,0.10376372464204932
46.504,0.09842063540765944
46.508,0.12484507056319256
46.512,0.15533758516089027
46.516,0.1829036012901995
46.52,0.1758502296590216
46.524,0.18487287300181757
46.528,0.22936351246967498
46.532,0.22353719388762272
46.536,0.22078519887404646
46.54,0.2447185740291221
46.544,0.26780436688968584
46.548,0.26785015099013787
46.552,0.28590976818883956
46.556,0.26982278563942014
46.56,0.2777870992574101
46.564,0.28926872784440955
46.568,0.2964314021193526
46.572,0.3033262266066859
46.576,0.30517106590029436
46.58,0.32038727726684874
46.584,0.28342776580196166
46.588,0.2810178119493498
46.592,0.2687765264251296
46.596,0.2769345324421176
46.6,0.2664438599494126
46.604,0.23848919235230487
46.608,0.2505859265520333
46.612,0.2091136311954819
46.616,0.21229839257239036
46.62,0.20207011518983609
46.624,0.15936132650279253
46.628,0.16431635552876023
46.632,0.11713043423905589
46.636,0.13888960115887553
46.64,0.10645012166923291
46.644,0.11061569088265173
46.648,0.10070313919725957
46.652,0.09336345721439573
46.656,0.08090758585546975
46.66,0.06326069890023282
46.664,0.05044708621407265
46.668,0.045897335758132346
46.672,0.02868242461279437
46.676,0.03170068901436107
46.68,0.0256136888276084
46.684,0.01601775624394576
46.688,0.0024881482604109037
46.692,0.003694562611715399
46.696,-0.017966922125689393
46.7,0.007976034384756536
46.704,0.012577042661991418
46.708,-0.01959042872743015
46.712,0.008164552953192912
46.716,0.003390933790263737
46.72,-0.008116174680998553
46.724,-0.0014419323118183554
46.728,0.012749667740004127
46.732,-0.008002300855447585
46.736,0.0021298882785314743
46.74,0.004493681215101009
46.744,-0.0074396873045145225
46.748,0.010674526007485712
46.752,0.004483217777867795
46.756,-0.00218692464761588
46.76,0.02387889905861249
46.764,0.010307526141075172
46.768,-0.01672846439730484
46.772,-0.0037946543390680355
46.776,0.02473652673173923
46.78,-0.009771435200268271
46.784,0.000699314026758392
46.788,0.012335461907667494
46.792,0.006541218439401579
46.796,0.007977317091571972
46.8,0.007384730999047613
46.804,0.00026009789201553944
46.808,-0.007918736775446227
46.812,0.004351024557555991
46.816,-0.004024656609548621
46.82,-0.004809683511778683
46.824,0.014830872211553946
46.828,-0.0037986185341736824
46.832,0.017083060257341815
46.836,0.0026092907427985902
46.84,-0.0015132383944131721
46.844,-0.018031909026438968
46.848,0.0214560753407673
46.852,0.0003902387610872177
46.856,-0.02194146144992032
46.86,0.011149554137982498
46.864,0.0015570340547245418
46.868,-0.006065463457442119
46.872,0.01430542359062758
46.876,-0.018003561769105073
46.88,0.0037912920996815893
46.884,0.012572110285259815
46.888,0.030125886306431787
46.892,0.051628551222833316
46.896,0.036090170757124215
46.9,0.054131607482439274
46.904,0.08953778717989248
46.908,0.07582359346882099
46.912,0.09487624782931749
46.916,0.09226868615147005
46.92,0.13792767769213415
46.924,0.12330970182788112
46.928,0.14283250892987476
46.932,0.1491730689441592
46.936,0.15067610567759507
46.94,0.1447295338414955
46.944,0.14699067249870335
46.948,0.15424716178557277
46.952,0.14874578825666865
46.956,0.1113583190961043
46.96,0.09452713777074717
46.964,0.07640976683071203
46.968,0.0971423960202226
46.972,0.05826737440143116
46.976,0.05617751933472029
46.98,0.041649464232103334
46.984,0.04812383213047387
46.988,0.016579490208523156
46.992,0.0025227803430017386
46.996,0.028045986824938862
47.0,0.015438528446980047
47.004,0.008794229470782598
47.008,0.018076504676715916
47.012,0.00684330741907846
47.016,0.016745114303383078
47.02,0.0030897081473615856
47.024,0.009382049576179505
47.028,0.005469316435930281
47.032,-0.0031394108297833445
47.036,-0.00199285283868242
47.04,-0.0038966023711108954
47.044,0.0026711452709020484
47.048,-0.004550683659436081
47.052,0.004357510570835578
47.056,0.00399018196800775
47.06,0.0019049863403769731
47.064,0.0016225708346762889
47.068,-0.007763204069856642
47.072,-0.00906224060513765
47.076,-0.032504976566406246
47.08,-0.0352672611693721
47.084,-0.07244091555839204
47.088,-0.09687818659049123
47.092,-0.13724218527672546
47.096,-0.16665836409085508
47.1,-0.11361765339199911
47.104,-0.09978844968415555
47.108,-0.017764382707933575
47.112,0.0543877049166312
47.116,0.2008144801389981
47.12,0.3346174245976644
47.124,0.5428913746662815
47.128,0.7323694931100104
47.132,0.9355088357410957
47.136,0.9922565111546432
47.14,0.9814676678872498
47.144,0.8558060082892409
47.148,0.6640120089015772
47.152,0.4629431980940158
47.156,0.28097416247156554
47.16,0.11477810764456284
47.164,-0.019924033305408543
47.168,-0.12105054189120464
47.172,-0.18404888197425595
47.176,-0.24689584705992307
47.18,-0.2572421211366535
47.184,-0.2089951400609747
47.188,-0.14975061282650703
47.192,-0.0924500302291107
47.196,-0.051092494280551404
47.2,-0.018614329443894892
47.204,-0.004081904273685745
47.208,0.0006652493757435449
47.212,-0.007246015336216205
47.216,0.01065644864695902
47.22,0.006436085674747011
47.224,0.017264974797411962
47.228,0.010351832108259304
47.232,-0.0010714564377653077
47.236,0.016152198911677206
47.24,0.006668393032961479
47.244,0.012940893640526559
47.248,0.013423080750690437
47.252,0.006502360187928401
47.256,0.010618331638757864
47.26,0.0104734061805567
47.264,0.005872369659660063
47.268,-0.0039626929927225295
47.272,0.014152936697707244
47.276,0.02727109440481419
47.28,0.04096221414195965
47.284,0.043586120964253815
47.288,0.039093034194108076
47.292,0.04213712949681457
47.296,0.055011566037867464
47.3,0.055776988240505844
47.304,0.05394638831777972
47.308,0.07006884399675586
47.312,0.11051372892449632
47.316,0.1273655497354244
47.32,0.1290728597909786
47.324,0.13431861699224007
47.328,0.13485189407477455
47.332,0.16143354457663175
47.336,0.18365391191649716
47.34,0.20037958827213448
47.344,0.21338002945871934
47.348,0.2326637985469381
47.352,0.2535303392728156
47.356,0.24282848416169758
47.36,0.2867462277473661
47.364,0.24914418365167879
47.368,0.270860341057409
47.372,0.288425459860348
47.376,0.2980367537167427
47.38,0.29507578133065093
47.384,0.294422496970375
47.388,0.32198895888431095
47.392,0.2931946025593552
47.396,0.28521207837961554
47.4,0.3072606561169462
47.404,0.29205632092501177
47.408,0.2861163054310509
47.412,0.26727727565542925
47.416,0.24042873551617155
47.42,0.24281814750573427
47.424,0.21373608706184813
47.428,0.2175250835239857
47.432,0.20740397962700752
47.436,0.19713706266298744
47.44,0.17091344795518887
47.444,0.16489714450861342
47.448,0.13424700250448887
47.452,0.13925741872444508
47.456,0.12320363249268416
47.46,0.09598534240732462
47.464,0.0975644877751836
47.468,0.09223130741503693
47.472,0.07203045861768329
47.476,0.05378240731667554
47.48,0.05540179665063922
47.484,0.051603007740042534
47.488,0.03104177048991889
47.492,0.023299559712949745
47.496,0.0333503228349712
47.5,0.03179735649488453
47.504,0.04110822620764708
47.508,0.02287358742024506
47.512,0.001233137517259831
47.516,0.031275469862236054
47.52,0.019373684481283966
47.524,-0.012940598258767401
47.528,-0.004607011206063035
47.532,-0.00038301033146200935
47.536,0.01196482336551638
47.54,-0.02097893510856621
47.544,0.0010068274405867763
47.548,0.009515328320660175
47.552,-0.027027202337673185
47.556,0.008473764924992506
47.56,0.00943503638674342
47.564,-0.007887696091245804
47.568,-0.011098043678190225
47.572,-0.008298366556636062
47.576,-0.026480256672951143
47.58,-0.0030845021931714006
47.584,0.002325858545760804
47.588,-0.012098860456217234
47.592,0.009788817348450761
47.596,0.0010747478419340377
47.6,0.0026352044724182546
47.604,-0.003995126135400527
47.608,0.00744794404980107
47.612,0.012917864660626452
47.616,-0.0040666539652262955
47.62,0.007616227850986583
47.624,0.00772436318509166
47.628,0.00418156557046671
47.632,0.01677264016142463
47.636,-0.007263125918563047
47.64,-0.004213517162028115
47.644,-0.007766623576372354
47.648,0.007255630209311055
47.652,-0.0027143277024680866
47.656,-0.006936859734247259
47.66,0.01667127723027806
47.664,0.01817015618656641
47.668,-0.0031486559142767656
47.672,-0.013425828091787205
47.676,0.019069672672046834
47.68,0.005448587628773642
47.684,0.0054399543985198286
47.688,0.003048202565181826
47.692,-0.00484606947252055
47.696,0.0007292456870146395
47.7,0.014075817767687872
47.704,0.006203612916674504
47.708,0.0195605495301041
47.712,0.02130669574965032
47.716,0.018120977007055457
47.72,0.054103984827550355
47.724,0.0547228727561682
47.728,0.06452116445894965
47.732,0.08042384366719489
47.736,0.07133670131770878
47.74,0.09880231747144327
47.744,0.10222785396976611
47.748,0.1309774982357153
47.752,0.14287220359636366
47.756,0.14786418538425988
47.76,0.16152644295073507
47.764,0.1342609581582095
47.768,0.1369784413984108
47.772,0.14141323551464918
47.776,0.12933183370882764
47.78,0.10082047932312296
47.784,0.11190748451955213
47.788,0.10085446222814684
47.792,0.07542229329041522
47.796,0.042700441584385025
47.8,0.04734078282797992
47.804,0.038695732092373765
47.808,0.0238222824433867
47.812,0.03292725429300176
47.816,0.012740891687384934
47.82,0.030726019680103897
47.824,0.014402645794345807
47.828,0.007108961138405186
47.832,0.012008611416685903
47.836,0.01707179115551248
47.84,0.01007077460717753
47.844,-0.00011314619527461164
47.848,-0.00622358149620939
47.852,-0.011007923460294756
47.856,-0.024289294286134407
47.86,0.0018058954574871648
47.864,-0.0038433036651999877
47.868,-0.003324268328437243
47.872,0.01029639078273563
47.876,-0.0011214241608372764
47.88,0.018925371724042853
47.884,-0.005864106678889456
47.888,-0.010262913170546254
47.892,-0.014526318138782334
47.896,0.0013760274499635527
47.9,-0.0034465229965953987
47.904,-0.038537969199932104
47.908,-0.07113022904011503
47.912,-0.0802808831645441
47.916,-0.14289170363323042
47.92,-0.13573364787423509
47.924,-0.14335591527847186
47.928,-0.09678979387059605
47.932,-0.026394194111807663
47.936,0.05767397319359979
47.94,0.17184912105744188
47.944,0.34861225663173034
47.948,0.5309850528421556
47.952,0.767781317027398
47.956,0.8838416869701529
47.96,0.9751804412573355
47.964,0.9877405471017412
47.968,0.8611795746808888
47.972,0.6851784864816115
47.976,0.4597549500892414
47.98,0.27919438672053165
47.984,0.12188450941959361
47.988,-0.019483185867969096
47.992,-0.11799390431031642
47.996,-0.21291060961394606
48.0,0.19778411355491676
48.004,-0.5464506826940689
48.008,0.07832271943346888
48.012,-0.14999269389964898
48.016,-0.5984837150132842
48.02,-0.35907596040197576
48.024,0.03346907538325441
48.028,0.09379925472148626
48.032,-0.40123942855797956
48.036,0.022582285731572782
48.04,0.21585908865343154
48.044,0.2535105784096096
48.048,-0.12330841098763681
48.052,0.11859345305738749
48.056,0.2597859586756067
48.06,0.2139500015271065
48.064,0.22680646429257575
48.068,0.05223846188578908
48.072,-0.020030911899289988
48.076,0.061439946373517074
48.08,-0.16678779061929286
48.084,0.29691597423527505
48.088,-0.36074976336455333
48.092,-0.093920877216306
48.096,0.0290154751963405
48.1,0.13349624308909736
48.104,0.18025046774633474
48.108,0.4159235560506793
48.112,0.05827982409379061
48.116,-0.13274939331154895
48.12,0.008807117335263154
48.124,-0.009065076765638308
48.128,0.20846748289277522
48.132,-0.1834743786398152
48.136,0.038284001325219925
48.14,0.5257601891600545
48.144,0.16822083075016306
48.148,-0.1180241764076802
48.152,0.04190675852482155
48.156,-0.39555134098707356
48.16,0.15472335562327963
48.164,0.6034364360730772
48.168,-0.08163842073698857
48.172,-0.14062828668882282
48.176,0.07012386243772675
48.18,0.476546875941399
48.184,0.6685337111758627
48.188,0.37168979255059276
48.192,-0.03217081928166776
48.196,0.2753655573250891
48.2,0.7509684642905647
48.204,0.22720817562098766
48.208,0.343188162664064
48.212,0.36345225711911405
48.216,-0.09205399276111859
48.22,0.5436421588201298
48.224,0.5105721099973899
48.228,-0.23559383753332652
48.232,-0.044475103598293486
48.236,0.018561043701811747
48.24,0.4411578112042171
48.244,0.05422537559208693
48.248,0.32967053086884235
48.252,0.15741652168984338
48.256,0.2210980040878475
48.26,0.31723851228382244
48.264,0.22040258975266058
48.268,0.14057857690764963
48.272,0.23490426701788136
48.276,0.19179033773072668
48.28,0.06784766994066906
48.284,-0.00986820582933691
48.288,0.5702525543316398
48.292,-0.040698638327575254
48.296,0.4122377957126385
48.3,-0.12177590141211649
48.304,0.2550575087200617
48.308,0.4821710924421706
48.312,-0.03707017993778048
48.316,-0.12878170340125786
48.32,-0.08456523608507606
48.324,0.02989784225714152
48.328,0.09075028521386194
48.332,0.006065166597776402
48.336,-0.09764974998325736
48.34,0.5070806334961184
48.344,-0.03473115447027048
48.348,-0.13479374640826713
48.352,0.21423590716106417
48.356,0.18661299064986558
48.36,0.35245230604632677
48.364,0.5004783761092853
48.368,0.08555144523667739
48.372,-0.08950589100590603
48.376,-0.4697297527124301
48.38,-0.228198605352378
48.384,0.04564766884644893
48.388,-0.2971135894851619
48.392,-0.40431047488405153
48.396,0.022013416480302597
48.4,0.1950012027239785
48.404,-0.07309634268719452
48.408,0.2242339926599364
48.412,0.14691196074596166
48.416,0.3019886992209873
48.42,0.5523467245512027
48.424,0.6523196623493718
48.428,0.1837538163585297
48.432,-0.10480688282199947
48.436,0.01373540730246867
48.44,0.4009062987748359
48.444,-0.20852634217569782
48.448,0.3570106010114996
48.452,-0.026016730996055084
48.456,0.07033458200992393
48.46,-0.19943499616285348
48.464,-0.33536952487881616
48.468,-0.0673472404496701
48.472,0.3233084579538467
48.476,-0.18341723842908825
48.48,0.4084540282715492
48.484,-0.15345169695824587
48.488,-0.27043849056888614
48.492,0.060163074075004964
48.496,0.15613107514040694
48.5,0.05363736236393149
48.504,0.035513490865835357
48.508,0.41383738490299027
48.512,0.02147964224329745
48.516,-0.12131837932239563
48.52,-0.29168686257494175
48.524,0.319810433033423
48.528,-0.10431690791289493
48.532,-0.07196529928858139
48.536,0.267751465800043
48.54,0.5407106836253508
48.544,0.07661027273574872
48.548,-0.030841592761116095
48.552,0.006516073904077928
48.556,-0.08301665553323384
48.56,-0.06509620422095004
48.564,-0.037393718682255425
48.568,0.2927686388110545
48.572,0.05650799708592098
48.576,0.4146616281562998
48.58,0.07819653122025963
48.584,0.023662321107387294
48.588,0.4385215309987692
48.592,0.13982727241039491
48.596,0.11725234623069838
48.6,0.15054743507927332
48.604,0.5195733560250988
48.608,0.2380670803676722
48.612,0.4627064749004565
48.616,0.07333871462437433
48.62,0.393900427583389
48.624,0.15963528115468278
48.628,0.30671681305313875
48.632,0.3030189569873636
48.636,-0.16995122560095488
48.64,0.07514234032246087
48.644,0.27781544523396384
48.648,0.30014597057550785
48.652,0.33608451551131013
48.656,0.05552494255178474
48.66,0.4052359824733538
48.664,-0.1569135450493545
48.668,-0.3480817435779867
48.672,-0.0390698880189288
48.676,0.29628378788456144
48.68,-0.2726955020958081
48.684,-0.359737704714435
48.688,-0.43879036349126804
48.692,0.19274491123064533
48.696,-0.3607370412934642
48.7,0.1410553670711669
48.704,-0.08773281603031226
48.708,-0.2005042590167905
48.712,-0.26952428696075603
48.716,0.06642372706399824
48.72,-0.1791364957103875
48.724,0.005418459967672968
48.728,0.10351331894108036
48.732,0.12891497124931736
48.736,0.22220670304253448
48.74,0.02810031540092739
48.744,-0.29775486197871
48.748,0.051210711843743484
48.752,0.07295929790261732
48.756,-0.16141045926559006
48.76,-0.21304937992069398
48.764,0.4835546958081984
48.768,-0.42132049961195456
48.772,0.06490225614623082
48.776,0.27365020226765246
48.78,0.05499186653269178
48.784,0.20885539226360772
48.788,0.32748330317849644
48.792,0.6432187951369417
48.796,1.0737084941897697
48.8,0.9201056143860356
48.804,1.7630995991040717
48.808,0.7975333773298311
48.812,1.0872806460544697
48.816,0.6758863077038672
48.82,0.39399228392043634
48.824,0.5434925974940197
48.828,-0.3476200554514132
48.832,0.01618840863721914
48.836,-0.3460389607090987
48.84,-0.33657000606467274
48.844,-0.35782452324800984
48.848,-0.4586499268135802
48.852,-0.5704944349724512
48.856,-0.005203483114448848
48.86,-0.08666096077577295
48.864,-0.09545203337019509
48.868,0.17795118240256544
48.872,0.10185530045552149
48.876,-0.06029982659626862
48.88,0.7724265724064255
48.884,0.2505924490629481
48.888,0.608975113119145
48.892,-0.11593588866224512
48.896,0.04653850565294376
48.9,-0.3092206945412118
48.904,-0.07117208709691412
48.908,-0.14725993761341138
48.912,0.7687645372662701
48.916,-0.168161823227998
48.92,-0.05181986746030813
48.924,-0.355580508052978
48.928,0.15639306766831623
48.932,-0.21863847818509607
48.936,0.24771264580529784
48.94,-0.4292748873136699
48.944,-0.008214761998526734
48.948,-0.42809660213122014
48.952,-0.08484383551766078
48.956,-0.015685389585888415
48.96,-0.09677412132779982
48.964,-0.05808612145570449
48.968,0.31511647762778633
48.972,0.638281120643751
48.976,0.17330439082457028
48.98,-0.11483030489793146
48.984,0.13906833715666345
48.988,0.036962923302085754
48.992,0.3696827049661855
48.996,0.25180084841695927
49.0,-0.23337529334339657
49.004,0.4752062812661695
49.008,0.43669080941744537
49.012,0.6012922670600731
49.016,0.1057170352363789
49.02,0.32236426331021306
49.024,-0.044303849663244244
49.028,0.2492928548235062
49.032,0.36657755982041584
49.036,0.12409856363381755
49.04,0.3736955037122033
49.044,0.3390330599823788
49.048,0.17190637291282562
49.052,0.6495278028578899
49.056,0.2534951417906604
49.06,0.33977080850294583
49.064,-0.07360073851301835
49.068,0.44231195976941984
49.072,0.1542184140598049
49.076,0.50844844377685
49.08,-0.08284469534679015
49.084,0.35134251382398524
49.088,-0.29265093653853347
49.092,0.37180855712785155
49.096,0.14847108361125572
49.1,0.30161337059685167
49.104,0.03236415976584753
49.108,-0.06500555792398818
49.112,0.03813297145972945
49.116,0.17374942149158695
49.12,0.26471909340839017
49.124,0.19113620657841013
49.128,-0.13736329445918521
49.132,0.5495495209979027
49.136,0.15360787224347222
49.14,-0.08519707043456419
49.144,0.1633939629360956
49.148,0.10637954868958081
49.152,-9.627279689556484e-05
49.156,-0.041041049828194544
49.16,0.28284423604297687
49.164,0.46627646570769066
49.168,-0.48263213866753396
49.172,0.3089934396455729
49.176,0.00992824619680674
49.18,0.06475608423523319
49.184,0.33966904270546544
49.188,-0.661271885845844
49.192,0.21926225842783054
49.196,0.33264878307263507
49.2,-0.17239751940032827
49.204,-0.33942230403865814
49.208,0.4157352934239717
49.212,-0.43750917596184424
49.216,0.11762674624923156
49.22,0.2503023952127312
49.224,0.10054600587247081
49.228,0.1313082248656989
49.232,-0.07578792579782907
49.236,0.1024440433722452
49.24,-0.18669936472614723
49.244,-0.14370085190922655
49.248,0.006011602663422033
49.252,-0.3875502210076097
49.256,0.14134775973266975
49.26,-0.6023999925473443
49.264,0.07937299218463696
49.268,0.10180616470603755
49.272,-0.20706374674018418
49.276,-0.30919603504769894
49.28,-0.09688463345687913
49.284,0.16611219194719506
49.288,0.09587600174357606
49.292,-0.27896230860512417
49.296,0.022459449699330097
49.3,0.08182565396476355
49.304,0.02705220258365729
49.308,-0.24601792922180712
49.312,0.04322966288063526
49.316,0.2481805467598301
49.32,0.11764938931130994
49.324,0.09869707441647965
49.328,0.3971489062007561
49.332,0.024066402995213967
49.336,-0.21233811809901218
49.34,-0.20102751559072066
49.344,0.05663175969292801
49.348,-0.3637521122148583
49.352,-0.06951614641757758
49.356,0.11657050523889166
49.36,0.3022597270110533
49.364,-0.3685150717422837
49.368,0.031638758344267486
49.372,0.0064441882105984415
49.376,0.015181845604832232
49.38,0.06658121494208641
49.384,0.03537389489429654
49.388,0.4003400754727185
49.392,0.3538032265583347
49.396,0.6014980184328862
49.4,0.0822005565115435
49.404,-0.0018999724378187671
49.408,-0.130210328058756
49.412,0.008127473061740914
49.416,0.3005654214788596
49.42,0.3580856768073083
49.424,0.30051745908435684
49.428,-0.009931529834526887
49.432,-0.011606690714965284
49.436,0.6642255040606878
49.44,-0.0652945522245639
49.444,0.47816665775536826
49.448,0.21095209040176952
49.452,-0.0934267478107535
49.456,-0.21640546220509838
49.46,-0.10495070462614929
49.464,0.13650294418811248
49.468,-0.1849889123595986
49.472,0.4204337792442724
49.476,-0.011533661993023483
49.48,0.1903669299143186
49.484,0.15896631032706643
49.488,0.41620376993811675
49.492,-0.10335669691826763
49.496,0.028738399288478943
49.5,-0.3608939514202899
49.504,0.02562042870071055
49.508,0.28005432202870445
49.512,0.05320058069430987
49.516,0.5857749478620173
49.52,0.12334263716380048
49.524,-0.13722785785053962
49.528,0.11939986042396732
49.532,-0.36851855425261953
49.536,-0.17364139082410018
49.54,-0.3017594685410711
49.544,-0.008399892700959845
49.548,-0.023583247651645784
49.552,0.291605996950752
49.556,-0.03405954121515506
49.56,-0.2486558061667479
49.564,0.3693383916437168
49.568,-0.7617668708463873
49.572,-0.023883255200831077
49.576,-0.027906864827236533
49.58,-0.10847961695554255
49.584,-0.031381270360514135
49.588,-0.12145630426132281
49.592,-0.0071507511338991525
49.596,-0.22057558545683242
49.6,-0.371963664842655
49.604,0.11687522115057343
49.608,-0.025307212979053584
49.612,0.2547860818088985
49.616,0.9270880608317005
49.62,1.2133411496764053
49.624,1.2437867818261752
49.628,1.25696945006198
49.632,0.9720597273872228
49.636,1.029314771612868
49.64,0.6673498004925864
49.644,0.8553049582342505
49.648,-0.045132737116557325
49.652,0.22281057419086972
49.656,-0.3823641201799092
49.66,-0.009168082784056397
49.664,-0.6502691300205912
49.668,-0.5468408603495447
49.672,-0.5517419414047022
49.676,-0.1178250894925913
49.68,-0.021751087785521844
49.684,0.5645441745444458
49.688,-0.04933951360191703
49.692,0.18874066603165554
49.696,0.02797036401017089
49.7,0.16734924321362435
49.704,0.04240056856938589
49.708,0.262208504047417
49.712,-0.25985784295009
49.716,-0.6053106982044738
49.72,0.10606314922542409
49.724,-0.44538491801657276
49.728,0.3319417153211008
49.732,-0.13890957461919679
49.736,-0.26587764208886855
49.74,0.6810558252427923
49.744,0.016915088299741303
49.748,-0.03181334239997993
49.752,0.19637953679595532
49.756,0.21584961954664572
49.76,0.2993262805290073
49.764,-0.314851825393317
49.768,0.16414311122429606
49.772,-0.03036935101602052
49.776,-0.16944847819777337
49.78,0.04850097123794336
49.784,-0.3941340748388747
49.788,0.29654739641365013
49.792,-0.006497155277015887
49.796,-0.050233260483816364
49.8,0.05851013579483881
49.804,0.08107825037154595
49.808,0.4019572947258844
49.812,-0.1546867824699959
49.816,0.04358883892282921
49.82,0.08923253073532421
49.824,-0.096951926877862
49.828,0.23035099253800426
49.832,0.010306605763295479
49.836,-0.17113106846734805
49.84,0.3606933510667817
49.844,0.6214102895438869
49.848,0.25660122117024925
49.852,0.2299344572730741
49.856,0.2463337479916553
49.86,0.1490606597367626
49.864,0.5910519594165609
49.868,0.3276427526652636
49.872,-0.2491923151060803
49.876,0.5943903636816054
49.88,0.5393684370090642
49.884,0.44644112767791005
49.888,-0.41288895699382044
49.892,0.3060918214009315
49.896,0.510703745265201
49.9,0.36141256315244313
49.904,0.29288259735305533
49.908,0.4712187623857652
49.912,0.26547713910721943
49.916,0.5234213135043734
49.92,0.22792998479454643
49.924,0.2105884743134073
49.928,0.39922004809871636
49.932,0.06414603792027172
49.936,-0.1252745958954492
49.94,0.13890796345869613
49.944,0.286769449336404
49.948,0.33729054846010614
49.952,0.32254907190424115
49.956,0.05310593645022722
49.96,0.029011327799835715
49.964,-0.09480677292884118
49.968,0.13042990319307649
49.972,-0.3609086474139091
49.976,0.05821833915990246
49.98,0.763805472951212
49.984,-0.35354191537366436
49.988,0.06185860665538006
49.992,0.1295966971232464
49.996,0.14661921085943583
50.0,-0.22151007232861677
50.004,0.1514649487347196
50.008,-0.11469702086809641
50.012,-0.344731043821084
50.016,0.25843284328992516
50.02,0.17064670576719285
50.024,-0.23233909314989307
50.028,-0.1344780851757936
50.032,-0.13225987326678962
50.036,-0.4159281440963226
50.04,0.17530715145378928
50.044,0.20770351476501864
50.048,-0.09245666720182957
50.052,-0.01754305182898483
50.056,0.04183709041176935
50.06,0.07114531897548414
50.064,-0.3400210368917927
50.068,0.09186826211779087
50.072,-0.28838879409532076
50.076,0.17708249433576126
50.08,-0.2609694707387648
50.084,-0.3202592023155782
50.088,-0.008780943595329547
50.092,-0.016700683361324842
50.096,0.014896481867096344
50.1,-0.23014283308283306
50.104,0.053929796995794484
50.108,0.07763448887947444
50.112,0.29933160394554803
50.116,0.03219731505043176
50.12,-0.16643794823363114
50.124,-0.34056101375798287
50.128,-0.3927636320027039
50.132,0.08260513419170679
50.136,0.1852014606621809
50.14,-0.21075239013052635
50.144,0.055595705237247064
50.148,-0.027627329249035115
50.152,0.18481101761753504
50.156,0.20596918014939208
50.16,-0.5456010191208338
50.164,0.26069775005568024
50.168,0.06472946081445301
50.172,-0.13345413782560614
50.176,-0.12113010049966758
50.18,0.013320512861432016
50.184,-0.13435382056541778
50.188,-0.23597724640859483
50.192,-0.17509234717699046
50.196,-0.25304563408906555
50.2,0.3445366926767971
50.204,0.018628348884924494
50.208,0.5623510412440167
50.212,0.09374319552983404
50.216,0.1455685549413022
50.22,-0.24480661485674127
50.224,-0.040263063779573435
50.228,0.04404168785386462
50.232,-0.12013233358895017
50.236,-0.06864909543268236
50.24,0.16476820770339864
50.244,0.17422328661281444
50.248,-0.24387364709912762
50.252,0.1699773092878744
50.256,0.2534440140303286
50.26,-0.007496667213028968
50.264,-0.02925636174599583
50.268,0.2505276406879817
50.272,-0.49519752646285065
50.276,0.16599158896591534
50.28,0.5511461390227734
50.284,-0.5104265692331071
50.288,0.3403286460473035
50.292,0.2537031629185773
50.296,-0.26173747820831367
50.3,0.20969872965179764
50.304,0.3229471334352751
50.308,-0.22837757531619962
50.312,-0.11660971719578474
50.316,0.028226884415815938
50.32,0.28946092927794276
50.324,-0.11801123538356569
50.328,0.013164714419985478
50.332,-0.16351471912595494
50.336,-0.0031044160543312526
50.34,0.253094927148232
50.344,0.026110514699381526
50.348,-0.0822667581542581
50.352,-0.006736099352991185
50.356,-0.20197524886716833
50.36,-0.2370187596834938
50.364,0.3011014312519162
50.368,0.41235119515143753
50.372,-0.4166994797973973
50.376,0.14548786456974147
50.38,0.2077932756636369
50.384,-0.2981030416599288
50.388,-0.11059736894523178
50.392,-0.14127261485565243
50.396,0.4766931689401033
50.4,0.4274574268582946
50.404,-0.21843403075171683
50.408,-0.3712122298452001
50.412,0.17320275324223006
50.416,0.11011238271036486
50.42,0.247529169617199
50.424,-0.34755174458683596
50.428,0.05981588849419561
50.432,-0.30128536564473773
50.436,0.03057517403655688
50.44,-0.12621221890081935
50.444,0.42459668606517154
50.448,0.13435037242423642
50.452,0.059805100840208236
50.456,0.3509177745327474
50.46,0.46879389516702874
50.464,0.437302280061595
50.468,1.3781811814493672
50.472,1.3842511531696196
50.476,0.937360766952558
50.48,1.0681471877026263
50.484,1.2293143626130885
50.488,0.7930339837200935
50.492,0.21082621374588256
50.496,0.10840233223641028
50.5,-0.42602054257574934
50.504,0.07866644566217655
50.508,0.12298200275617324
50.512,0.09296671256066591
50.516,-0.08121001420565702
50.52,-0.12333923515189273
50.524,-0.4133056382470327
50.528,-0.02089309262064136
50.532,-0.20933074594057818
50.536,0.10249389323446176
50.54,-0.19373218379690216
50.544,0.12897467024684758
50.548,0.33363820014323525
50.552,0.09185746294255777
50.556,0.08100034059973524
50.56,0.22613548505834147
50.564,0.44189950415986834
50.568,-0.02030939698522971
50.572,0.11399049072863407
50.576,0.3844624975385852
50.58,0.16340248721029063
50.584,-0.49800007362017307
50.588,-0.1870600320488556
50.592,0.19341619745370486
50.596,-0.08588663387096031
50.6,0.37857647411645495
50.604,0.4695320369037802
50.608,-0.12304674915030171
50.612,-0.2222181761548613
50.616,-0.06601042062597355
50.62,-0.07010203229777018
50.624,0.40408563678878157
50.628,-0.22014425366302304
50.632,0.2436994787276988
50.636,0.4204700665132498
50.64,0.2721920676360836
50.644,0.21946272876918388
50.648,0.057346892693995115
50.652,0.5561666956924451
50.656,0.07083671739826572
50.66,0.35708603715498083
50.664,0.10994615838570024
50.668,-0.3091649572461535
50.672,0.09403133734326746
50.676,0.16011583546035016
50.68,0.16556718480614427
50.684,0.07034194132659474
50.688,0.37806796311573754
50.692,0.41340440776639487
50.696,0.1754730227257818
50.7,0.2179415154286206
50.704,0.02280383748034004
50.708,0.3543221893485458
50.712,0.6419597260911285
50.716,0.6360763542720682
50.72,0.17659093633652218
50.724,0.8023782960633206
50.728,0.2120976770144121
50.732,0.05196118032805869
50.736,-0.061838950290300454
50.74,0.0069992395321786804
50.744,0.35771460066901534
50.748,0.21266899132289435
50.752,0.08521752002022948
50.756,0.03163492283455291
50.76,-0.04242173767908525
50.764,-0.02068463965233802
50.768,0.4521183807596867
50.772,0.6451586219562985
50.776,0.6258104030838517
50.78,0.3457830783459859
50.784,0.027317324877762228
50.788,-0.031566928478928585
50.792,0.3078048095859384
50.796,0.033584032990524676
50.8,0.1907185064907876
50.804,0.5693958072174822
50.808,0.12062159102679992
50.812,0.6348965863622417
50.816,-0.2356916485125845
50.82,0.1636966482254152
50.824,0.12414748153231345
50.828,-0.22794096927578303
50.832,0.2300794802778915
50.836,0.39179590764111116
50.84,0.5523109040903798
50.844,0.11365031799689518
50.848,-0.4332660186954447
50.852,0.138273154492011
50.856,0.20856466330029544
50.86,-0.04532612125065272
50.864,0.06175622216465131
50.868,-0.1071849572757568
50.872,-0.03608525370911452
50.876,0.2620140166516608
50.88,0.3613222621131816
50.884,-0.3089006523785851
50.888,-0.11402760525781486
50.892,-0.3942333533235737
50.896,0.4773049525240016
50.9,0.21622040125006511
50.904,-0.47861679748898034
50.908,-0.010056024129802723
50.912,-0.07445060180176936
50.916,-0.20058892245906887
50.92,0.2511265832531918
50.924,0.24385300034197224
50.928,0.06654801494273642
50.932,-0.17310069905167774
50.936,-0.1453472716524437
50.94,0.012115292285186841
50.944,-0.11356398620291368
50.948,-0.01309619004983997
50.952,0.13183898007332406
50.956,-0.4055795036278278
50.96,-0.1733636976174472
50.964,-0.02259745372675706
50.968,0.37791919160638837
50.972,0.2254664740107462
50.976,0.0029805476520873633
50.98,0.10178515138242929
50.984,-0.02197287458881164
50.988,0.27884523029611497
50.992,0.10943726241119274
50.996,0.30426494298466034
51.0,-0.3315024279772154
51.004,-0.19732353865166471
51.008,0.0803597368661838
51.012,0.11088968853980866
51.016,0.5927971614965317
51.02,-0.4480036777356412
51.024,-0.017690024021150184
51.028,-0.04296284753996854
51.032,0.06151952797323843
51.036,0.44242377805276845
51.04,0.21806261758373166
51.044,-0.3950297377132856
51.048,0.3883088397183531
51.052,0.37795163877991783
51.056,0.06935353438083129
51.06,-0.3874547261549955
51.064,-0.0421961093729464
51.068,0.13289794529701407
51.072,0.24894453097411656
51.076,-0.43409102850266656
51.08,-0.15755750892229922
51.084,0.2930639349182061
51.088,0.4132796277148104
51.092,0.18276346483210215
51.096,0.36165090440682984
51.1,0.18459385673504397
51.104,0.3277312725918561
51.108,0.14157684396695785
51.112,0.2535912597540838
51.116,-0.18321822188640274
51.12,0.3113925914797667
51.124,-0.15841814369693438
51.128,0.31340639768491857
51.132,0.02972165892027312
51.136,0.23513098459069373
51.14,-0.10347363880651453
51.144,-0.015624727642460895
51.148,0.20635845325109486
51.152,0.2907322804028343
51.156,0.34891303376132776
51.16,-0.2029225471070613
51.164,-0.3170014182504488
51.168,-0.210686810738637
51.172,-0.21706923293917701
51.176,0.4112383737884282
51.18,0.35488676328020347
51.184,-0.24120410307733983
51.188,0.44269310543733253
51.192,0.32129809700667233
51.196,-0.4076700082302465
51.2,-0.2566321721336908
51.204,-0.41825603548357815
51.208,-0.009965756591192462
51.212,-0.007653997477275023
51.216,0.0038438966578281083
51.22,-0.5056008047098738
51.224,-0.3579535855056781
51.228,0.07477663536230697
51.232,0.14054482205271548
51.236,-0.49925918959436216
51.24,-0.33272641598777747
51.244,0.2505116765114969
51.248,-0.31960387769221454
51.252,-0.007183423758734752
51.256,-0.3364182953611886
51.26,0.22170565529210112
51.264,-0.5091998549800796
51.268,-0.0898734272987271
51.272,0.18587978751893836
51.276,0.09172715947439383
51.28,-0.20344609575838696
51.284,-0.3002066414547364
51.288,-0.21780278568088923
51.292,-0.45863843988515407
51.296,-0.11230928774703525
51.3,-0.0453596458398656
51.304,-0.0012690900657615911
51.308,0.45342219102919257
51.312,0.1087033566656892
51.316,0.14320317828513734
51.32,0.6457597482796378
51.324,0.9751808718116632
51.328,0.9732892862223461
51.332,0.9192010139938583
51.336,0.5311193045809592
51.34,0.3965027512029333
51.344,0.30074478964525375
51.348,0.09492608613156842
51.352,0.3357442273549598
51.356,0.02403872232108218
51.36,-0.27835329082718263
51.364,0.04283553703688439
51.368,-0.12361567104267433
51.372,-0.5788097927476439
51.376,-0.9803896125800136
51.38,-0.44698809621585944
51.384,0.06592791212462117
51.388,0.19907133924590398
51.392,-0.41465513513850805
51.396,0.15367650055734347
51.4,0.14359033772031338
51.404,0.3274174848943744
51.408,0.24219118892768346
51.412,0.3293863374984633
51.416,0.12771408420776814
51.42,0.11001787656196357
51.424,-0.08959244784211207
51.428,0.20267356125362196
51.432,-0.342010350152125
51.436,-0.03513525621918777
51.44,0.1340579925077349
51.444,0.35994116652271574
51.448,-0.10851613431663061
51.452,0.24312599753710434
51.456,-0.023405389028369313
51.46,0.2632160335307155
51.464,-0.1635670179043015
51.468,0.20994120919173478
51.472,0.007832730109642964
51.476,-0.2645686703303548
51.48,0.010831548156749762
51.484,0.3809554549585645
51.488,-0.18801369893218906
51.492,-0.28797096318061566
51.496,0.16919321841525437
51.5,-0.3259779908073145
51.504,0.4954064388044589
51.508,0.4999882801940831
51.512,0.3789569028780857
51.516,0.1302419075448739
51.52,0.5614611036252939
51.524,0.49577149220800676
51.528,0.038378052713960026
51.532,0.5531594379976731
51.536,-0.026631588235905307
51.54,0.17796347102517027
51.544,-0.21150952696033867
51.548,0.2870908524556258
51.552,0.18419083352034732
51.556,0.15862987331921605
51.56,0.2361622364384152
51.564,0.15047271039037577
51.568,0.2993907098943923
51.572,0.6220846543007641
51.576,0.02108329705352141
51.58,0.5226264167752368
51.584,0.3464408484902105
51.588,0.3790979179701579
51.592,0.2702740971548776
51.596,0.09074512164986745
51.6,0.38002631952519295
51.604,0.40824485878549144
51.608,0.04567349706450721
51.612,-0.11687429843432098
51.616,0.25160212700005397
51.62,0.39029580827921934
51.624,0.45789011508522326
51.628,0.48057942464501374
51.632,0.259529933255668
51.636,0.10120850165111571
51.64,0.14660954831496242
51.644,-0.19589604993002868
51.648,-0.06732129765019022
51.652,0.07083481216264197
51.656,0.04975682472921632
51.66,0.09397018853733688
51.664,-0.2623648555839494
51.668,-0.23263765502143813
51.672,0.2354099330935146
51.676,-0.16321919342391977
51.68,-0.1340160618932475
51.684,0.06423178930669415
51.688,-0.1973251075926257
51.692,0.2935455831433848
51.696,-0.3095989715895658
51.7,0.004110677981496765
51.704,-0.19708376950671502
51.708,0.04681203099897017
51.712,-0.1159677842183359
51.716,-0.010484296351773385
51.72,0.29816940327246777
51.724,-0.16766179918589774
51.728,-0.1768179102373225
51.732,-0.07840146342927547
51.736,0.36694042840880997
51.74,-0.018315171645536112
51.744,0.3041552276815195
51.748,-0.04815345261426394
51.752,0.2793223552371356
51.756,0.101896709051802
51.76,0.13994287101249153
51.764,-0.36041008419088216
51.768,-0.37668964013438555
51.772,0.2693466640612352
51.776,0.26300133182819135
51.78,0.6104448353012968
51.784,-0.35029492997151557
51.788,0.12402350131261178
51.792,-0.27815698325012167
51.796,-0.1808062523752651
51.8,-0.13433739404770126
51.804,0.07637555006071746
51.808,-0.14902288494492055
51.812,0.023234051532590463
51.816,0.19896058419930063
51.82,0.2730096086409038
51.824,0.17475075698980153
51.828,0.10411641360043959
51.832,-0.03675836495671721
51.836,-0.14936426483753515
51.84,0.1307492157082936
51.844,-0.27677056501105113
51.848,0.038051369324429776
51.852,-0.2568812034476339
51.856,-0.011321215056594686
51.86,-0.2637892562777767
51.864,-0.09384777625820898
51.868,-0.16896600815752127
51.872,-0.18183718738003496
51.876,-0.03498939528308562
51.88,-0.5973143976194064
51.884,-0.4517107381342499
51.888,0.18981144353359283
51.892,0.05951461703134772
51.896,-0.156680225860039
51.9,0.2419333826990741
51.904,-0.15444127632124538
51.908,-0.14814369349170395
51.912,-0.1965555267008473
51.916,0.4690743706543405
51.92,0.05168275855334339
51.924,0.07585579724603006
51.928,0.12850719331375746
51.932,-0.4453103119035006
51.936,-0.13271121124535182
51.94,0.1477058365246683
51.944,0.025859307774445183
51.948,0.5970564359135736
51.952,-0.07940076908868907
51.956,0.32913118872727226
51.96,0.2798961963958976
51.964,0.1331204471809191
51.968,0.18310216641035876
51.972,0.052437444007952805
51.976,-0.35522542119802103
51.98,0.24524272764090274
51.984,0.2548863129340808
51.988,0.2903194338546349
51.992,0.1611364956309606
51.996,0.37163883545845244
52.0,-0.07043331415329304
52.004,0.46982378195423513
52.008,-0.148522191899021
52.012,0.06112393589220641
52.016,0.229862121089227
52.02,-0.0741468204159384
52.024,0.22373033837099296
52.028,-0.051264007485106136
52.032,0.05414010089244245
52.036,-0.029558564516534762
52.04,-0.14364397133594667
52.044,0.5897600130766975
52.048,-0.19845785992904236
52.052,-0.5837358287973311
52.056,-0.20276373014546048
52.06,0.01859211945899588
52.064,-0.08570540343994797
52.068,0.25495066174616465
52.072,0.24588910130309266
52.076,-0.08785156349940282
52.08,-0.42361957956148966
52.084,-0.31286575537871203
52.088,0.002533543173883058
52.092,-0.3826502888012119
52.096,-0.1074637848904586
52.1,0.3534579365396085
52.104,0.08819089444550073
52.108,0.0038329577695085312
52.112,-0.27770315298182496
52.116,0.029523307108948797
52.12,-0.058219474352254386
52.124,0.02711386343368804
52.128,0.14001550445729566
52.132,0.14932283628003507
52.136,-0.07860453064421223
52.14,-0.01290035464753711
52.144,-0.2661440439215367
52.148,0.15682649399785945
52.152,-0.30715638355795444
52.156,-0.05686930729513523
52.16,0.39240793824189635
52.164,0.11657049490744648
52.168,0.06459569556955835
52.172,0.49883687326626136
52.176,1.1565561506070292
52.18,0.3760941252713216
52.184,1.0219306573559073
52.188,0.7965627960546569
52.192,0.7439137727262428
52.196,0.5151707182407225
52.2,0.6426914418189504
52.204,0.23726612821045573
52.208,0.3374857709370972
52.212,0.25643190127793536
52.216,-0.15585603542415596
52.22,-0.30231472198377307
52.224,-0.14246966812897865
52.228,-0.09414145895804524
52.232,-0.46340859189067984
52.236,-0.03403689069373681
52.24,-0.13076552905467326
52.244,-0.12891108021179254
52.248,-0.17043012758007303
52.252,-0.13583972965323798
52.256,0.3154459713855218
52.26,-0.07813239515718993
52.264,0.2789053080959501
52.268,0.03420935831503368
52.272,-0.2860610432066485
52.276,0.030884833005078972
52.28,-0.31038384361791055
52.284,0.15943582863914652
52.288,-0.043203068598879235
52.292,0.20872133030233087
52.296,0.38064285745700127
52.3,-0.43663018823844896
52.304,-0.10245592265577953
52.308,-0.2939298786058045
52.312,0.555982622600568
52.316,-0.08249867776984754
52.32,-0.29882139681712533
52.324,0.5939357563227746
52.328,-0.14389805820006382
52.332,-0.3806183240191088
52.336,-0.23416645235906774
52.34,0.0765959348988497
52.344,0.06992120775376003
52.348,-0.1439753786969415
52.352,-0.03937314310647089
52.356,0.09750305975547685
52.36,0.4299781008267112
52.364,0.21235987977387893
52.368,-0.027937933289935143
52.372,0.08222210889273038
52.376,0.334660256181861
52.38,0.5944890774326785
52.384,-0.10116243534169875
52.388,0.4756928525101659
52.392,0.11966382989829483
52.396,-0.16811327154060318
52.4,-0.2164917690791664
52.404,0.5857482317286782
52.408,0.633915084576186
52.412,0.11773236015873609
52.416,0.22215542524509674
52.42,-0.15528984415033242
52.424,0.46704583269419647
52.428,0.27426447394064113
52.432,-0.09650261591042397
52.436,0.33951528378784934
52.44,-0.05300870576658262
52.444,0.4385614595317632
52.448,0.025132196964857023
52.452,0.38337186979939625
52.456,0.10864049541718149
52.46,-0.328042143734022
52.464,0.4991262981108405
52.468,0.503745367123518
52.472,0.09800675388464403
52.476,0.2883528428233743
52.48,0.3149149651686315
52.484,0.30447738609660163
52.488,0.6136383016649005
52.492,0.2572598809565084
52.496,0.043258606119454535
52.5,0.22776224162649647
52.504,0.003790134264448214
52.508,-0.17712593443472768
52.512,0.3874276448401357
52.516,0.20010962903819374
52.52,-0.3938115393258008
52.524,-0.10818327195965138
52.528,0.22280677436847263
52.532,-0.3536908600442349
52.536,-0.1326571943265097
52.54,0.7032737594607443
52.544,-0.05164703770945529
52.548,0.2862477313261936
52.552,0.39644057539355537
52.556,-0.21204371297125316
52.56,0.07110796939054709
52.564,0.5199380605697763
52.568,0.11840201533069943
52.572,0.5831153802604414
52.576,-0.16716585320649283
52.58,0.45148259622638426
52.584,-0.0009951128330633633
52.588,-0.08227912340430385
52.592,0.14597912961003942
52.596,-0.018283547857989565
52.6,0.0008684073044098878
52.604,0.1324935821615095
52.608,-0.439928471489101
52.612,-0.19287491980006463
52.616,0.18371237204120291
52.62,0.24904261990844626
52.624,0.0803798402489769
52.628,0.07602864579037608
52.632,0.1070098590426086
52.636,0.2349046344843542
52.64,-0.35123554817540054
52.644,-0.13426392786370228
52.648,-0.024878465860409878
52.652,0.05672067859414432
52.656,-0.5230887806092481
52.66,-0.31665686222950357
52.664,-0.007634044498173245
52.668,0.2550385101435649
52.672,-0.12310956373675311
52.676,-0.17429593843701882
52.68,0.11952156211865962
52.684,-0.08189008699191638
52.688,0.23112763544203746
52.692,-0.05052786979470755
52.696,-0.2838585603512873
52.7,0.3481949688798243
52.704,0.30197903876795223
52.708,-0.21851623276971088
52.712,0.10022185585172803
52.716,-0.07863728328033155
52.72,0.13534366296840283
52.724,-0.22803873580622733
52.728,0.22170353172780613
52.732,0.30009529537506385
52.736,-0.22614543458559722
52.74,0.03159419134622902
52.744,0.3288922314063123
52.748,-0.24319399243367584
52.752,-0.14382167366648296
52.756,0.20917630764041348
52.76,0.01000437082899295
52.764,-0.3269990371492976
52.768,0.005157439091726848
52.772,0.527808133545382
52.776,0.6304016388185196
52.78,-0.02820488673264185
52.784,-0.09124642560306714
52.788,0.037117831025810274
52.792,0.5777482420609092
52.796,0.3545147315819802
52.8,0.5218410924894205
52.804,0.3813869261364655
52.808,-0.2091170008715684
52.812,-0.11980120022541266
52.816,-0.06920623015423935
52.82,-0.04526907387745456
52.824,-0.07499727794670137
52.828,-0.07523005966471956
52.832,0.2009322447914831
52.836,0.05835594388963962
52.84,0.33844611878932435
52.844,0.07547472213353718
52.848,-0.13183889254515668
52.852,0.062431324587740186
52.856,-0.3646678135599841
52.86,-0.5704245694397748
52.864,0.1753039989392233
52.868,0.23270811160126967
52.872,0.0072883263371533915
52.876,-0.08670832605260625
52.88,-0.3200054608765248
52.884,0.27963972292773176
52.888,0.10509205918924512
52.892,0.07454794756295881
52.896,0.0036902491258514036
52.9,-0.11589715049400781
52.904,-0.27890641322731646
52.908,0.0446603446279056
52.912,-0.1383939572167869
52.916,-0.10832609552392122
52.92,0.4236383548620113
52.924,-0.03247813269498781
52.928,-0.6114296087511036
52.932,-0.13613420664794196
52.936,-0.2835042632096363
52.94,-0.08615669163548367
52.944,-0.4438752094563187
52.948,-0.014303420220511426
52.952,-0.21127490034594526
52.956,-0.2575875287555831
52.96,-0.0688669707004042
52.964,-0.07124339861628252
52.968,-0.017646509738702396
52.972,0.09987984620048267
52.976,0.2840236900296907
52.98,0.5359965331013521
52.984,0.7161695233621436
52.988,1.1093548408661587
52.992,0.8348799525533326
52.996,1.0718222817784122
53.0,1.5520189689019643
53.004,0.7359669554328664
53.008,0.5465534623178978
53.012,0.033766343798044385
53.016,0.012249975188608153
53.02,-0.006987504227533296
53.024,0.07445166995549576
53.028,-0.015845874667445997
53.032,-0.16151139211681093
53.036,-0.047711867019711474
53.04,-0.4763877399551826
53.044,-0.038313673261882536
53.048,-0.1188298458631624
53.052,-0.0249918210590961
53.056,-0.11061837144035788
53.06,-0.23378669311406478
53.064,-0.30016116966549283
53.068,0.09391511911616518
53.072,0.11891101782414429
53.076,-0.027504926458508622
53.08,-0.024700203940318397
53.084,-0.17950050271093024
53.088,0.13181646470817437
53.092,0.02272652524105094
53.096,-0.10358244457080837
53.1,0.2171246187325948
53.104,0.16440997212861078
53.108,-0.38118612261581963
53.112,0.028313012212592005
53.116,-0.2309076943640917
53.12,0.04912881976809429
53.124,-0.7767224753576437
53.128,0.07945011944221123
53.132,0.21284245727849124
53.136,-0.0027738815895749468
53.14,-0.22944253731339664
53.144,0.5206055802937997
53.148,0.3449559148045147
53.152,-0.08885718537631608
53.156,0.004253783591555288
53.16,-0.4173138988211228
53.164,0.1892946572943599
53.168,-0.2516483807606438
53.172,0.2889430198956976
53.176,0.36446831730717466
53.18,0.11569583470412403
53.184,-0.11983421365308539
53.188,0.4688769758682197
53.192,0.15469225180167576
53.196,0.2175983396508981
53.2,-0.032270513217013214
53.204,0.27403995958923477
53.208,0.18011301108826924
53.212,-0.08983461061448955
53.216,0.5926082708471869
53.22,0.6949513816833832
53.224,0.5450630924564028
53.228,0.4968210154953052
53.232,0.7278482934935897
53.236,0.046346107942365156
53.24,0.03616750726809481
53.244,0.19398966613413327
53.248,0.3780212369444567
53.252,0.23008424391887894
53.256,0.03650050497643004
53.26,0.29724303474841773
53.264,0.24256453006454765
53.268,0.48255151350817715
53.272,0.2781224626173215
53.276,-0.22272433286269483
53.28,0.30839900265428966
53.284,0.6151070981992872
53.288,0.20195336197581662
53.292,0.45205424030975033
53.296,0.04772499046028045
53.3,0.3166026198562356
53.304,-0.0491705227599106
53.308,0.07753567019047705
53.312,0.06229496161985545
53.316,0.2559274873814132
53.32,-0.09719148645498944
53.324,-0.26928081842926643
53.328,0.21316468102959155
53.332,0.1767333914418156
53.336,0.08415207987704972
53.34,0.28021928117344913
53.344,-0.005319652721600204
53.348,0.07841511160219436
53.352,-0.05721595284638125
53.356,-0.03698873820485402
53.36,0.10468757049787786
53.364,0.5689141861808115
53.368,0.1985516220143238
53.372,0.13366480227767913
53.376,0.2207353437275242
53.38,-0.5817288684989985
53.384,0.06542219910146876
53.388,0.23054396546871958
53.392,0.034017245169655964
53.396,-0.005916423814683559
53.4,-0.24168369741145626
53.404,-0.11323774741634156
53.408,-0.20977614232711012
53.412,0.246605872882175
53.416,0.36368019738251595
53.42,0.4837416554033319
53.424,-0.22534549486095606
53.428,-0.15724560570778665
53.432,-0.17643976618461174
53.436,-0.26446920976215693
53.44,-0.2576229016645948
53.444,-0.13299569027670352
53.448,0.2183825101319547
53.452,-0.17683393568470784
53.456,0.2679409434281881
53.46,0.3462928811453109
53.464,0.08683305578090895
53.468,0.3079005890663549
53.472,-0.3533299590350589
53.476,-0.15563157470678732
53.48,0.06371674561273856
53.484,0.06090830719390501
53.488,0.3593748597938893
53.492,-0.2452197330972775
53.496,-0.1326352038753783
53.5,-0.016913211074955487
53.504,-0.13338023946046373
53.508,-0.2501043108961586
53.512,-0.12438606373291447
53.516,-0.07041433948504573
53.52,0.34497780688091745
53.524,-0.25743503868518625
53.528,0.21647150481200944
53.532,0.3134610442754635
53.536,-0.1419326212189485
53.54,0.06782476965453951
53.544,0.13748005207070893
53.548,0.11824726200027859
53.552,0.03130824417507843
53.556,-0.1823646193992498
53.56,0.16397029242102998
53.564,-0.10099370762688335
53.568,-0.004133829624404007
53.572,0.043929918152162996
53.576,0.2230829700709762
53.58,0.48265581352726583
53.584,-0.1872200017948043
53.588,-0.005182805487567246
53.592,-0.37206506738100537
53.596,0.3843475296069906
53.6,0.009813810528109819
53.604,-0.044763713337826694
53.608,0.03107666173891893
53.612,0.0596388068895515
53.616,-0.14508476341761756
53.62,0.3386021471069387
53.624,0.23190946040374377
53.628,0.27039138704745824
53.632,-0.08349715654369008
53.636,-0.09815782060307339
53.64,0.10704890787884985
53.644,0.33388338078344215
53.648,0.2791124016217539
53.652,-0.040070352598160136
53.656,0.3280041558278738
53.66,-0.10063692820004183
53.664,-0.03672623629981844
53.668,0.18058111712502178
53.672,-0.16953337608252436
53.676,-0.13683341648428632
53.68,0.4898555626001698
53.684,0.42454453445222273
53.688,0.6447322745049859
53.692,0.15542311811294168
53.696,0.21251232739660086
53.7,-0.0070452111584046115
53.704,-0.05312504148494655
53.708,0.24481869774011347
53.712,0.3594964368212098
53.716,0.20392377231574382
53.72,-0.19723025445095485
53.724,0.11270111335270672
53.728,-0.1841154231051525
53.732,-0.07763302963459268
53.736,0.41706466920614
53.74,-0.30462617036922635
53.744,0.5576173406224365
53.748,0.12073574381820174
53.752,-0.11609081599663339
53.756,0.013044285633448446
53.76,-0.17762411122489782
53.764,-0.13366359731466693
53.768,0.00707416316474198
53.772,-0.06071741485123466
53.776,-0.24681303487568823
53.78,-0.06509973465822588
53.784,-0.3400240395480603
53.788,-0.3189951526009741
53.792,-0.31890988521612873
53.796,0.40254921071545935
53.8,0.07404001316389083
53.804,0.06723612737909476
53.808,-0.09970157204949445
53.812,-0.014037448548516851
53.816,0.15017603254306658
53.82,-0.013812837459373159
53.824,0.31371275755500905
53.828,0.004629630891914826
53.832,0.24366928022705397
53.836,0.391323202174943
53.84,0.16562779445541184
53.844,0.6183558227731759
53.848,0.3352428182933958
53.852,0.8943429644830498
53.856,0.9310421059908464
53.86,0.852012866771156
53.864,0.7011642685473427
53.868,0.7157560218066807
53.872,0.19529111068336621
53.876,0.6831710195496341
53.88,0.20765066146699748
53.884,-0.25209992461078606
53.888,-0.010613635308535763
53.892,0.023386919332411632
53.896,-0.13603958602834848
53.9,-0.483628651695228
53.904,0.37844673524808736
53.908,0.034594205926235994
53.912,-0.3659110159667551
53.916,0.016628379995299404
53.92,-0.08113126821472832
53.924,0.022917667300180085
53.928,-0.313111542778418
53.932,0.012939245251230195
53.936,-0.2153825861909201
53.94,-0.09319886170923812
53.944,0.08784256687603066
53.948,-0.12251465500117384
53.952,-0.06014222349660564
53.956,0.18938280604055813
53.96,-0.2053031798957694
53.964,-0.14588564500407808
53.968,-0.3018822046950678
53.972,-0.1961578565966157
53.976,0.04529370837326928
53.98,0.18667390465174383
53.984,-0.20366797516976837
53.988,0.17830109842168232
53.992,0.04120330381073769
53.996,-0.3106459615492475
54.0,0.06929354420452172
54.004,0.3431991810289122
54.008,-0.44446790745871045
54.012,0.5357349169317102
54.016,-0.0942617964270055
54.02,-0.3294334858661825
54.024,0.11830077026781652
54.028,0.3020828355988067
54.032,0.03901431007409531
54.036,0.18671327993770637
54.04,0.6617760290595421
54.044,0.18489516610365794
54.048,0.895778962549719
54.052,0.48190978901691445
54.056,0.18960686589153053
54.06,0.2689257532339574
54.064,0.12862426164397134
54.068,0.28027206531018206
54.072,0.37725251620296846
54.076,0.15127717165089838
54.08,-0.09376515729894092
54.084,0.6069596247105167
54.088,0.5197319568342154
54.092,-0.06372560671892996
54.096,0.33022501545392086
54.1,0.5651637049806927
54.104,0.5402676246508235
54.108,0.11575900625856705
54.112,0.5485836836189424
54.116,0.3122256070494362
54.12,0.37605755650233713
54.124,0.0424918830690173
54.128,-0.7847249149904332
54.132,0.054494204614148
54.136,0.3767690432282087
54.14,0.17637445361906798
54.144,0.3945654150728689
54.148,0.4802151406851885
54.152,0.11079039057914247
54.156,0.06701961217556045
54.16,-0.368013853744454
54.164,-0.24264274699822724
54.168,-0.21019529593223402
54.172,0.2500271331573093
54.176,0.03920757118966178
54.18,-0.025736909911902223
54.184,-0.06101478034812023
54.188,-0.12933173152850536
54.192,0.29675761824839253
54.196,0.1068506622099159
54.2,0.2959358528429719
54.204,-0.5101373506657364
54.208,0.17033045626609936
54.212,-0.08402115606817398
54.216,-0.03863000355569578
54.22,0.3543009863560044
54.224,-0.08484296048336659
54.228,0.13525134856769067
54.232,-0.24928949319542032
54.236,0.006862207363113458
54.24,-0.3714892517815606
54.244,-0.011766648004894348
54.248,0.09814893452611635
54.252,0.277611077703392
54.256,-0.20195788604871112
54.26,-0.12528987505710118
54.264,-0.16365405595600402
54.268,-0.05053901187165415
54.272,-0.23379086368605667
54.276,-0.5402907531627363
54.28,-0.2666396650122845
54.284,-0.000862523264100308
54.288,-0.038249235999698476
54.292,0.12589760350652132
54.296,0.22097768277417018
54.3,-0.11949056367352064
54.304,-0.3876323750743325
54.308,0.0757474251403637
54.312,-0.006077377201680335
54.316,-0.052966928363263006
54.32,0.30518898002765366
54.324,0.11864057560501459
54.328,0.021721158449744087
54.332,0.04445902311756616
54.336,0.21247164445202124
54.34,-0.16994966090851196
54.344,-0.19965846323666564
54.348,-0.04548541100186439
54.352,-0.28656236966816906
54.356,-0.0033074377504946507
54.36,0.015146995663194844
54.364,-0.021912239769930487
54.368,-0.10567991130636367
54.372,0.4005569693166383
54.376,0.22630009853551056
54.38,-0.024576083678429887
54.384,0.011007031953923552
54.388,0.34369461694052034
54.392,-0.1476784532667934
54.396,-0.2527409218020835
54.4,0.0719821374329811
54.404,0.09023528104257168
54.408,0.13330808777941927
54.412,0.184418495787376
54.416,-0.18453362305573487
54.42,-0.36402575980788837
54.424,-0.15256965374242953
54.428,0.16377299384675403
54.432,-0.2335716223435991
54.436,-0.49386461281909977
54.44,0.04201510363267006
54.444,-0.1435792700224763
54.448,-0.4274815723031251
54.452,0.013786174281817956
54.456,-0.09869188106697985
54.46,0.4207401443674046
54.464,0.04401614696855344
54.468,0.16360468574313147
54.472,0.011621256861093656
54.476,-0.11262932958343838
54.48,-0.0755498423214088
54.484,0.3335575881920869
54.488,0.25306771584716004
54.492,-0.2877485435973777
54.496,-0.20822898040547583
54.5,-0.19460956410588748
54.504,0.4003861312752921
54.508,-0.2955613951005485
54.512,0.3304829839920507
54.516,0.2376994760675817
54.52,0.18547244484211176
54.524,0.022783628891711885
54.528,0.4444517665257529
54.532,0.15541327128278082
54.536,-0.24030560436763201
54.54,-0.2073490460696928
54.544,-0.3219151131578258
54.548,0.3883442594345884
54.552,0.4160124029939675
54.556,0.3150141103568078
54.56,-0.006363500304515095
54.564,-0.3279553768181211
54.568,-0.22812648099347022
54.572,-0.24553785858735874
54.576,-0.0011786341875874677
54.58,0.3370678006312506
54.584,0.34667088245400407
54.588,-0.11627614794591194
54.592,-0.5729297118516553
54.596,-0.2949529575290143
54.6,0.30080305498460236
54.604,0.059656954151418744
54.608,-0.08527140356242603
54.612,-0.11594777550132651
54.616,-0.18473586383039603
54.62,-0.30690330232238644
54.624,0.5251767966928265
54.628,0.40652429273876767
54.632,-0.20836045548820722
54.636,-0.43749394429070465
54.64,0.055662625994648524
54.644,-0.03637638095148236
54.648,0.15752703455469158
54.652,0.21303904167359047
54.656,-0.2916564146141231
54.66,0.2896173598736141
54.664,-0.15399830382776533
54.668,0.05059349244854364
54.672,-0.1788783415594215
54.676,0.08965640095186345
54.68,-0.7359898344652773
54.684,0.06478883669178656
54.688,-0.26378351782341275
54.692,0.0451824072566404
54.696,0.4528818182808066
54.7,0.07397965567481132
54.704,0.2137139270059265
54.708,0.5731150427622739
54.712,0.7369974339310735
54.716,0.700161666670042
54.72,1.035257516804769
54.724,0.9197627338833151
54.728,0.8536595668797297
54.732,0.3327104411223887
54.736,0.10368106230159072
54.74,0.13248981393485865
54.744,-0.027889366408618034
54.748,-0.13156570214526475
54.752,-0.3601881913509345
54.756,-0.14694068605414967
54.76,-0.4677567085897454
54.764,-0.2543349516209027
54.768,-0.23937417692416427
54.772,-0.11623305451771664
54.776,0.24615192179882994
54.78,-0.3726520035273215
54.784,-0.593052975483133
54.788,-0.14608270854843397
54.792,-0.2822839583114006
54.796,-0.7762069955156927
54.8,0.42715808271820266
54.804,0.15615434926686475
54.808,0.16673970038445352
54.812,-0.08638352570465585
54.816,0.11026896775094953
54.82,-0.09524403081153715
54.824,0.21347775096039384
54.828,0.0515193270750553
54.832,0.00941052539768803
54.836,0.011624972071623451
54.84,0.382747603621194
54.844,0.056633478251746874
54.848,-0.24236771347772468
54.852,0.1000427568961921
54.856,0.14259069422103024
54.86,-0.007487932506660546
54.864,0.01768913221490232
54.868,-0.21957975057421036
54.872,0.06532673388747656
54.876,-0.23393485694189042
54.88,-0.006074503428952924
54.884,-0.08642676647694414
54.888,0.3371921294696126
54.892,0.4819435156846777
54.896,-0.18075064625510773
54.9,0.1086214145071034
54.904,0.04746797040677106
54.908,0.2622539984620711
54.912,0.18170363336284057
54.916,0.08751242654493825
54.92,0.20596419620806955
54.924,0.1439485298888071
54.928,0.5964032465494007
54.932,0.03753471307686074
54.936,0.31247652358363537
54.94,0.39192152608326614
54.944,0.38576955315255235
54.948,0.2090183734246806
54.952,0.6343036243408438
54.956,-0.22548823317306987
54.96,0.029757445426012608
54.964,0.44620893454014865
54.968,0.06895398098445857
54.972,0.05204556200241864
54.976,0.1926303885697837
54.98,0.08805519760118372
54.984,0.4391366539923587
54.988,0.5044033930398742
54.992,0.2785097912308721
54.996,0.5256198196507118
55.0,0.22498918939528817
55.004,0.22169976718613998
55.008,0.22189959225009476
55.012,0.1933983247121417
55.016,0.20438386138478917
55.02,0.17730870770801255
55.024,0.17368297854433862
55.028,0.151693045124383
55.032,0.13413459627746843
55.036,0.11094892252504182
55.04,0.1174973046555329
55.044,0.10062768118239561
55.048,0.10585385083745572
55.052,0.08291002743693351
55.056,0.061120505418342165
55.06,0.05931242191213365
55.064,0.052807758644339876
55.068,0.0532043961572302
55.072,0.04856684200653801
55.076,0.028242557091962422
55.08,0.012911694536096656
55.084,0.0023689429357041693
55.088,0.005931247323652036
55.092,0.008349994795825908
55.096,0.0267172317931217
55.1,0.024685685067621376
55.104,0.017268070929328822
55.108,0.018457406343895217
55.112,-0.002166455334182662
55.116,-0.011264320272165167
55.12,-0.007003306071876884
55.124,-0.017952635609631288
55.128,-0.009277342083072961
55.132,-0.0036210926149881765
55.136,0.002770956084451678
55.14,0.0021963985567775273
55.144,-0.006258502521488147
55.148,0.006169714600829416
55.152,-0.006345143681194275
55.156,0.0003674817135737491
55.16,-0.010902600430613576
55.164,0.01103140475915404
55.168,0.00031388019047116634
55.172,0.006864711394713554
55.176,-0.012106889743171825
55.18,0.0017836149562436416
55.184,0.0057513213838389565
55.188,-0.020418910563973002
55.192,0.011694837411503138
55.196,-0.012484577161510978
55.2,0.0021157003831841215
55.204,0.01788163994957279
55.208,0.009552183730016317
55.212,-0.014897235991143568
55.216,-0.0017789037694731678
55.22,0.012335268683465978
55.224,-0.008167102547815955
55.228,-0.0035983679148784984
55.232,-0.003878539805683337
55.236,0.005700578531458564
55.24,-0.015369782492551687
55.244,0.006261208807219068
55.248,-0.006227871983223493
55.252,-0.00011317414833125397
55.256,-0.002248317890150137
55.26,0.005998515329734358
55.264,-0.0002085840329794499
55.268,0.014408175230939357
55.272,0.009902177969472629
55.276,-0.007937387983692238
55.28,0.013683986599214552
55.284,0.0032532395033008214
55.288,0.0018089133016026475
55.292,0.008681684459809016
55.296,-0.010058733966250972
55.3,-0.013186703517292404
55.304,0.0012697928757917562
55.308,-0.004392966102542912
55.312,0.023401472820366497
55.316,-0.003500236602931899
55.32,0.0066820322931871136
55.324,0.011197044691499576
55.328,0.025672711787122014
55.332,0.00880721731408949
55.336,0.009536595142678891
55.34,0.04816084024073614
55.344,0.0452829520486817
55.348,0.06445242519549423
55.352,0.0781661375845087
55.356,0.09408342561187516
55.36,0.0945303855639057
55.364,0.1059481349151206
55.368,0.10538356552674372
55.372,0.12625591751898757
55.376,0.14488511495445092
55.38,0.14192309982251683
55.384,0.13846656217762823
55.388,0.14751221866135716
55.392,0.15398017050127472
55.396,0.1304205751359512
55.4,0.10764900028871856
55.404,0.11806637905022588
55.408,0.08317110303321637
55.412,0.09126969415365366
55.416,0.060074735113064305
55.42,0.05114727893250604
55.424,0.05465028629029528
55.428,0.016130310785854397
55.432,0.011440554225156723
55.436,0.012563878125846209
55.44,0.009731475670943145
55.444,0.03405025274215027
55.448,-0.00378331255059739
55.452,-0.009723046129122536
55.456,-0.007251329614270722
55.46,0.003624964705545359
55.464,0.005706543177207051
55.468,-0.006608727884665597
55.472,0.00047515645910241994
55.476,0.019599908764590522
55.48,0.000432189454052783
55.484,0.003252613219107106
55.488,0.018911934720502056
55.492,-0.00696945966459039
55.496,-0.0076310299659642445
55.5,-0.004708804143628133
55.504,-0.005353114823730519
55.508,-0.018539825150045663
55.512,0.00014484681088531128
55.516,-0.001768132185192502
55.52,-0.01255369443851008
55.524,-0.022277588746802402
55.528,-0.04622437000815993
55.532,-0.09511898767873554
55.536,-0.1142018255181377
55.54,-0.1362564013885767
55.544,-0.1600833975729437
55.548,-0.1033419067210654
55.552,-0.0765456848848253
55.556,0.004174809674325451
55.56,0.12656567300048419
55.564,0.27508282190101035
55.568,0.45993266934028143
55.572,0.6612673828247486
55.576,0.8384613161828296
55.58,0.9705091686564112
55.584,0.9930804385020835
55.588,0.9174535777487923
55.592,0.7525938948332551
55.596,0.5435640095709919
55.6,0.3445107001392137
55.604,0.15590526772526503
55.608,0.04072039966552506
55.612,-0.08007807563900446
55.616,-0.1962740083786447
55.62,-0.22258477718164557
55.624,-0.2462858696305489
55.628,-0.22884214079193904
55.632,-0.17638973190038873
55.636,-0.11382783858979675
55.64,-0.0678793854360039
55.644,-0.0351880073241552
55.648,0.0063930989793385025
55.652,0.00042975879430971276
55.656,0.01985802869408176
55.66,0.002748238537808109
55.664,0.006730002189249117
55.668,-0.0075200507669034855
55.672,1.5311927345539392e-06
55.676,0.0013539065263370753
55.68,0.008982748141140987
55.684,0.003047138795835449
55.688,0.007994315598015209
55.692,0.008788186337937874
55.696,0.0040071159997162155
55.7,0.004674845884808781
55.704,0.004077618391113909
55.708,0.02401631358773588
55.712,0.013038029648940932
55.716,0.022719555978840046
55.72,0.021789623100437874
55.724,0.03851954221695955
55.728,0.013219986789645463
55.732,0.04205966671115166
55.736,0.03317840880803666
55.74,0.05713959265077088
55.744,0.06010861261707896
55.748,0.055984704031692874
55.752,0.08419294820434345
55.756,0.09394455068659145
55.76,0.10107927031347505
55.764,0.11478079768741516
55.768,0.1305443063172044
55.772,0.15438081526249844
55.776,0.1535678629258442
55.78,0.18125194885777132
55.784,0.1852906853807391
55.788,0.21311701446049028
55.792,0.21205766580108196
55.796,0.2215444607948069
55.8,0.23036802947014934
55.804,0.25327167805523854
55.808,0.2568663025064777
55.812,0.28876087282646995
55.816,0.2744750849747383
55.82,0.28315709867726
55.824,0.3010096237448508
55.828,0.31037268712254623
55.832,0.30725265865257745
55.836,0.3100406643697457
55.84,0.2962567904611204
55.844,0.29214203628135854
55.848,0.3068849722798557
55.852,0.2959668733398173
55.856,0.2769774429024307
55.86,0.27031341309677676
55.864,0.2560710798585106
55.868,0.22269079569757327
55.872,0.22085359774250346
55.876,0.222163539292662
55.88,0.19999977525355023
55.884,0.17761730591450586
55.888,0.17884323608662794
55.892,0.1531705114249043
55.896,0.14312960840088393
55.9,0.125924247151868
55.904,0.1148166708307542
55.908,0.10346838834888625
55.912,0.0990527054082241
55.916,0.08989290927786549
55.92,0.06146822932432003
55.924,0.06077542861205387
55.928,0.062017749090137825
55.932,0.040902539956144186
55.936,0.02282838042461451
55.94,0.021275482255413154
55.944,0.01710631590220425
55.948,0.01670169560241741
55.952,0.010187118021190307
55.956,0.024833515112592235
55.96,0.009137761303379852
55.964,0.0222963537743927
55.968,-0.0034743353413742278
55.972,0.0027542113839608843
55.976,0.006060235701106254
55.98,0.01208507541536583
55.984,0.014570753207813147
55.988,-0.002929378754941079
55.992,0.011842853561318572
55.996,-0.015343753769100365
56.0,0.00984617326863789
56.004,-0.01254621857858804
56.008,0.005121837449026977
56.012,0.011785607302027663
56.016,0.00924188942899797
56.02,-0.016116893795448273
56.024,-0.004269178236835191
56.028,0.007318502430388583
56.032,0.006991787645037413
56.036,0.002838216209760024
56.04,-0.021959234468440943
56.044,0.012021170246551848
56.048,0.013791535905400307
56.052,0.0016578432168706206
56.056,0.002300134606700244
56.06,0.00504061960478875
56.064,0.014611373095367301
56.068,0.00251033071498321
56.072,-0.0019084559905865421
56.076,0.0038174701900209043
56.08,-0.0001094914404532557
56.084,3.744273925980508e-06
56.088,-0.017657378725344463
56.092,0.005229953443102387
56.096,0.011717398047523628
56.1,0.0102092561890767
56.104,0.009520908863212278
56.108,-0.0005083629555355251
56.112,0.0014985743094361086
56.116,0.011992832680340595
56.12,0.008818396715266208
56.124,0.015123137502240265
56.128,-0.0062737405136866035
56.132,-0.006017524046922746
56.136,-0.0020443696552440997
56.14,-0.0073575295544303495
56.144,-0.0099461105556273
56.148,0.00970987471079644
56.152,0.011531340287670536
56.156,0.013451937870073804
56.16,0.019179633556123617
56.164,0.007064479353502878
56.168,0.024546772556122712
56.172,0.03574889097351266
56.176,0.05018629354917716
56.18,0.04764526445033639
56.184,0.06670124333786297
56.188,0.08603787362008918
56.192,0.11542840389014009
56.196,0.12114121949657586
56.2,0.14081283864890484
56.204,0.13904051337569281
56.208,0.14685037717026517
56.212,0.15482978041234333
56.216,0.14726214529493503
56.22,0.138239929086209
56.224,0.12164048566026217
56.228,0.11978645831935092
56.232,0.12127680653714755
56.236,0.11142173805686476
56.24,0.07655849752844651
56.244,0.05274551387642893
56.248,0.0660636654057303
56.252,0.045560228644872254
56.256,0.02107659665299686
56.26,-0.005179537131395493
56.264,0.009333865699669739
56.268,0.008895902400033198
56.272,-0.0021158373081811635
56.276,0.013287766458444063
56.28,-0.00392010568748228
56.284,0.0028309763537310052
56.288,0.02543321323786483
56.292,0.0022131929743410797
56.296,-0.0005361101242346743
56.3,-0.0005695884967784474
56.304,0.006893845795350296
56.308,0.005563295786403218
56.312,-0.00997504351527155
56.316,-0.004079810218772034
56.32,-0.006657177963946945
56.324,-0.002819197043750506
56.328,0.018264540488384107
56.332,0.006144888126275493
56.336,-0.0009473640597701801
56.34,0.011831131191060218
56.344,-0.0002523356735508885
56.348,-0.022713674895278493
56.352,0.0006479190657610254
56.356,-0.035969395992773635
56.36,-0.08561675575600765
56.364,-0.11438607718773292
56.368,-0.11919496562348929
56.372,-0.16204158332370577
56.376,-0.1222960701876132
56.38,-0.09591146090014385
56.384,-0.023975596680573422
56.388,0.058621198815626524
56.392,0.191115349953713
56.396,0.35189613235287864
56.4,0.5436763119272714
56.404,0.7353865145452155
56.408,0.9149723753385143
56.412,0.9770492890060428
56.416,0.9814049104829417
56.42,0.8509448082435697
56.424,0.6659846897503172
56.428,0.42869588718051266
56.432,0.25361432826145186
56.436,0.10098739600357907
56.44,-0.01648169473336003
56.444,-0.13698778391938135
56.448,-0.17857420745471003
56.452,-0.2456120330672852
56.456,-0.24850516067231365
56.46,-0.19913411024412783
56.464,-0.14817813391285797
56.468,-0.09477263274054881
56.472,-0.03205392505020677
56.476,-0.013002715712943848
56.48,-0.0012876558082190181
56.484,0.011106341218024804
56.488,0.004937722154518345
56.492,-0.009950295610594571
56.496,0.008182894963166999
56.5,-0.009808727780686699
56.504,-0.002889261282991144
56.508,0.001975314706072371
56.512,0.0016362597451482295
56.516,-0.013966017580867157
56.52,-0.004698638473870745
56.524,0.006013556783221281
56.528,0.0016627151715956634
56.532,0.020877056243825555
56.536,0.024796402770461794
56.54,0.003238671006889668
56.544,0.018129604655884413
56.548,0.036973892607789854
56.552,0.024001728440318285
56.556,0.026110584697246912
56.56,0.04431274258520575
56.564,0.039242433520093815
56.568,0.06175442593832105
56.572,0.05098163669190991
56.576,0.06091217828111355
56.58,0.08314389605377726
56.584,0.08668100121491851
56.588,0.09801718590078311
56.592,0.0898769420425854
56.596,0.11818651273804255
56.6,0.14373592282576583
56.604,0.14114645859125313
56.608,0.17025779828569648
56.612,0.18042371372820504
56.616,0.19029136567002553
56.62,0.2202738528159544
56.624,0.217367767197072
56.628,0.23158812037015097
56.632,0.24494378292699076
56.636,0.2596595189129804
56.64,0.2771562381602355
56.644,0.26404040334849604
56.648,0.29520557534105407
56.652,0.2933024561129058
56.656,0.30248136831973904
56.66,0.3233205192400736
56.664,0.29484091548730246
56.668,0.28635020035237746
56.672,0.29728417747379543
56.676,0.2937888587104736
56.68,0.29217169564669465
56.684,0.26965420399186135
56.688,0.2568667295785398
56.692,0.2386911762817816
56.696,0.22811520183058157
56.7,0.22452041486961635
56.704,0.21373515326520867
56.708,0.22131519363074736
56.712,0.1692487384218091
56.716,0.17498357631847963
56.72,0.14995215390685562
56.724,0.14531465638925423
56.728,0.12386648325220082
56.732,0.12662826663858734
56.736,0.11410651829069038
56.74,0.09096765157403279
56.744,0.09557478596687552
56.748,0.0787068033172914
56.752,0.07580709772710903
56.756,0.05307897595041476
56.76,0.05549441031018219
56.764,0.031568583319210565
56.768,0.024599368684009734
56.772,0.04986231487465827
56.776,0.012644640427881916
56.78,0.01519719032255278
56.784,-0.0028085642794760494
56.788,0.00482728233364668
56.792,0.0009032284706055795
56.796,0.0020941009380117904
56.8,0.010088695878764892
56.804,0.011087899184515432
56.808,-0.005550532450574919
56.812,-0.004325020358707523
56.816,0.0136408777810164
56.82,0.019243000951493856
56.824,0.014257739549277261
56.828,-0.015154340696673868
56.832,0.012896368667606063
56.836,0.019299465612193156
56.84,-0.01638300332614562
56.844,0.011260037240072717
56.848,0.00257536395450608
56.852,-0.0030316938615018887
56.856,0.0012384434150812815
56.86,0.004561917372043433
56.864,0.011669924312133578
56.868,0.011128147081550285
56.872,-0.015020431169586193
56.876,-0.0064518654011898975
56.88,0.0009603738805099709
56.884,0.015739606826495185
56.888,-0.027262712342285503
56.892,-0.006099846579749377
56.896,-0.015272981344620795
56.9,-0.013689600944412813
56.904,0.009860438714188955
56.908,-0.005316233216200729
56.912,-0.02333407143690346
56.916,-0.001580044304827208
56.92,0.020366400865974903
56.924,-0.018051941143280223
56.928,0.0053582916120393275
56.932,0.015732087368455036
56.936,-0.00039170628748479944
56.94,0.019466334919067078
56.944,-0.006267870052484846
56.948,0.015029975714517488
56.952,0.013060327503756713
56.956,0.0012522244821606835
56.96,-0.012347696042901167
56.964,-0.006080010408856063
56.968,-0.017455987717941452
56.972,0.014811862798084021
56.976,0.017555589151647996
56.98,0.018831243680824367
56.984,0.023528469209985366
56.988,0.046690182843403275
56.992,0.04615361547064774
56.996,0.04932473858047187
57.0,0.06944460369559964
57.004,0.10254834849894079
57.008,0.10281646389968847
57.012,0.10691303119827383
57.016,0.1234644875657214
57.02,0.13968597451229067
57.024,0.13926594895628244
57.028,0.14347891170751695
57.032,0.14985114437508432
57.036,0.16273245134048425
57.04,0.1493987645650725
57.044,0.12816000678659148
57.048,0.12918970717208886
57.052,0.10709959737880356
57.056,0.09608120663296738
57.06,0.08069816566305045
57.064,0.04318040429843519
57.068,0.021057844751883364
57.072,0.04253268310957841
57.076,0.022139738747459267
57.08,0.006375085464135042
57.084,0.008255094969298373
57.088,0.020866888829121633
57.092,0.011567370201955161
57.096,0.01307133349768138
57.1,0.008027950688289206
57.104,-0.00696185246394467
57.108,0.00914716736769286
57.112,0.006693202008426926
57.116,-0.0006820309290274628
57.12,0.0008716207684518753
57.124,0.008083313571867937
57.128,-0.007407863584962941
57.132,0.01092493310979545
57.136,0.0056748270554496565
57.14,3.440663773886361e-05
57.144,0.015316393529773518
57.148,-0.012952353502102904
57.152,-0.0046629893199237275
57.156,-0.007101419726160952
57.16,0.002515597460708548
57.164,0.00836274085365384
57.168,-0.019411883890963995
57.172,0.010455243810555664
57.176,-0.052042416835172634
57.18,-0.07412303384554456
57.184,-0.1131786443917349
57.188,-0.1394269661090305
57.192,-0.15320837531808232
57.196,-0.11188774496797985
57.2,-0.0804500720301684
57.204,-0.012977760081813776
57.208,0.09866433349548588
57.212,0.2649578148808935
57.216,0.44145335245055944
57.22,0.6114333774540653
57.224,0.8318837827302383
57.228,0.9393715377379529
57.232,0.998553637131752
57.236,0.9182377318040361
57.24,0.7831896777834013
57.244,0.5787847211748509
57.248,0.3803884029979808
57.252,0.19031828166463277
57.256,0.04582556798805586
57.26,-0.08563650163909332
57.264,-0.17434583062031564
57.268,-0.21631264538601722
57.272,-0.24259057102132295
57.276,-0.22334151478797235
57.28,-0.16054458352606885
57.284,-0.12662506154419004
57.288,-0.05622555206984022
57.292,-0.041854715232492
57.296,0.0027932431231901013
57.3,0.0016070572333796284
57.304,0.008943935201704795
57.308,-0.006600290318253683
57.312,0.022715184076322968
57.316,0.021230276307340822
57.32,0.005934586252249399
57.324,0.013859576357952619
57.328,-0.0003166221791995193
57.332,-0.009241544486330206
57.336,0.012317371958347595
57.34,-0.003708864656474584
57.344,0.01995739037052124
57.348,0.018992769041987975
57.352,0.01285943918385336
57.356,0.014677007096268834
57.36,0.02559064461106509
57.364,0.021749574937195766
57.368,0.01881504952140764
57.372,0.012177197666728262
57.376,0.042036716425073825
57.38,0.04195321916229534
57.384,0.07244979564961827
57.388,0.051341823845209286
57.392,0.06356266034376079
57.396,0.07289024527766734
57.4,0.08609039316196533
57.404,0.08070247969394778
57.408,0.10119537759019322
57.412,0.12259441431198013
57.416,0.1240187106477568
57.42,0.14885658358904055
57.424,0.155989086406212
57.428,0.1734241014516511
57.432,0.19545375938308845
57.436,0.19617912212336583
57.44,0.19822317834801859
57.444,0.22394122227721508
57.448,0.23157551291648132
57.452,0.2309528259978582
57.456,0.2624694122401543
57.46,0.27560445131003203
57.464,0.2924727748171939
57.468,0.277938934462562
57.472,0.2955690809615933
57.476,0.3095007800228528
57.48,0.29412652955620394
57.484,0.3049738543308377
57.488,0.31341795421362645
57.492,0.27477770440215954
57.496,0.29029794867436826
57.5,0.2916876007367099
57.504,0.26749516019126546
57.508,0.27443336849382843
57.512,0.255275106205442
57.516,0.25399574233275257
57.52,0.22870596214246988
57.524,0.22740695686750814
57.528,0.19751231479127068
57.532,0.16629804381195684
57.536,0.1591536480330654
57.54,0.1613346712276926
57.544,0.14718249213843382
57.548,0.12062817711623691
57.552,0.1289246877866248
57.556,0.09519060665529924
57.56,0.09196948311391304
57.564,0.08113078719967864
57.568,0.053767912016935836
57.572,0.05710779902768917
57.576,0.07400414242679088
57.58,0.03379280578542897
57.584,0.042874997075089565
57.588,0.01943847199313315
57.592,0.016715978387430927
57.596,0.007608390885054064
57.6,0.027461691982679975
57.604,0.006170739016565861
57.608,0.02487030900998008
57.612,0.004615048475326884
57.616,0.00931101820677257
57.62,0.010568713065705618
57.624,-0.011013757081204504
57.628,0.006127111672718432
57.632,0.0067242727154713244
57.636,0.013926966675413599
57.64,-0.007628091113285508
57.644,-0.006648852674454114
57.648,0.0077646992259845695
57.652,0.015016770858536753
57.656,-0.005247566850301045
57.66,-0.011841288770553019
57.664,-0.0027846760136466453
57.668,-0.009848445797098024
57.672,0.004188431935534859
57.676,-0.010643570335388052
57.68,0.009842061654817106
57.684,0.002208160916313198
57.688,0.010100108161772158
57.692,-0.02419074646706001
57.696,-0.017551371053675813
57.7,0.012948043072542185
57.704,-0.007180218138332604
57.708,-0.014653329051228467
57.712,-0.002019626718852083
57.716,0.0024286993583071486
57.72,-0.00157617370132635
57.724,0.00468367546222126
57.728,0.003329157516041005
57.732,0.002807961628399036
57.736,0.01349539059293807
57.74,-0.00011955453221309284
57.744,-0.00039335968644281706
57.748,0.008107766146583796
57.752,0.005672753568384232
57.756,-0.008766891392213011
57.76,-0.0004642571506534642
57.764,0.005159888648958207
57.768,-0.0045782212651447616
57.772,-0.0033055613835055848
57.776,-0.01062619024131969
57.78,-0.0237754079452811
57.784,0.0038256523202443047
57.788,0.012317935496335362
57.792,0.004761355960805623
57.796,0.035574360439597996
57.8,0.018997095632725045
57.804,0.047949168272083315
57.808,0.05405061922244351
57.812,0.08418800646446795
57.816,0.08157259678831429
57.82,0.07614007120201835
57.824,0.11558438442746134
57.828,0.13567716766052532
57.832,0.11302606852628552
57.836,0.14676887985568285
57.84,0.15550996272422993
57.844,0.14772565561226927
57.848,0.1247770805430576
57.852,0.14144028287097893
57.856,0.1305970997736201
57.86,0.14089891607925822
57.864,0.11184166231313902
57.868,0.09449319889645871
57.872,0.07822585207882472
57.876,0.07315022234670332
57.88,0.05719220323029848
57.884,0.03681456941671846
57.888,0.03705717325192051
57.892,0.020249074391746807
57.896,-0.0070393556895012
57.9,0.02014043289614215
57.904,0.015083933091307369
57.908,0.008330952469871993
57.912,-0.00024378251148573452
57.916,0.0019695239123896854
57.92,0.009879992933116203
57.924,-0.0052867207745964425
57.928,0.009211033133143446
57.932,-0.014391527187782683
57.936,0.0018837045175152365
57.94,0.00036908490907462747
57.944,0.010086826923695108
57.948,-0.009157861613609555
57.952,-0.008082145096619503
57.956,-0.01393781060403036
57.96,-0.00566919421575633
57.964,0.0025238537286429623
57.968,-0.018131289096871832
57.972,-0.005054622797358717
57.976,0.0039363312215591984
57.98,-0.007450118561411767
57.984,-0.015426609874754376
57.988,-0.04979199110104904
57.992,-0.06451332009530322
57.996,-0.0985952262895395
58.0,-0.1324656371933837
58.004,-0.14472812832538812
58.008,-0.13853416443142186
58.012,-0.10055473131831631
58.016,-0.04043104512644666
58.02,0.07241126550327824
58.024,0.17559013541827062
58.028,0.3528100503718105
58.032,0.5650099632068537
58.036,0.7596881567180851
58.04,0.9182758702865746
58.044,0.9981475669884936
58.048,0.9697423381034974
58.052,0.8377152288300157
58.056,0.6559920539119651
58.06,0.457830817347346
58.064,0.266363533657015
58.068,0.11196806539805593
58.072,-0.012621024028454924
58.076,-0.13040292473231063
58.08,-0.20294961667062994
58.084,-0.26220221670115607
58.088,-0.215432078680957
58.092,-0.2006663823486654
58.096,-0.1313257220863183
58.1,-0.0863975157772644
58.104,-0.04610296264413502
58.108,-0.020273929761195138
58.112,-0.01879882993353217
58.116,-0.02642518721069577
58.12,0.011681389105399351
58.124,0.006186831548315037
58.128,-0.008057352367929874
58.132,0.005981929590832019
58.136,0.010137117479186985
58.14,-0.004489387523677236
58.144,0.007236894035936983
58.148,0.014026641181696602
58.152,-0.009390416473038203
58.156,0.011591882466987773
58.16,0.011436589185575835
58.164,0.02844676449661549
58.168,0.01742501139590729
58.172,0.010372902229547223
58.176,0.014626182577540961
58.18,0.041434291107874915
58.184,0.02185744858523396
58.188,0.03611306489907149
58.192,0.033407852257031426
58.196,0.05288874574206441
58.2,0.06045519157297
58.204,0.05681668873346008
58.208,0.06171644049644472
58.212,0.0710740027652512
58.216,0.0685522611911796
58.22,0.09809908557376383
58.224,0.1099448991339636
58.228,0.11373924818788433
58.232,0.11693522187852601
58.236,0.1512403730222763
58.24,0.16677549619375667
58.244,0.1818903454855911
58.248,0.18258864025053795
58.252,0.2108602843464749
58.256,0.2191705409266278
58.26,0.24311563997063537
58.264,0.23747621917624107
58.268,0.27051087235879967
58.272,0.28472371484787323
58.276,0.2800441089231077
58.28,0.2906572694090723
58.284,0.30053207652973263
58.288,0.2867305961962687
58.292,0.2945599950798295
58.296,0.30179402972433933
58.3,0.3188338642106158
58.304,0.2833274957672402
58.308,0.3065622579807428
58.312,0.2814181501091605
58.316,0.27456734071398814
58.32,0.2772031861405418
58.324,0.2740740783760739
58.328,0.24584379456139174
58.332,0.24014207349278613
58.336,0.2055047685517707
58.34,0.1951711641501052
58.344,0.1724500190616636
58.348,0.16627414891321576
58.352,0.16266726963994377
58.356,0.14501594000612572
58.36,0.14648531121021874
58.364,0.1366454739342789
58.368,0.1022832564988537
58.372,0.08514618108028495
58.376,0.09263970125801335
58.38,0.08361529819435773
58.384,0.06617310744590493
58.388,0.06045672924560811
58.392,0.05137006117576222
58.396,0.02927663034561549
58.4,0.02103350474181923
58.404,0.02748789512329134
58.408,0.02143590864544086
58.412,0.02227745671825148
58.416,0.014816305764807212
58.42,-0.003783185723608159
58.424,-0.010307057046954457
58.428,0.016145631932841995
58.432,0.0004406345510290328
58.436,0.0033387310525565253
58.44,-0.0010765605077424955
58.444,-0.005570525735644371
58.448,-0.006602164436762746
58.452,0.012380887928432003
58.456,-0.0006989337603639874
58.46,0.007651873697157726
58.464,0.008689429109660229
58.468,0.003925323496898473
58.472,0.008594685209767094
58.476,0.0005744036715297372
58.48,0.013960039719023315
58.484,0.008472853305063423
58.488,0.00974029898109893
58.492,-0.009256423910029711
58.496,0.0027260969476628895
58.5,-0.018282534956342477
58.504,0.01405884853042871
58.508,-0.006198571141195498
58.512,-0.004822412026892565
58.516,-0.013656278553933308
58.52,-0.0003505329455752673
58.524,-0.002673961738085066
58.528,0.01823308932550092
58.532,0.008596988824973723
58.536,-0.005142399552884109
58.54,-0.01665753505437346
58.544,-0.02282933948384402
58.548,-0.01024929702431334
58.552,-0.01328710939178855
58.556,0.0035336855852654467
58.56,-0.0013606561378405654
58.564,0.0003354847142365613
58.568,-0.009200077594142216
58.572,0.002022857406544938
58.576,-0.013352607822276664
58.58,0.0005232577420592824
58.584,0.010566369395084901
58.588,-0.00010182763287653511
58.592,0.00987012559022171
58.596,-0.01166766513083925
58.6,-0.008798502390999562
58.604,0.0199477637799333
58.608,0.03349308709764592
58.612,0.028601237990399046
58.616,0.06209503511966006
58.62,0.037532220281550295
58.624,0.05796492141787988
58.628,0.08007625407113293
58.632,0.0978018284617465
58.636,0.10167979736777635
58.64,0.11036422178542617
58.644,0.13883778299812038
58.648,0.14309733696922133
58.652,0.14424717069003087
58.656,0.1549688250183827
58.66,0.14709043895964505
58.664,0.1418312845286895
58.668,0.1329289400920602
58.672,0.1152570397752812
58.676,0.10108834972373039
58.68,0.09081663109483416
58.684,0.08187616628775711
58.688,0.0487686204660924
58.692,0.06387222094042094
58.696,0.04296941203030965
58.7,0.022133598593903896
58.704,0.04065249657316576
58.708,0.018244526160390004
58.712,-0.0007014531522604329
58.716,0.024466985144359216
58.72,0.019447760463608812
58.724,-0.005211187466189456
58.728,-0.0007466399844300461
58.732,-0.0030254884334741826
58.736,-0.017951161432691355
58.74,0.0038065700789636976
58.744,0.008775070866126678
58.748,0.0067512746558105905
58.752,0.000427730660093744
58.756,0.009475237902539025
58.76,-0.011325476169553194
58.764,0.018196897384949024
58.768,-0.007714984829574228
58.772,-0.0066145162773142
58.776,-0.005793371987940578
58.78,-0.006679691850482052
58.784,-0.002714646665813686
58.788,-0.0049719537187603875
58.792,-0.00634396359197687
58.796,-0.026903501072109506
58.8,-0.03739863759292482
58.804,-0.0803563706956963
58.808,-0.09777838683229628
58.812,-0.1278879788946585
58.816,-0.14648091465056493
58.82,-0.1370485575463886
58.824,-0.08315978894117952
58.828,-0.024668229138084218
58.832,0.08241987007604368
58.836,0.21220683200745197
58.84,0.41000088479189434
58.844,0.5706585704572231
58.848,0.754953621493012
58.852,0.9282974150616066
58.856,0.9821564292130673
58.86,0.9484196157071729
58.864,0.8040423392728421
58.868,0.6133334121920773
58.872,0.4062372845076502
58.876,0.24193351481350425
58.88,0.0790057266836723
58.884,-0.034081758388059186
58.888,-0.14402207859239097
58.892,-0.20533096172411205
58.896,-0.24845806463294653
58.9,-0.21695894012750508
58.904,-0.1821326446351309
58.908,-0.1351754595486655
58.912,-0.06768892057080277
58.916,-0.036143199132907526
58.92,-0.017176402483884683
58.924,-0.004198650691246611
58.928,0.006331192530427707
58.932,-0.020933525324863034
58.936,-0.0027061484261563743
58.94,0.007988535847616027
58.944,0.004014906877336619
58.948,-0.009279280447952287
58.952,-0.02112833795656907
58.956,0.020262576123444523
58.96,0.0022543864515665738
58.964,0.02033789408763153
58.968,0.01445611880148657
58.972,0.00015721144823494654
58.976,-0.015011344424329833
58.98,0.007662859778814774
58.984,0.014617353535641711
58.988,0.022680935974640222
58.992,0.010786086997838455
58.996,0.027988847418985306
59.0,0.03294892720651589
59.004,0.04669932433907326
59.008,0.04019159201122048
59.012,0.054901810266507034
59.016,0.06140062950872367
59.02,0.07616271988631076
59.024,0.068953761116881
59.028,0.05703607728545452
59.032,0.09678522864762532
59.036,0.10902212318658946
59.04,0.11263271781219572
59.044,0.1226085766825949
59.048,0.14591294603972896
59.052,0.1648338183006065
59.056,0.1814532241495036
59.06,0.1721795909205333
59.064,0.1918567875992805
59.068,0.2346703411829059
59.072,0.2348748269413957
59.076,0.24934499832701096
59.08,0.24763003220126356
59.084,0.2713085744687364
59.088,0.27659954982123125
59.092,0.281625437448546
59.096,0.27896019910876885
59.1,0.28886660247911816
59.104,0.3193744091374582
59.108,0.296351976501242
59.112,0.30602133048462693
59.116,0.2925585038195378
59.12,0.2859859855126241
59.124,0.27562088913420413
59.128,0.28673208670886075
59.132,0.26688051770398735
59.136,0.24388637228343113
59.14,0.2354281886595915
59.144,0.23687538350996412
59.148,0.18384906482731153
59.152,0.20103901034431768
59.156,0.18879546518034757
59.16,0.1613874725674812
59.164,0.1560560734241953
59.168,0.14548014046210897
59.172,0.11455609620803905
59.176,0.12228118749517951
59.18,0.10451085879376877
59.184,0.08843967992252598
59.188,0.08026001826130488
59.192,0.07636561423716846
59.196,0.08339268915357802
59.2,0.05811996579333359
59.204,0.052748039735553844
59.208,0.04000128598116779
59.212,0.05126799466425429
59.216,0.01249085163589352
59.22,0.005336951318620949
59.224,0.02040630452503655
59.228,0.022189900516513067
59.232,-0.012954742567124467
59.236,0.010394912389387506
59.24,0.00664418761572388
59.244,0.01424278960568944
59.248,0.009727155053488243
59.252,-0.01375906875130815
59.256,-0.007386771586116066
59.26,-0.005389366255059325
59.264,0.009477667827793768
59.268,0.005364076546950629
59.272,-0.0049621735357269665
59.276,0.002397688166740857
59.28,-0.009856469366898426
59.284,0.021042745723293517
59.288,0.006153475871870493
59.292,0.008167333934258222
59.296,0.013994442091317696
59.3,0.01032900663244719
59.304,0.00043707596754013567
59.308,-0.0017611385572049215
59.312,0.01294674738384136
59.316,0.0003111953393056633
59.32,-0.00745750141604951
59.324,0.019689467843769414
59.328,-0.00934299232036638
59.332,-0.017335662523847908
59.336,0.009935675917782612
59.34,-0.007307001638204401
59.344,0.004354713656671081
59.348,0.018174662074388483
59.352,-0.013746735124927674
59.356,-0.0004079900047328155
59.36,0.014834870310471137
59.364,0.006819381145423801
59.368,-0.0017978675191801573
59.372,0.023894019237208897
59.376,-0.0009530285705890853
59.38,0.003968839732365313
59.384,0.016493605728217786
59.388,0.00980867456447425
59.392,0.013217220681547542
59.396,-0.008995379390970754
59.4,0.012281757591224917
59.404,0.001695926997570575
59.408,-0.007457785374966485
59.412,0.0022194447534886804
59.416,0.0019024642992435876
59.42,0.018680885886336013
59.424,0.0038129575759848927
59.428,-0.007808047632185361
59.432,-0.010114275932970318
59.436,-0.00047397439796748866
59.44,-0.013463657242917423
59.444,-0.007153559177050046
59.448,-0.00244191349135334
59.452,-0.004218853526472305
59.456,0.007269076030965155
59.46,-0.007378276169915788
59.464,-0.024699812444025932
59.468,-0.01685772909199703
59.472,-0.00017818135427511556
59.476,-0.005868032699658388
59.48,-0.012366717319355184
59.484,0.01958451329101739
59.488,0.00828750121393099
59.492,-0.0005842716013960364
59.496,0.0023329724250116574
59.5,-0.0026514101100593474
59.504,-0.012538152446946893
59.508,0.010307202863911109
59.512,0.008513300811090859
59.516,-0.019773337830719315
59.52,0.0022643250211579627
59.524,0.003368322255775839
59.528,-0.0032173122885593166
59.532,0.020972653386314388
59.536,0.01988744666259447
59.54,-0.0037750796524753496
59.544,-0.0022281921049409413
59.548,-0.0034027043140919455
59.552,-0.006113323730472957
59.556,-0.009207605125604467
59.56,0.005068571116919247
59.564,0.01961441436725561
59.568,0.015500818898953135
59.572,0.007891769949069712
59.576,-0.02407111917968641
59.58,-0.018645494833922943
59.584,0.010641633064952399
59.588,0.016193734479288204
59.592,0.005537346240227772
59.596,-0.003055803150502574
59.6,0.013523010093959922
59.604,0.00753593771878911
59.608,0.011374452807333613
59.612,-0.018565691072615603
59.616,0.0034333991203171666
59.62,0.017745711471333594
59.624,0.005274484304663648
59.628,0.009482447316226586
59.632,0.000363729105053298
59.636,0.001060751222931572
59.64,0.014025275423738198
59.644,-0.0066978834850690986
59.648,-0.007676391182597852
59.652,-0.004782140247713908
59.656,0.00023446402469612032
59.66,-0.016100889113347415
59.664,0.007310589303796748
59.668,-0.001642468860721937
59.672,0.00853689260110909
59.676,-0.02119069926527292
59.68,0.008575230264849487
59.684,0.013368949439531288
59.688,0.004385478340017287
59.692,0.00030018988167908523
59.696,0.008652032993368508
59.7,0.012714282587409156
59.704,0.005229265678434162
59.708,0.005976411809793231
59.712,0.016569418741662928
59.716,0.007611569856467785
59.72,-0.008002591327204994
59.724,0.01266641901907592
59.728,-0.0012372128983951212
59.732,0.00033283008602781177
59.736,0.00106880427423625
59.74,0.009688678676558728
59.744,0.017488529076562367
59.748,0.0002442144211268299
59.752,0.017312621101124852
59.756,0.0016458831277057775
59.76,0.014021679437229746
59.764,0.001984330715341201
59.768,-0.004924236564573733
59.772,0.01922099067766753
59.776,-0.005878847987803951
59.78,-0.006548090781688129
59.784,-0.012560402955443225
59.788,0.012672675192023608
59.792,0.015034472994333248
59.796,0.003731298413534266
59.8,-0.009838731360380363
59.804,-6.778785734924167e-05
59.808,-0.0030261935100810477
59.812,-0.010304685970840005
59.816,-0.00488891563186089
59.82,0.005057356512970364
59.824,-0.006051688271835239
59.828,0.0029173388315108986
59.832,-0.017763221997413346
59.836,0.016791810577968313
59.84,-0.003914115785271451
59.844,0.008702488839740117
59.848,0.0018868502143664276
59.852,0.004024981175535025
59.856,-0.011319843934767664
59.86,-0.007605589841867102
59.864,-0.007378534140418212
59.868,0.00025347426040775483
59.872,0.013261555805043622
59.876,0.004332548398713689
59.88,-0.009003403721157077
59.884,0.0008733397526140259
59.888,-0.0008063383486015689
59.892,-0.003508651008987477
59.896,-0.0001541652581970793
59.9,0.007637119213395795
59.904,-0.007199264184824369
59.908,-0.003458910036660085
59.912,0.009821208028928136
59.916,0.004689627733559997
59.92,0.01279111813615516
59.924,0.014358497175966411
59.928,-0.013605411201887158
59.932,0.002882977876104013
59.936,-0.005079566275518538
59.94,-0.011987190680186768
59.944,-0.007891933840988265
59.948,-0.0030076834922283103
59.952,-0.002945206851702115
59.956,-0.006068886882310286
59.96,-0.00013641395118471332
59.964,0.024466461978893097
59.968,-0.017252185950132545
59.972,0.011371769173210578
59.976,-0.00018374313344588094
59.98,-0.004378788471572448
59.984,-0.02018210076089549
59.988,0.007627633125741856
59.992,-0.014409674973259802
59.996,0.008278939044212705
