time,ecg
0.0,-0.011332872140034807
0.004,-0.009194522860016114
0.008,0.0049716074405376405
0.012,0.0014242573607056526
0.016,0.006904853540677682
0.02,-0.004272526463365343
0.024,0.0015853969107671422
0.028,0.006255903939673367
0.032,-0.003093465397202384
0.036,0.004567752375574115
0.04,-0.006619259410666513
0.044,-0.003630538465650718
0.048,-0.003817378939983291
0.052,-0.011958396455890396
0.056,0.0048697248078558185
0.06,-0.004694023402027239
0.064,0.0001249411872768743
0.068,0.0048074665890590895
0.072,0.004465311760299441
0.076,0.006653851089727864
0.08,-0.0009848548450942338
0.084,-0.004232983120441528
0.088,-0.0007971821090639541
0.092,-0.01687334433958016
0.096,-0.014471124724230351
0.1,-0.013226996123542124
0.104,-0.009972468276008074
0.108,0.003997742267257713
0.112,-0.009054790553521845
0.116,-0.0037816255401348898
0.12,0.012992282978690846
0.124,-0.0035626397080205188
0.128,0.007375155692569589
0.132,-0.009336176776652742
0.136,-0.0020543755108397505
0.14,-0.009500220357794669
0.144,-0.0033903302331108574
0.148,0.008403082783666416
0.152,-0.01727320055180168
0.156,0.004344245803891626
0.16,0.0023773792696198145
0.164,-0.005941443332847621
0.168,-0.014460445995750927
0.172,0.0007215996608161057
0.176,-0.005294244874959472
0.18,0.0023282515391929172
0.184,0.00022169100824899512
0.188,0.016024363360899574
0.192,-0.002380263899590335
0.196,-0.010208779349392683
0.2,0.0018430757437485387
0.204,0.002294182891964126
0.208,0.013763823488903874
0.212,0.008656991757122126
0.216,0.004099088916721229
0.22,0.01552943234644651
0.224,-0.010410892996769642
0.228,-0.0040262225217112
0.232,-0.005554262433282104
0.236,0.0017642309821371718
0.24,-0.005346647050443026
0.244,0.01855638241782285
0.248,0.015021273601917544
0.252,0.009038440448264264
0.256,0.021719632829177937
0.26,0.04484073354248114
0.264,0.06156939796307874
0.268,0.08608493003771665
0.272,0.10925139682400098
0.276,0.09876091741487432
0.28,0.09902697436073513
0.284,0.10090107651799626
0.288,0.136355297899066
0.292,0.13438388411729074
0.296,0.14393866313674672
0.3,0.1438790320094019
0.304,0.1466843268743797
0.308,0.15317309737827045
0.312,0.13524866895008109
0.316,0.12063519095492248
0.32,0.0985658180327955
0.324,0.07786999363507063
0.328,0.07524969307319426
0.332,0.06557979561261557
0.336,0.07086743141993398
0.34,0.04300834028270865
0.344,0.04170281875148538
0.348,0.018753547407902083
0.352,0.00539406290874026
0.356,0.002553705327364937
0.36,0.0011679537797809761
0.364,0.026947026338080812
0.368,-0.0045023698114072825
0.372,0.010756184843266237
0.376,-0.007552534234198829
0.38,0.010212133563377034
0.384,0.004379887986936533
0.388,-0.0012604996781908585
0.392,-0.00023567753629425876
0.396,-0.00645366108944731
0.4,0.004511039131379257
0.404,-0.004523662460878898
0.408,-0.012242966813416458
0.412,-0.012774290683240486
0.416,0.0017196705888710838
0.42,0.015742082923204732
0.424,0.0013705288755223358
0.428,-0.0020824665857254567
0.432,-0.00011766331992424037
0.436,0.004640525871022424
0.44,-0.018102716223479406
0.444,-0.045796191330756936
0.448,-0.061866295674821624
0.452,-0.10429932133575781
0.456,-0.12190602219796128
0.46,-0.14430172042778416
0.464,-0.13960312209640416
0.468,-0.09403840961438094
0.472,0.009225027649015005
0.476,0.11086643544653717
0.48,0.22725686002378437
0.484,0.39886037858065915
0.488,0.6181689296447009
0.492,0.788768556244955
0.496,0.936767243760174
0.5,1.006300200891683
0.504,0.9416222493081428
0.508,0.7991931456006545
0.512,0.5999393619693838
0.516,0.4004595831278414
0.52,0.2296008301007374
0.524,0.06674278988164435
0.528,-0.049504430535689134
0.532,-0.17345113147440755
0.536,-0.22012569995915238
0.54,-0.25452205805538825
0.544,-0.2417015303549843
0.548,-0.18989763017090716
0.552,-0.12482764378036174
0.556,-0.06017016225168936
0.56,-0.046874480607712245
0.564,-0.01343012379024039
0.568,-0.009403747821619145
0.572,-0.00423973432333253
0.576,0.010347817417132761
0.58,0.006223903558897804
0.584,0.014570727211299494
0.588,2.860659382055656e-05
0.592,-0.004923771484111567
0.596,0.0003745912509377971
0.6,0.005757663066690804
0.604,0.005988888247157702
0.608,-0.005526491313034009
0.612,0.007557329632351652
0.616,0.010551852988195361
0.62,0.03538897679571584
0.624,0.03130416994279537
0.628,0.00675425587547007
0.632,0.015648597209536978
0.636,0.0076654862368668916
0.64,0.02076941509818106
0.644,0.034864476818350004
0.648,0.049507628607632234
0.652,0.03665607866127371
0.656,0.04470171245624157
0.66,0.03789671942769793
0.664,0.06671930221395374
0.668,0.06755340218521123
0.672,0.08355853072141944
0.676,0.09157320393359347
0.68,0.11165070411289446
0.684,0.10795744876034452
0.688,0.12440025279488948
0.692,0.17437581045893394
0.696,0.1545586408122643
0.7,0.1709913421292435
0.704,0.21485342442897798
0.708,0.23986598855292326
0.712,0.2130329405592443
0.716,0.23439173063684962
0.72,0.25399661893278663
0.724,0.2793493322377109
0.728,0.26245268986176645
0.732,0.27872369022438215
0.736,0.2962408892320982
0.74,0.29840726273669277
0.744,0.294086196658843
0.748,0.2984218663292447
0.752,0.2860111378907053
0.756,0.2954660199313973
0.76,0.291395727091937
0.764,0.2907892123677433
0.768,0.27562319649561307
0.772,0.27703664587150023
0.776,0.27218951397185326
0.78,0.2521353567000662
0.784,0.24159178428872197
0.788,0.22528016032327638
0.792,0.21081616079143334
0.796,0.18926870881033636
0.8,0.18512414053052298
0.804,0.16646000064086972
0.808,0.1740150224279569
0.812,0.15480425427355182
0.816,0.12939319819947584
0.82,0.10496275755847236
0.824,0.08921769699543518
0.828,0.10076435452596884
0.832,0.08080503855527825
0.836,0.07314739545331893
0.84,0.04192374985534256
0.844,0.060517561672501344
0.848,0.04849112042085342
0.852,0.026344785554605118
0.856,0.02699317870794711
0.86,0.02931365728138112
0.864,0.02282457423879936
0.868,0.01560071896699319
0.872,0.014251806700398665
0.876,0.010015950047909934
0.88,0.01173986154140449
0.884,0.022984489416809577
0.888,-0.019014152591856414
0.892,0.0029488867869564878
0.896,0.0059882791951969185
0.9,0.006292638858343687
0.904,-0.0011059276496543776
0.908,-0.015531227239293366
0.912,0.0048561005974367116
0.916,0.018485878631560267
0.92,-0.014411999426690345
0.924,0.00934197002113195
0.928,-0.002754265117170052
0.932,-0.00021512971419313312
0.936,-0.0102323989508368
0.94,-0.0031250209978923426
0.944,0.013161918915932633
0.948,0.005944558689313816
0.952,0.017408806193092926
0.956,0.011835945741165881
0.96,0.004435191298344071
0.964,0.01747091938333332
0.968,0.0044122796172324855
0.972,0.008295598713966226
0.976,-0.002954726575914295
0.98,0.0006730841839874909
0.984,-0.006968976539014999
0.988,0.009899447464983415
0.992,-0.011780575517554853
0.996,0.00782517663568595
1.0,-0.0019053661600689276
1.004,0.011713281619634027
1.008,0.0075093353854431754
1.012,0.018207131122115444
1.016,0.007308725414808332
1.02,-0.015718600896286714
1.024,-0.0006659174999833549
1.028,-0.011712731197895876
1.032,-0.005168090972679385
1.036,0.01514111332141729
1.04,0.006430483336932673
1.044,-0.006886448458835329
1.048,-0.009950155488021455
1.052,0.0006592860976307494
1.056,-0.011592963998095986
1.06,-0.005747117154657919
1.064,0.004702852083068679
1.068,0.014085362908654114
1.072,0.010036535386597725
1.076,-0.01691037517635424
1.08,0.011937129893831068
1.084,0.013564037809766328
1.088,0.022218619764332967
1.092,0.04096914504715077
1.096,0.012544884969607754
1.1,0.03733917424248888
1.104,0.06086540991557762
1.108,0.052249951885546625
1.112,0.09693139196440126
1.116,0.10037748675070074
1.12,0.11937235622821893
1.124,0.11828352107114201
1.128,0.14325745018851924
1.132,0.15420824790502158
1.136,0.1509255106629998
1.14,0.1523047073581092
1.144,0.15021555636863862
1.148,0.13280257145946991
1.152,0.1307073539014252
1.156,0.11888707953394309
1.16,0.11075158169776948
1.164,0.10253407669697791
1.168,0.06747895791821139
1.172,0.06294137134014069
1.176,0.0662643940732161
1.18,0.03275919146756903
1.184,0.022386116632543952
1.188,0.024742450530343154
1.192,0.024881195641076867
1.196,0.011706002264095548
1.2,0.021257578192948774
1.204,0.013906559662174495
1.208,0.011904721287632562
1.212,0.007760575027270308
1.216,0.024653629188471103
1.22,-0.0012187524255086852
1.224,-0.019544240639417284
1.228,0.016324667182946655
1.232,-0.004418980542013309
1.236,0.001165068779112476
1.24,0.013141407836245846
1.244,-0.01599881766067187
1.248,-0.012504705569977834
1.252,-0.01600880440112152
1.256,-0.007950557522953632
1.26,0.004334539824805179
1.264,0.004960241034738199
1.268,0.0016882257309109117
1.272,-0.017615122622180762
1.276,-0.0327443148878261
1.28,-0.022176646664267753
1.284,-0.050324647518018045
1.288,-0.0733789165944996
1.292,-0.10641375741538171
1.296,-0.13862739779499705
1.3,-0.13762626822417576
1.304,-0.12001666947245354
1.308,-0.06617390025704285
1.312,-0.0017196465288191127
1.316,0.10892117809873998
1.32,0.2535681530397594
1.324,0.43848469012877167
1.328,0.6289673470264313
1.332,0.8301307714425499
1.336,0.9571613340788152
1.34,0.9975438358065342
1.344,0.9378005361667743
1.348,0.753075597087222
1.352,0.5588506665359524
1.356,0.35445438852040606
1.36,0.16883382791377377
1.364,0.040061328521998875
1.368,-0.06387561252165798
1.372,-0.16743131077520046
1.376,-0.2241087505934454
1.38,-0.23535827476870483
1.384,-0.21083553381266035
1.388,-0.1734537816316462
1.392,-0.0996979794763658
1.396,-0.06221817452464634
1.4,-0.03826684616137044
1.404,-0.017846582593543853
1.408,-0.01860914973746378
1.412,-0.009570237352222396
1.416,-0.0031594713496287665
1.42,0.008932578621792813
1.424,0.01845482126584017
1.428,-0.012188108091736052
1.432,0.006038869700473117
1.436,-0.00769865376203557
1.44,0.00819587207898638
1.444,0.0030555414667095895
1.448,-0.012816330318042472
1.452,0.016148472919320273
1.456,0.0024766175858390504
1.46,0.005183098247806233
1.464,0.002204215384885475
1.468,0.009175793993132477
1.472,0.023307268383097362
1.476,0.020995607653245013
1.48,0.030641618356695655
1.484,0.03610438428341472
1.488,0.051537956096684746
1.492,0.041513209851587525
1.496,0.03758584291465031
1.5,0.07127378602723662
1.504,0.06638544086214233
1.508,0.09079968317418297
1.512,0.09428162693602878
1.516,0.10073810386890943
1.52,0.11789244789411939
1.524,0.14694766345194904
1.528,0.16181926757875245
1.532,0.15581317445859766
1.536,0.17110635675383967
1.54,0.19480430448503458
1.544,0.19009473727515516
1.548,0.21616885520455656
1.552,0.2264388204872397
1.556,0.24305789451145107
1.56,0.24395773607385543
1.564,0.247713904880086
1.568,0.2529484916593808
1.572,0.2711451776988677
1.576,0.2847878301670385
1.58,0.29178234029652217
1.584,0.3176099293324306
1.588,0.3109376632805293
1.592,0.2899823400410298
1.596,0.3008965200297266
1.6,0.28929717936164867
1.604,0.2846819740712753
1.608,0.2818551100370305
1.612,0.2771271346731384
1.616,0.25709749590619896
1.62,0.2594882060804435
1.624,0.22479347651470855
1.628,0.2228507168540601
1.632,0.23476108750898872
1.636,0.1966440734779768
1.64,0.1942086374626782
1.644,0.16628013397179128
1.648,0.15686201762746685
1.652,0.13653391130946185
1.656,0.12194006178427302
1.66,0.10300130775553117
1.664,0.10295280729995068
1.668,0.07875931114637147
1.672,0.0833744921706948
1.676,0.07786200689496735
1.68,0.06182039555286954
1.684,0.04728646084739793
1.688,0.04750878019655705
1.692,0.03349562737864344
1.696,0.040301676438337854
1.7,0.007697332833060223
1.704,0.018367954560512743
1.708,-0.001880532512759707
1.712,-8.593468182922955e-05
1.716,0.025817118374990435
1.72,0.018865930719657562
1.724,0.0008244110860319079
1.728,-0.008579905767936723
1.732,-0.024498314737564607
1.736,-0.0013508885954467394
1.74,0.02742413756323532
1.744,0.00687137113278692
1.748,-0.0036321886483705657
1.752,0.006169465028647186
1.756,-0.014442492237323409
1.76,-0.0020820467556574985
1.764,0.0016709406013810065
1.768,-0.0003512553516952982
1.772,0.008289903243228283
1.776,0.0037306559713876095
1.78,0.0068934425495162785
1.784,-0.006729274436160669
1.788,0.009090923447883066
1.792,0.01637118203307194
1.796,-0.009642519722651014
1.8,-0.008834713897214434
1.804,0.013387909657397256
1.808,-0.0018921717301370673
1.812,0.014053174494957184
1.816,-0.004414872007183799
1.82,0.014557823587307008
1.824,0.0013201515155744138
1.828,0.002586390734895455
1.832,0.01565100469789244
1.836,-0.0036129410108139814
1.84,-0.009403545060296132
1.844,-0.004471555817320933
1.848,0.004550171655779905
1.852,-0.015606650948388206
1.856,0.006469688073828457
1.86,-0.0052146527012348134
1.864,0.011785760564064164
1.868,-0.023409406869801815
1.872,-0.006964772159478495
1.876,-0.01538096259325852
1.88,-0.005880402573162098
1.884,0.0062038100726607365
1.888,0.0038925298137848932
1.892,0.005917751731594037
1.896,0.010655377058432086
1.9,0.01933293671186395
1.904,0.013731750825888758
1.908,0.039030785817379045
1.912,0.04843555953018516
1.916,0.05715706276117158
1.92,0.07181392569875127
1.924,0.08321577903130384
1.928,0.11510806035565578
1.932,0.108186165168701
1.936,0.11927162623091643
1.94,0.1262420454245508
1.944,0.13226106293381312
1.948,0.13568399987262864
1.952,0.14111184738882104
1.956,0.14734860459247953
1.96,0.14578554566916005
1.964,0.13409021971946747
1.968,0.11444509479043814
1.972,0.11778935606522647
1.976,0.10187042784030806
1.98,0.07837751105949058
1.984,0.059457590630463235
1.988,0.05855399720623643
1.992,0.04348218215405903
1.996,0.01730744574409763
2.0,0.022996246403386492
2.004,0.019808443480749883
2.008,0.0031656916631635033
2.012,0.010287434623377414
2.016,-0.008908282219650567
2.02,0.01705776944209432
2.024,0.014840248678309497
2.028,-0.0010553659663090733
2.032,0.004526519285729955
2.036,-0.023571591594341957
2.04,-0.01125925874008082
2.044,-0.0027668177632431366
2.048,-0.01062767247935397
2.052,0.007193971423552897
2.056,0.019998969074224167
2.06,-0.011753149013612688
2.064,-0.00836962228997702
2.068,0.0023480915438870466
2.072,0.016061536741088508
2.076,-0.012456359410164075
2.08,0.001583120089234706
2.084,0.015204684117275113
2.088,-0.025015526359012528
2.092,-0.03326464695529763
2.096,-0.04618125532237202
2.1,-0.078472972517688
2.104,-0.10079322269115644
2.108,-0.13504601230362442
2.112,-0.16384082942758377
2.116,-0.121881386881293
2.12,-0.08554851349580747
2.124,0.006294614130005603
2.128,0.08848591610727918
2.132,0.22418412748947997
2.136,0.40994966863845445
2.14,0.6131705556720757
2.144,0.8060490988540857
2.148,0.929873306052027
2.152,1.0052415543840816
2.156,0.9341994302390175
2.16,0.7998558438127662
2.164,0.58532776277253
2.168,0.39965139671986577
2.172,0.20586053276803026
2.176,0.05170949524022866
2.18,-0.04986345707844764
2.184,-0.15133865005082575
2.188,-0.22624067831291728
2.192,-0.23161728122777459
2.196,-0.2335754232007558
2.2,-0.1802369149103448
2.204,-0.11823373833351851
2.208,-0.07509634076651633
2.212,-0.028637665423197737
2.216,-0.01894036079226695
2.22,-0.008623856160493912
2.224,0.012683273065924186
2.228,-0.010078420446910496
2.232,-0.02328132636605878
2.236,0.017309496878278083
2.24,0.027070942993635317
2.244,-0.0020120495107199907
2.248,-0.016748968022581228
2.252,0.00023559675997862628
2.256,0.0013704729071710828
2.26,0.003429842822851607
2.264,-0.004467233834684666
2.268,0.014082338560780623
2.272,0.015479869027150442
2.276,-0.0023838781315432232
2.28,0.022307529690321407
2.284,0.0390831169344324
2.288,0.02405886410682509
2.292,0.023348658308432458
2.296,0.030340422374543645
2.3,0.043660786176098074
2.304,0.02670686254929696
2.308,0.052961637351661955
2.312,0.055547667891197264
2.316,0.08691517774814167
2.32,0.07653502690407113
2.324,0.10563905132233016
2.328,0.08941930638109309
2.332,0.11858787737635344
2.336,0.12885693287887048
2.34,0.1305136394701965
2.344,0.15499466780734977
2.348,0.17969792925815148
2.352,0.17886202214488378
2.356,0.17970447163562303
2.36,0.2107766411162339
2.364,0.21585646430178584
2.368,0.23477599109782657
2.372,0.2498814289760844
2.376,0.24511118003233828
2.38,0.2562572906304723
2.384,0.2860753579056714
2.388,0.28330272142387286
2.392,0.2684575637989509
2.396,0.3057237553318524
2.4,0.3024929783042804
2.404,0.2926119839072773
2.408,0.28465172203942635
2.412,0.3023721068409338
2.416,0.2918984657327231
2.42,0.30492412422656034
2.424,0.27643040187631485
2.428,0.26583392641836784
2.432,0.2487954449275334
2.436,0.24611672202558008
2.44,0.2308673136619915
2.444,0.22319557729481215
2.448,0.1911312329221358
2.452,0.17746438191037947
2.456,0.16250197731925747
2.46,0.16085402087977624
2.464,0.15392108768079119
2.468,0.12081818593204091
2.472,0.10822370099101296
2.476,0.10336775377144977
2.48,0.08628813598587323
2.484,0.08759895392124678
2.488,0.04573730239130968
2.492,0.05101994115746083
2.496,0.04334453774969457
2.5,0.02067677006051023
2.504,0.02775365268164722
2.508,0.022504904176955554
2.512,0.024620075286428664
2.516,0.03339026665673343
2.52,0.016038038660561967
2.524,0.004949724489295888
2.528,0.011941764307626855
2.532,0.02068544897932888
2.536,-0.0015071453366004278
2.54,-0.002467505452587047
2.544,0.010891209678835903
2.548,0.0019982651050185966
2.552,0.009799820538724278
2.556,0.002470531379739936
2.56,0.009047656191398207
2.564,-0.00877858083096722
2.568,0.001088420298747206
2.572,-0.001182719428359714
2.576,-0.011457111142574894
2.58,-0.015105252626841918
2.584,0.007254484682272256
2.588,-0.003213789905740888
2.592,-0.01000390648599799
2.596,-0.0008008003172232865
2.6,0.011397833911044401
2.604,-0.022721955691103905
2.608,-0.014904756778018943
2.612,-0.00918468368318859
2.616,0.014643258423886906
2.62,0.0028481426052441297
2.624,0.007688835437886491
2.628,-0.011390664637041973
2.632,-0.011187760013780674
2.636,0.004483379305747
2.64,0.0005863367313744938
2.644,0.005489835996787026
2.648,-0.0018750523904642205
2.652,0.0027825543693074765
2.656,0.001581943674846139
2.66,0.007778189590039501
2.664,0.008070461295240753
2.668,-0.016198382066608688
2.672,-0.022472260267902614
2.676,0.01001818625854882
2.68,0.011878713763274816
2.684,-0.010203197598463684
2.688,-0.018592104829215562
2.692,0.0010029749063244946
2.696,0.009333294431006283
2.7,0.018023880322611048
2.704,0.0052528948571483455
2.708,-0.0035527463351877203
2.712,-0.008638250497990448
2.716,0.0006236428967637448
2.72,-0.002130482708684981
2.724,-0.008727584419998286
2.728,0.022777156819720167
2.732,0.021442289306859694
2.736,0.016849038172014885
2.74,-0.001030828699288517
2.744,0.020426572433485585
2.748,0.023208300090083213
2.752,0.027622819775958804
2.756,0.043695532926369594
2.76,0.047253536192604
2.764,0.059662133093634176
2.768,0.07146179655781403
2.772,0.0824323009597451
2.776,0.07567685215032682
2.78,0.1086972415909939
2.784,0.1157041702272889
2.788,0.12009279651940584
2.792,0.15876809308196843
2.796,0.1650837360414447
2.8,0.16358113957929885
2.804,0.15092153103493927
2.808,0.1565640395022436
2.812,0.13457051211192908
2.816,0.12519431405299708
2.82,0.09904318047374466
2.824,0.09968950089611789
2.828,0.08180802363236696
2.832,0.054122215190118506
2.836,0.05361072818260179
2.84,0.04172366951147057
2.844,0.050537444340877556
2.848,0.03324718940047959
2.852,0.017797883153930754
2.856,0.015028475175859674
2.86,0.009110791560359032
2.864,0.003811607119170376
2.868,-0.006988378955927209
2.872,0.0009450191245692983
2.876,-0.005928805849604049
2.88,-0.011571290096956753
2.884,0.005664650970576928
2.888,0.00423186497016242
2.892,-0.01768727982137868
2.896,-0.0011281388676629173
2.9,0.01000983281973196
2.904,0.010619769098331802
2.908,0.010272203907008504
2.912,0.0003947869330440187
2.916,-0.008455301549882666
2.92,-0.010879952297965624
2.924,0.0032406255356300247
2.928,0.0029801218278888778
2.932,0.010141247617724593
2.936,0.0031757016395509447
2.94,-0.020414187349220392
2.944,-0.05213474338126961
2.948,-0.07348366879023312
2.952,-0.10378361079767635
2.956,-0.13765654846871445
2.96,-0.15215773149711398
2.964,-0.12727271745109758
2.968,-0.08989627533818761
2.972,-0.020028522676335456
2.976,0.08796742411526592
2.98,0.21339581839756205
2.984,0.39073302642744023
2.988,0.5906777369587073
2.992,0.7747057763817965
2.996,0.9326310373498596
3.0,1.0139276535377821
3.004,0.941694091903224
3.008,0.7915798461403946
3.012,0.5987077899128125
3.016,0.4123397946193358
3.02,0.2285023609102579
3.024,0.07496830872829742
3.028,-0.03541772134060283
3.032,-0.1732549127850281
3.036,-0.2119160786312399
3.04,-0.2300223187642626
3.044,-0.24338885829797224
3.048,-0.1892592826640657
3.052,-0.13346663801268532
3.056,-0.08170124949584211
3.06,-0.038979752806937155
3.064,-0.0005221903952883841
3.068,0.013365376951866603
3.072,-0.004485475735872219
3.076,0.019312010028791272
3.08,0.0011687700799238188
3.084,0.018707205997795972
3.088,0.0006095468717969556
3.092,0.003307435029521603
3.096,0.006219438883994667
3.1,0.03506099560151934
3.104,0.012661695954955237
3.108,-0.0018462865686042816
3.112,0.016231702489828057
3.116,0.004517576523155223
3.12,0.005156517560873177
3.124,0.021431103279058006
3.128,0.015372392954263025
3.132,0.02104424908604233
3.136,0.022132672901802986
3.14,0.029687748865748882
3.144,0.03555184243856171
3.148,0.01761759876369727
3.152,0.05009178318846473
3.156,0.04084025617281617
3.16,0.04430000600810785
3.164,0.06705032760699034
3.168,0.0782410820558243
3.172,0.08107834122943508
3.176,0.10775236253679159
3.18,0.09821618150256972
3.184,0.12046057967277601
3.188,0.1321759624194335
3.192,0.15153991169453182
3.196,0.1691237495864482
3.2,0.1707751222782086
3.204,0.20262866391773235
3.208,0.21036865631691343
3.212,0.2047899719822163
3.216,0.2175026915100331
3.22,0.24954175964436437
3.224,0.2590214964541574
3.228,0.270555266543084
3.232,0.2802773428373273
3.236,0.2902276415290325
3.24,0.30317369368112806
3.244,0.2865142143896491
3.248,0.2879620355652984
3.252,0.2888941616880785
3.256,0.3009485888957829
3.26,0.3068610664937741
3.264,0.2846397823907992
3.268,0.2567697434209339
3.272,0.25600502412913856
3.276,0.2545561214839476
3.28,0.24591396939689322
3.284,0.23497122680331786
3.288,0.22617008835099375
3.292,0.2087722482543962
3.296,0.20807502390064478
3.3,0.17630417095505474
3.304,0.15990847463556407
3.308,0.15895160126595428
3.312,0.12476304398591262
3.316,0.13043980316219603
3.32,0.11457824528367318
3.324,0.09977156083937144
3.328,0.10557990708961748
3.332,0.07273661876081214
3.336,0.08966540205666129
3.34,0.057766813404243667
3.344,0.03906052971743773
3.348,0.045171580095601405
3.352,0.027152832358442017
3.356,0.024601199029998508
3.36,0.031005164737659838
3.364,0.028166266445059436
3.368,0.01256781703371597
3.372,0.02538868656201176
3.376,0.02430390978411389
3.38,0.02473964137928854
3.384,0.01369925756336039
3.388,0.020399050967240158
3.392,-0.013398178206230316
3.396,0.0011195764313375023
3.4,-0.005276134471993739
3.404,0.0038547729768409165
3.408,-0.0036390861447237904
3.412,-5.413864135384071e-05
3.416,0.020058797681061585
3.42,-0.0007512668209030276
3.424,0.004856631543467757
3.428,-0.0017801100296181184
3.432,0.001164138689130415
3.436,0.0003635247214376266
3.44,0.004707903153038339
3.444,0.011818395710920231
3.448,0.016594816677886984
3.452,0.003184017979163971
3.456,0.005958861186796174
3.46,-0.011463176185578478
3.464,-0.0008463623633307001
3.468,0.009425841954058154
3.472,0.008675832611796871
3.476,0.002127385692276434
3.48,0.00887178132252242
3.484,0.004913079789229302
3.488,0.012006774862471625
3.492,0.0028961214784168294
3.496,-0.00355526976173219
3.5,0.00335956627982722
3.504,-0.029305170034990793
3.508,0.003829377550542153
3.512,-0.03648376948209016
3.516,-0.017234361591892455
3.52,0.004517950889567795
3.524,0.004775664635607431
3.528,-0.011623603631285144
3.532,-0.007119615627765475
3.536,0.013708350322272966
3.54,-0.004834219955889856
3.544,0.02244151231926779
3.548,5.116101093786499e-06
3.552,0.004127194370065815
3.556,0.016256678753294198
3.56,0.0014712136530977222
3.564,-0.009736316847519893
3.568,-0.000597989149908061
3.572,0.0004901693057181632
3.576,-0.012249252426602398
3.58,-0.00030674762261703563
3.584,-0.0038876809377049624
3.588,0.01465097258435676
3.592,0.008410335978063484
3.596,0.008894492888259069
3.6,0.01554768415369762
3.604,0.02517035095538191
3.608,0.037048286670950774
3.612,0.030522347774628707
3.616,0.041408042263800106
3.62,0.07565367703605623
3.624,0.07438381813618336
3.628,0.0788185479418547
3.632,0.11179178027795902
3.636,0.1254411226011359
3.64,0.11720401636561834
3.644,0.14396987728088265
3.648,0.15500002971702978
3.652,0.1537197485204333
3.656,0.15481368790177552
3.66,0.1292677064467673
3.664,0.1381225181200098
3.668,0.12058625272315904
3.672,0.10565054643166213
3.676,0.10494984660945943
3.68,0.09651765440680443
3.684,0.0855856289537012
3.688,0.06771878501922754
3.692,0.04181529791219084
3.696,0.036419403538424204
3.7,0.03224261755207013
3.704,0.01910772156069161
3.708,0.014010705288600461
3.712,0.01702663176746074
3.716,0.005334549183154157
3.72,-0.003396478325697097
3.724,-0.0016481552888230932
3.728,0.007898329133503804
3.732,0.000979127289665062
3.736,0.00396532679611263
3.74,0.007026549513047591
3.744,-0.003564766583492529
3.748,0.007663397685850196
3.752,0.0038424770002106813
3.756,-0.01231992898695366
3.76,0.014437249173208488
3.764,-0.005001523980351085
3.768,-0.016555200946892445
3.772,-0.010490830227497316
3.776,-0.010405289075885218
3.78,-0.0002537448881805396
3.784,-0.005360707847730718
3.788,-0.010921398306593832
3.792,-0.012340561160487575
3.796,-0.03536540996886367
3.8,-0.06588765245280208
3.804,-0.10059255427401205
3.808,-0.1286595466575982
3.812,-0.16751797532623677
3.816,-0.13455144024614699
3.82,-0.10874961013518417
3.824,-0.016410793258062037
3.828,0.0806958911064441
3.832,0.22240942549204717
3.836,0.39337185729597784
3.84,0.5825385401666826
3.844,0.7744567633177952
3.848,0.9381700638059535
3.852,0.993894109564931
3.856,0.9567953315385873
3.86,0.8289272715175054
3.864,0.6192343173049346
3.868,0.42728024884939547
3.872,0.24106682617798963
3.876,0.07156251894677555
3.88,-0.03377937175031069
3.884,-0.13642285120439487
3.888,-0.21298236639873158
3.892,-0.2529538954925811
3.896,-0.24187170001763492
3.9,-0.19288196579440964
3.904,-0.12264675970384892
3.908,-0.08398147877035592
3.912,-0.03237863348485393
3.916,-0.02774206656723629
3.92,-0.007273281036970884
3.924,-0.00011195742138793451
3.928,0.02468318847447793
3.932,-0.01297463636268037
3.936,0.015877897339466606
3.94,0.003026303846131645
3.944,0.006090329796264242
3.948,0.0037253662022537415
3.952,0.007691381544328914
3.956,0.002577005045123819
3.96,0.019723989897027817
3.964,0.001924853594755323
3.968,0.019395245984709673
3.972,0.003534802107387205
3.976,0.011652645561922987
3.98,0.004235658727898996
3.984,0.02268411692881627
3.988,0.03629903912748153
3.992,0.025380816117265833
3.996,0.02914128545884636
4.0,0.02562268654754256
4.004,0.040886687434665135
4.008,0.03445666797742993
4.012,0.049287994469564736
4.016,0.06956517803145591
4.02,0.09022342272093409
4.024,0.11570735018932277
4.028,0.09314923997384385
4.032,0.12553734425756397
4.036,0.12649027332392265
4.04,0.13601506025351195
4.044,0.1558192539468923
4.048,0.16643185180239553
4.052,0.18143171241885764
4.056,0.19077900725619526
4.06,0.1952439922345878
4.064,0.20777707780246982
4.068,0.243150027991823
4.072,0.24645960476567924
4.076,0.25487197730369243
4.08,0.27132318554846563
4.084,0.28820839621886046
4.088,0.28953628535652093
4.092,0.2869604057080832
4.096,0.3097784316730596
4.1,0.3154324169090962
4.104,0.3048011370145707
4.108,0.30789304810333257
4.112,0.3069951545614735
4.116,0.3004820019307665
4.12,0.28821518069809393
4.124,0.27937020843888527
4.128,0.2684730800052315
4.132,0.24094925177007048
4.136,0.24652780346464423
4.14,0.21271811211494043
4.144,0.20445456073283738
4.148,0.21113946367777522
4.152,0.19199284209578685
4.156,0.18392926876231636
4.16,0.15196087838809233
4.164,0.12909739561877487
4.168,0.12461983695474596
4.172,0.11503131895358158
4.176,0.10246802218870692
4.18,0.10143765336840047
4.184,0.07571971639455953
4.188,0.07292571028250665
4.192,0.05044686474308623
4.196,0.05661535647304665
4.2,0.04475534494101293
4.204,0.030640713611487423
4.208,0.029957325145301795
4.212,0.0253650703438267
4.216,0.02005800836424662
4.22,0.036631198834957024
4.224,0.01463972221075705
4.228,0.01038271462534863
4.232,-0.010519780151241758
4.236,-0.00047172419638593505
4.24,0.00418810356325169
4.244,-0.001404215541235352
4.248,0.01815208474702878
4.252,0.001774045291330084
4.256,0.01557072491551656
4.26,0.00271146397581198
4.264,0.0019948183830436972
4.268,0.00036099418348348427
4.272,0.0009932217113338235
4.276,0.017913913736086876
4.28,-0.022647919777623395
4.284,-0.019604152527626505
4.288,-0.0051250749542455145
4.292,0.00037242013219482994
4.296,0.00706822872754491
4.3,0.004853143495240598
4.304,-0.003753599209414114
4.308,0.010254618494455274
4.312,0.010348051228083415
4.316,0.0018735583171767079
4.32,0.009650205842001781
4.324,0.0027436784734751474
4.328,-0.005601506458953507
4.332,0.0069900991552252064
4.336,0.0011198164701680085
4.34,3.360789853381128e-05
4.344,0.014764255229882691
4.348,-0.024445706400961352
4.352,-0.014061845248811532
4.356,-0.011663824437793652
4.36,-0.00326835338382099
4.364,-0.0019200257102678635
4.368,-0.01402385389020557
4.372,-0.008136667602578718
4.376,-0.005876560125811234
4.38,0.028816225166179404
4.384,0.024437899241591256
4.388,0.005354688848179049
4.392,0.009985374566447715
4.396,0.007600493396530836
4.4,0.007003869049054388
4.404,0.033569294751475805
4.408,0.03511357419341557
4.412,0.056204281599984696
4.416,0.05435949035251454
4.42,0.07696187213344492
4.424,0.1005919715513285
4.428,0.11685086890420314
4.432,0.13018040154952978
4.436,0.12352358453896387
4.44,0.15316070056716988
4.444,0.14108593136506287
4.448,0.15614446006956273
4.452,0.14663578297808522
4.456,0.12633481732490548
4.46,0.12721331315905662
4.464,0.12191382293916664
4.468,0.11068924703533259
4.472,0.08869976533076264
4.476,0.09101166187065288
4.48,0.07205234881321493
4.484,0.04689706937333658
4.488,0.04598001189457281
4.492,0.0485148347947963
4.496,0.04116932172885489
4.5,0.0032553397851545294
4.504,0.0016436603946958263
4.508,0.022315919551898367
4.512,-0.0056013287042624305
4.516,-0.00998598123797655
4.52,-0.002808601918847137
4.524,0.005470896942019441
4.528,-0.0002599709107243645
4.532,-0.006057170245554691
4.536,-0.006485528635082083
4.54,-0.006980266504463278
4.544,-0.00871730437183137
4.548,0.022857543571171715
4.552,0.0029963533930600157
4.556,0.008877926808083844
4.56,-0.004888194780260274
4.564,-0.001873104424583848
4.568,-0.00721633534523031
4.572,-0.026873203921066787
4.576,-0.01510224105956429
4.58,-0.02228415711695102
4.584,-0.03374625235850007
4.588,-0.037757586347627756
4.592,-0.03718176336156545
4.596,-0.08438388791491166
4.6,-0.10594282744138374
4.604,-0.1385320682706772
4.608,-0.13560216596969465
4.612,-0.12471104165922944
4.616,-0.05522907002150597
4.62,0.028033381764420794
4.624,0.1257836282386903
4.628,0.28447475810949746
4.632,0.4687399671784962
4.636,0.6613466062590597
4.64,0.8414083592153717
4.644,0.9618658326086624
4.648,0.9953826774045084
4.652,0.9117680751500016
4.656,0.7333703432198684
4.66,0.5374258849217252
4.664,0.3432937243666445
4.668,0.17198742742543532
4.672,0.04092767736636907
4.676,-0.07594751219358387
4.68,-0.1873346128134631
4.684,-0.21567340276324243
4.688,-0.25062326309974514
4.692,-0.20660330201441177
4.696,-0.16215300737104704
4.7,-0.1080116780318641
4.704,-0.0744609699366846
4.708,-0.02767787662696806
4.712,-0.02561236131218847
4.716,0.006629253534543559
4.72,0.014750427216025066
4.724,-0.007445863789768265
4.728,0.003976769458851663
4.732,-0.005946970367849305
4.736,-0.0045788153659068916
4.74,0.009945930860470497
4.744,0.0024342163544502056
4.748,0.02098528256962416
4.752,-0.00028364371090826637
4.756,0.015696714872019797
4.76,0.008095300295707196
4.764,0.01679249648671452
4.768,0.006419093971531135
4.772,0.01284383766864473
4.776,0.015079558480934042
4.78,0.011271392264654172
4.784,0.030209721641686057
4.788,0.03466506689778228
4.792,0.039344086392015545
4.796,0.05474851339416667
4.8,0.06061344126930744
4.804,0.04992108271849494
4.808,0.06578927579825627
4.812,0.06506418823378203
4.816,0.08162877480195999
4.82,0.08632927016276525
4.824,0.12025903014956954
4.828,0.1201693509805492
4.832,0.12748890832212512
4.836,0.15530265781173042
4.84,0.13579323805615515
4.844,0.15178066773945903
4.848,0.19442582085980462
4.852,0.2015583001953163
4.856,0.21768806334778698
4.86,0.21568729468745418
4.864,0.24181338163818936
4.868,0.2742917298100472
4.872,0.27362169833324895
4.876,0.2769193679061026
4.88,0.27921849483338723
4.884,0.28644116621851423
4.888,0.27413794324394325
4.892,0.3012194888644519
4.896,0.30842009125988157
4.9,0.28361497635200245
4.904,0.2902580118734649
4.908,0.28094130027052205
4.912,0.27673138180633455
4.916,0.279128445330569
4.92,0.2484413554672013
4.924,0.26477030804602847
4.928,0.2543455639377167
4.932,0.23151310027876965
4.936,0.1956805723992909
4.94,0.19644472827102716
4.944,0.20432543976035694
4.948,0.14967100727758148
4.952,0.1594859010990462
4.956,0.13689975275738092
4.96,0.1428665379141265
4.964,0.1147063417398104
4.968,0.11276019124606902
4.972,0.10235323691683339
4.976,0.1038195525858675
4.98,0.07301155370773568
4.984,0.06923435600418329
4.988,0.041911569809938674
4.992,0.06079970507283173
4.996,0.03424543447646532
5.0,0.029984490545557213
5.004,0.029853876688034815
5.008,0.009624455726218593
5.012,0.023356100819294973
5.016,0.027139539417199758
5.02,0.017314673778778294
5.024,-0.00411576309531953
5.028,0.008335842352548056
5.032,0.015156111718444519
5.036,-0.012569152062540773
5.04,-0.00579315720001793
5.044,0.01269258753530889
5.048,0.005793924537310345
5.052,0.006540155871224274
5.056,0.020477007974233546
5.06,0.006139623742493502
5.064,0.007695160270513263
5.068,0.027958934122376183
5.072,-0.0014926959928082022
5.076,-0.007492827125707304
5.08,0.004641626827530053
5.084,0.004660294715743704
5.088,-0.005067404758576531
5.092,-0.010177344879796704
5.096,0.023205387664874025
5.1,0.003345938406074114
5.104,-0.007267042721261609
5.108,0.009199239714065789
5.112,-0.0010630488606900013
5.116,-0.0025087254791377996
5.12,0.005636889415840208
5.124,-0.012908807165612903
5.128,0.0035335268320016177
5.132,0.01913523291556881
5.136,0.004667139797800961
5.14,-0.0037554055046955504
5.144,-0.005060286640387917
5.148,-0.004083852629042585
5.152,-0.002502845789132701
5.156,-0.0037091011111196823
5.16,0.009290119848620673
5.164,-0.01710350504938801
5.168,0.009021384582299915
5.172,-0.0031096458536790782
5.176,0.004916480378065826
5.18,-0.009403781186674919
5.184,0.01624564265823604
5.188,0.017030787574910482
5.192,0.016488217165057883
5.196,-0.00502535540058063
5.2,0.022781147177232907
5.204,0.02426665867469593
5.208,0.011445003705430373
5.212,0.036210155462018
5.216,0.050749050471786225
5.22,0.06488843678148001
5.224,0.0746078911413155
5.228,0.09007050855572425
5.232,0.11639766502323953
5.236,0.1278415659685498
5.24,0.09941493922516295
5.244,0.13518053869181168
5.248,0.14402390999464285
5.252,0.13197522569720233
5.256,0.1504865429058688
5.26,0.15829982310083585
5.264,0.12771382302770748
5.268,0.1317406638918925
5.272,0.10676091142832236
5.276,0.09530582136661546
5.28,0.1023004433969162
5.284,0.06776495330606266
5.288,0.0642778688297606
5.292,0.02868272767001671
5.296,0.05532546707127444
5.3,0.033730157661364696
5.304,0.018557730954875243
5.308,0.020372861003429
5.312,-0.0038803391274433875
5.316,0.018787267615747366
5.32,0.0013838069253597597
5.324,0.0009524054046723481
5.328,-0.003027959194761858
5.332,-0.004644960243229579
5.336,0.0076430462464976215
5.34,0.0029659665301143986
5.344,0.006749237850773497
5.348,4.071795918570239e-05
5.352,0.005201623300647353
5.356,-0.004151769561500173
5.36,0.022316132015979737
5.364,-0.0156703869020844
5.368,0.012610270329200186
5.372,0.013659580128806671
5.376,-0.008628241016772167
5.38,0.021837817794443236
5.384,0.008313963775568856
5.388,0.004671547566558918
5.392,-0.012908349723688714
5.396,-0.03157880083900015
5.4,-0.057952663555403024
5.404,-0.0864462787607643
5.408,-0.1102625978736256
5.412,-0.1429104226000733
5.416,-0.14973477605040836
5.42,-0.0995782271968798
5.424,-0.0387541095071205
5.428,0.04461226193259341
5.432,0.16233064958564708
5.436,0.3064025139367526
5.44,0.4893777054188784
5.444,0.693784872894902
5.448,0.8637957458619054
5.452,0.9877266721819151
5.456,0.985857563294949
5.46,0.8791939190376968
5.464,0.6768444287505281
5.468,0.48796301878492515
5.472,0.3159439982939888
5.476,0.13205486715813639
5.48,0.006968622887647321
5.484,-0.1203493896116611
5.488,-0.17548699083297573
5.492,-0.239466821649436
5.496,-0.2401224212709371
5.5,-0.18546561486869562
5.504,-0.13696368703351322
5.508,-0.0973819262218563
5.512,-0.05566333120570734
5.516,-0.025478794538919346
5.52,-0.003182789138177596
5.524,-0.003413496697933234
5.528,-0.0041284470891609195
5.532,0.015290635674378635
5.536,-0.00012268079716331736
5.54,0.024368246328602003
5.544,0.0026934700060764114
5.548,0.02015423800847425
5.552,0.006517567699814439
5.556,0.01337295662113601
5.56,-0.0025173526757775464
5.564,-0.0026021373571255774
5.568,0.01199961122655541
5.572,0.019058912832364668
5.576,0.011697867732392451
5.58,0.0009553926071685769
5.584,0.003196916576287826
5.588,0.006020707257581222
5.592,0.006678149526369123
5.596,0.03013828721410344
5.6,0.04566478529677617
5.604,0.04038417798217834
5.608,0.02479649110399667
5.612,0.05319058157549756
5.616,0.06200919004988967
5.62,0.09399062063443897
5.624,0.06870459478443296
5.628,0.09044604521641102
5.632,0.1232795733261303
5.636,0.12331902516518574
5.64,0.13769684045040573
5.644,0.14699392693359362
5.648,0.16334309389317625
5.652,0.1822766181270001
5.656,0.18095462666309628
5.66,0.21228545378203015
5.664,0.2039379815547917
5.668,0.23461526471375724
5.672,0.24607183110219072
5.676,0.25015390061307635
5.68,0.2669993220262934
5.684,0.27059709401323295
5.688,0.27421698959179164
5.692,0.28787602894842307
5.696,0.28509639925471314
5.7,0.30224510586117054
5.704,0.2884989909276372
5.708,0.30618540242524583
5.712,0.28441757011651164
5.716,0.285891052534531
5.72,0.2788728804535848
5.724,0.29029854054925913
5.728,0.27078924635531215
5.732,0.25449065963063877
5.736,0.249588781948995
5.74,0.2105975813049265
5.744,0.21758999404031767
5.748,0.22384340074105472
5.752,0.1907412522959444
5.756,0.17554796763535094
5.76,0.16588875582940055
5.764,0.15515938946645202
5.768,0.11243219458281509
5.772,0.10232403727632856
5.776,0.10863451287735407
5.78,0.08749525939747992
5.784,0.09666679268534044
5.788,0.07012805211424565
5.792,0.04451934459805437
5.796,0.04262396514758337
5.8,0.020088745798265983
5.804,0.0383417038737707
5.808,0.03267593281605765
5.812,0.02492626894062929
5.816,0.035254012302570234
5.82,0.032372937337442675
5.824,0.015177555595735344
5.828,-0.007457954485644052
5.832,0.01752689377195274
5.836,0.014776212174080965
5.84,0.010537400751197811
5.844,0.015784041300187873
5.848,-0.006891832123691978
5.852,0.023853437162260464
5.856,-0.006631688567087648
5.86,0.009808004794258075
5.864,-0.015074846116155763
5.868,-0.007914587248022175
5.872,0.016228061616345164
5.876,-0.0017980337255157925
5.88,0.009013171071021113
5.884,0.0028313790914605078
5.888,-0.0007044010257537478
5.892,0.013894854521776408
5.896,-0.0021774213348077004
5.9,-0.017668681419181667
5.904,-0.007931353293984783
5.908,0.0055850644281712405
5.912,0.004007703586075531
5.916,-0.015632981325500638
5.92,-0.007216723771609458
5.924,-0.00579837316603722
5.928,-0.0036414870880360217
5.932,-0.013749934126609333
5.936,-0.006277341216222528
5.94,-0.007281722215385741
5.944,0.007718331949229212
5.948,0.008093260650363483
5.952,-0.0014566965275817489
5.956,-0.003919390959386791
5.96,0.0014000595248615114
5.964,-0.008164883010775907
5.968,-0.011467031303702153
5.972,-0.009399833747985949
5.976,-0.00634338938275132
5.98,-0.011625188672797285
5.984,0.001639551079713067
5.988,0.007333962505008849
5.992,-0.015801245614379806
5.996,0.0003801281844875555
6.0,-0.001967310740188525
6.004,0.0038224648581755044
6.008,0.0005677309321734615
6.012,-0.013373206621758449
6.016,-0.01073339676094962
6.02,0.0032901824827689845
6.024,0.01491560846450389
6.028,-0.015174051905399383
6.032,0.013683167944401557
6.036,0.026524332698561928
6.04,0.018866305722293968
6.044,0.03322295594315793
6.048,0.029692521375767014
6.052,0.04622568551871161
6.056,0.04347412618233837
6.06,0.049776879967924056
6.064,0.09698502177713397
6.068,0.09220541425078357
6.072,0.11139213163815066
6.076,0.11453655549689773
6.08,0.12449852928951576
6.084,0.14408564571321691
6.088,0.1422528921424198
6.092,0.15327174790899448
6.096,0.15018382212674453
6.1,0.1415445224005566
6.104,0.13044704176403035
6.108,0.13133056180235114
6.112,0.09095515714309867
6.116,0.08657799956562626
6.12,0.08413244193215713
6.124,0.07194563990024407
6.128,0.03286172240252455
6.132,0.03330875295893364
6.136,0.0410617264932539
6.14,0.02528515279193283
6.144,0.016431926649428243
6.148,0.00793736008849661
6.152,0.0030484864684563995
6.156,0.007452512503028679
6.16,0.0004327551402331705
6.164,0.0014384029585119062
6.168,0.0019317233507858097
6.172,-0.006094340344499761
6.176,0.005722086833659826
6.18,0.02937056529473905
6.184,-0.017643310066866466
6.188,0.003308561242884981
6.192,-0.007565836084000739
6.196,0.005792486666840768
6.2,0.0004742800215457327
6.204,0.007619160075112291
6.208,0.011734501839584336
6.212,0.0018129469408339953
6.216,0.010848265770984127
6.22,-0.02513890311492126
6.224,0.010718676230064731
6.228,-0.009760487727125225
6.232,-0.019215045674016343
6.236,-0.06892178134538526
6.24,-0.09965227389609224
6.244,-0.12361790382328944
6.248,-0.1451461562855534
6.252,-0.13727310943107907
6.256,-0.09568217535145458
6.26,-0.06361198809189042
6.264,0.05056757636137707
6.268,0.15867295835435058
6.272,0.31185564840812074
6.276,0.489510760601205
6.28,0.7129424309757808
6.284,0.8600636632706012
6.288,0.9933456520848931
6.292,0.9702565210154908
6.296,0.8800580251218741
6.3,0.699725628725029
6.304,0.5064808707111312
6.308,0.29795451069233714
6.312,0.12765604165948144
6.316,-0.005042526005582663
6.32,-0.09638418272865301
6.324,-0.1863547366793705
6.328,-0.24261225936526115
6.332,-0.24491731947752998
6.336,-0.2230400875079421
6.34,-0.14658313360349753
6.344,-0.11047222243760488
6.348,-0.04123412430891707
6.352,-0.020398202360398462
6.356,0.015833416599742925
6.36,-0.013267541788292966
6.364,-0.0011690885851852444
6.368,0.01861543642168495
6.372,0.01294284916343286
6.376,-0.005579471846144197
6.38,0.004038377975061791
6.384,0.0023368832349883756
6.388,0.005783664951437867
6.392,-0.003219029385075096
6.396,0.003865570701880613
6.4,-0.010008442040345933
6.404,0.008798157194222708
6.408,0.013726950551372501
6.412,0.009084818854694636
6.416,-0.0022556786852979908
6.42,0.02677363704041094
6.424,0.02404101953572957
6.428,0.017214374626751065
6.432,0.026375588294327866
6.436,0.019565283157778994
6.44,0.030442670276079872
6.444,0.04222290163557129
6.448,0.06760558561606284
6.452,0.05748869704231236
6.456,0.07970282845271016
6.46,0.07818606611345741
6.464,0.09714791622527759
6.468,0.10514367955991405
6.472,0.12790536671403027
6.476,0.12708750776168407
6.48,0.130507824172791
6.484,0.14661846391770234
6.488,0.16958091516044085
6.492,0.17695803493367884
6.496,0.20800080973935456
6.5,0.21339322911036887
6.504,0.2554438550923479
6.508,0.2272509818539172
6.512,0.25866868592814996
6.516,0.2562285714095092
6.52,0.2721318280495969
6.524,0.2865485505328567
6.528,0.26831211659054977
6.532,0.29860861579035597
6.536,0.3180987140346068
6.54,0.29546540691697454
6.544,0.3016110917064959
6.548,0.3063774010288095
6.552,0.2897607102206686
6.556,0.2791088642515484
6.56,0.2540462765118133
6.564,0.2736142504551572
6.568,0.2551607252296343
6.572,0.23413098883957645
6.576,0.2325692256745579
6.58,0.21180159807147722
6.584,0.1981901589165682
6.588,0.1950815484689148
6.592,0.1610858498733418
6.596,0.17048634437797613
6.6,0.1318414752663009
6.604,0.12540796749820157
6.608,0.13802124279185124
6.612,0.11746860213499268
6.616,0.09530449177115012
6.62,0.07384803223102937
6.624,0.06771706396289427
6.628,0.06435090406153449
6.632,0.05545619446075879
6.636,0.04647646788157416
6.64,0.04019624385041636
6.644,0.03225843468956274
6.648,0.014612989349393134
6.652,0.01917999613436666
6.656,0.029430314895050717
6.66,0.0031093085908215617
6.664,0.011917949435142705
6.668,0.0030928518773005263
6.672,0.01028277126107921
6.676,0.003512799961467146
6.68,0.020706568804953175
6.684,0.00979227640757989
6.688,-0.009376561493641033
6.692,0.009655146145789769
6.696,-0.005446564231182385
6.7,-0.003983934950534938
6.704,0.004516282164820946
6.708,-0.0038609280592236898
6.712,0.009733416133260482
6.716,-0.007135885673461954
6.72,-0.005731278952012056
6.724,-0.00622130820142484
6.728,-0.00540214534644179
6.732,0.011179493118581163
6.736,0.006425473088998844
6.74,0.017199602963829184
6.744,0.022748936377808938
6.748,-0.01025503648974392
6.752,0.0007414438251319833
6.756,-0.011735553857805356
6.76,-0.007757399842914009
6.764,-0.006287744630310889
6.768,-0.010562436099420222
6.772,-0.010512560820121175
6.776,-0.0014384898782334263
6.78,-0.012164176510816431
6.784,0.008423388839081999
6.788,-0.009175928342525971
6.792,0.028097163559931797
6.796,-0.004511998661458665
6.8,0.0007232327095885799
6.804,-0.012947606408708299
6.808,0.017072362907424126
6.812,0.011217470292955806
6.816,0.0030124281824365547
6.82,-0.01338660527730698
6.824,0.002256113787878273
6.828,-0.010946875383527191
6.832,0.015090075898151811
6.836,0.008885220445043375
6.84,0.0022691871531896873
6.844,-0.02223964101774733
6.848,-0.006489281545611299
6.852,0.012011716377711364
6.856,0.01981007688163791
6.86,0.022293296737651208
6.864,2.351542000535861e-06
6.868,0.02507644048007815
6.872,0.03994844094544231
6.876,0.022635542277434063
6.88,0.05024254853203887
6.884,0.06567388955754326
6.888,0.073714117006335
6.892,0.0726424624463352
6.896,0.10233015362372128
6.9,0.11592805923823615
6.904,0.12968841906778586
6.908,0.13505589543670837
6.912,0.14265901658462843
6.916,0.1494948341672852
6.92,0.15331188571850235
6.924,0.14110732510187654
6.928,0.1319424327124153
6.932,0.12606147410866583
6.936,0.09299186944523252
6.94,0.10282919300488241
6.944,0.08352749631347452
6.948,0.06975752603896654
6.952,0.06574430271623997
6.956,0.02475790561506822
6.96,0.014315594498333216
6.964,0.028262087334467792
6.968,0.018576043814420743
6.972,0.01498061521979719
6.976,0.004595712514775517
6.98,0.012879439468482995
6.984,0.013438756005514207
6.988,0.007483245436510172
6.992,-0.0009520444717433167
6.996,-0.020065402750809473
7.0,0.008294481890851734
7.004,0.012566656828978383
7.008,0.006643176761205555
7.012,-0.008687496807507604
7.016,0.006796473782921241
7.02,0.008635939670263484
7.024,0.015603690618755597
7.028,-0.008754251286796145
7.032,-0.0022669166705275513
7.036,0.007440240372932422
7.04,0.00041218824425135576
7.044,-0.011831490142849184
7.048,0.0018751584515708138
7.052,-0.0008873884413579435
7.056,-0.015832196572039114
7.06,-0.033458788795155084
7.064,-0.06738666354161849
7.068,-0.08547622692059877
7.072,-0.14081776273987337
7.076,-0.1522382793558596
7.08,-0.13433532566640263
7.084,-0.08513840019107921
7.088,-0.041949242565927705
7.092,0.05373865419752214
7.096,0.17305641644716485
7.1,0.35860149163154187
7.104,0.5435988517495912
7.108,0.7521724643343101
7.112,0.9247442797357645
7.116,0.9903310309903589
7.12,0.9702304477539607
7.124,0.8373728474567302
7.128,0.6573493689782451
7.132,0.4490499275915006
7.136,0.2488362374530256
7.14,0.09691703703514727
7.144,-0.018839944541787404
7.148,-0.1283860347303671
7.152,-0.2210812216393544
7.156,-0.2372622818784927
7.16,-0.24781810113600092
7.164,-0.18031712425908397
7.168,-0.125289805563887
7.172,-0.0774715105810609
7.176,-0.03894188022649186
7.18,-0.019358342692111934
7.184,0.0007153717808641427
7.188,-0.005226792953453803
7.192,0.0024770332921818026
7.196,0.009465825980633827
7.2,-0.0045035835692345295
7.204,-0.004683981199041711
7.208,-0.010027117230147382
7.212,-0.008180450819733018
7.216,-0.015136348548375334
7.22,0.011292964317818404
7.224,0.023126502772668527
7.228,0.020564960745343565
7.232,-0.008402944851662222
7.236,0.016969058699129378
7.24,0.02616898321656565
7.244,0.010023938691598108
7.248,0.01872209265930349
7.252,0.0012723956545464717
7.256,0.028247923106510024
7.26,0.019816401519367557
7.264,0.038016212778909715
7.268,0.026721922948704145
7.272,0.054866035825854816
7.276,0.0676097157948336
7.28,0.05830637464977029
7.284,0.06439793610249399
7.288,0.06468406117533443
7.292,0.09487978680203255
7.296,0.10380425919712025
7.3,0.10689545738667024
7.304,0.1403405382337103
7.308,0.14522200896447357
7.312,0.15324768935500538
7.316,0.17295918530701115
7.32,0.2037602987449849
7.324,0.2134718057197648
7.328,0.2201887060560965
7.332,0.24116899715824278
7.336,0.23608895365445368
7.34,0.2597647352603025
7.344,0.27148034604594884
7.348,0.2745124845541492
7.352,0.29124092655152894
7.356,0.2850879791077364
7.36,0.302214583532985
7.364,0.3049971368301262
7.368,0.27076217111853734
7.372,0.31037638463554706
7.376,0.26464881286681974
7.38,0.28379236899724397
7.384,0.2933073541016791
7.388,0.2713833769476083
7.392,0.2499528988856507
7.396,0.24246887586523913
7.4,0.2513934155258869
7.404,0.20875898029552095
7.408,0.22545573434533014
7.412,0.1993594219692574
7.416,0.17348952921945748
7.42,0.16503957188757448
7.424,0.14629178813034804
7.428,0.15102025659317608
7.432,0.13602168095204395
7.436,0.09841380684670442
7.44,0.09914683170828766
7.444,0.08287561322662383
7.448,0.09357063985395683
7.452,0.05710100284182903
7.456,0.07746485622933211
7.46,0.05276276448592614
7.464,0.03398555106849808
7.468,0.03214825816505138
7.472,0.024988606183338744
7.476,0.015063150327743574
7.48,0.024230503586565245
7.484,0.007088598405069129
7.488,-0.005795024843192914
7.492,0.00935094129558973
7.496,-0.007299392121788699
7.5,0.0011780611674129709
7.504,-0.0020819662980056256
7.508,-0.003101194941224273
7.512,0.024472722789048135
7.516,0.004091514202843812
7.52,0.005223799312375686
7.524,-0.015602491619099958
7.528,-0.0048637866788164945
7.532,0.003444050945065772
7.536,-0.009257064161636387
7.54,0.009832247221566882
7.544,-0.011458950673669002
7.548,-0.0024371380383210605
7.552,-0.005542282726487368
7.556,0.0018791294392117967
7.56,-0.006231114882097222
7.564,-0.0025817385657768404
7.568,-0.0022687960282945074
7.572,-0.007277032312953697
7.576,0.004898933806682935
7.58,0.0024181245709207376
7.584,-0.0008618670809397925
7.588,-0.004287487023285662
7.592,0.007977405497552614
7.596,-0.002350021301220921
7.6,-0.0030612216407931705
7.604,0.0010508531674693902
7.608,0.01696857426193492
7.612,-0.013401700401419938
7.616,0.007699885638611241
7.62,-0.018930685278930014
7.624,0.002173740740520849
7.628,0.015752211452985762
7.632,0.004889124230307039
7.636,0.0017110298103311268
7.64,-0.005594927677299671
7.644,0.0003294267603969335
7.648,-0.0024838455703698656
7.652,-0.0077900845087348555
7.656,-0.002770022439160293
7.66,0.0022156685126534315
7.664,-0.007265115089527285
7.668,-0.0073662275532069155
7.672,-0.012440487008129435
7.676,0.0057964520005885384
7.68,0.008447238448625648
7.684,0.006941576795518025
7.688,0.01661552837032448
7.692,0.011099089302541632
7.696,0.018540911601745005
7.7,0.023425501171220192
7.704,0.026793731255845627
7.708,0.03140072315490984
7.712,0.06954420339323183
7.716,0.055144981431533374
7.72,0.06654122168897214
7.724,0.09187641469456687
7.728,0.1045531573173542
7.732,0.10188021664573658
7.736,0.1396111707150933
7.74,0.13764350999449293
7.744,0.13470668021326812
7.748,0.16143381160732456
7.752,0.15575164222227808
7.756,0.13302119282386626
7.76,0.15612074623052805
7.764,0.13466568920456187
7.768,0.11547025470786564
7.772,0.11755405721864036
7.776,0.08874136593794088
7.78,0.07254499372134303
7.784,0.052715958065505476
7.788,0.05291446898996423
7.792,0.0412125382774242
7.796,0.02763904780211073
7.8,0.01231387227134576
7.804,0.015785849688101698
7.808,0.009421661955907917
7.812,-0.006444286208088897
7.816,-0.010145003190874016
7.82,0.008609950124845719
7.824,-0.02415341423296014
7.828,0.003200670595189423
7.832,-0.004093933526956258
7.836,0.013483578905682997
7.84,-0.004706372831326909
7.844,0.006721508822303207
7.848,-0.0039006401952623978
7.852,0.0011735804935013928
7.856,0.007386844648703024
7.86,-0.004616840741797297
7.864,0.00996617638205251
7.868,-0.009957485213174612
7.872,0.0028349117569714203
7.876,0.008755069027054144
7.88,0.004907389874225237
7.884,0.013986388205788562
7.888,-0.021128343855472062
7.892,-0.04375382861025524
7.896,-0.06662064111760657
7.9,-0.08468780663532571
7.904,-0.12005599443489226
7.908,-0.14394039197973169
7.912,-0.15136114857047817
7.916,-0.09892744154637996
7.92,-0.05831306169259291
7.924,0.052272602811072474
7.928,0.18696797818423883
7.932,0.31730519811220326
7.936,0.5097598837995387
7.94,0.702696779551796
7.944,0.8658902698870983
7.948,0.9807572153771267
7.952,0.9743304822304116
7.956,0.8652693919959769
7.96,0.7184305065974892
7.964,0.49781177778862423
7.968,0.3038006535450959
7.972,0.13172296196279282
7.976,-0.0015296368659448454
7.98,-0.09932720137893586
7.984,-0.1919445506366222
7.988,-0.23341140086812184
7.992,-0.24453843413105014
7.996,-0.21086170443557653
8.0,-0.16462454660262207
8.004,-0.11272731756877308
8.008,-0.051418989176486074
8.012,-0.021147606973885878
8.016,-0.020910206628778263
8.02,-0.002615880899036674
8.024,0.0003933134501223495
8.028,-0.020928238509198473
8.032,-0.008122795972829064
8.036,0.005454743706529042
8.04,0.005668621662335761
8.044,-0.009220696758478189
8.048,0.004547543546855796
8.052,0.01399055609149296
8.056,0.012527917675375946
8.06,0.005017287988531414
8.064,0.002764814604160633
8.068,0.0029304790680488866
8.072,0.016033844462384393
8.076,0.015841880812664987
8.08,0.02317766637175355
8.084,0.021709029655982693
8.088,0.03265581879425285
8.092,0.030120221570984856
8.096,0.0424105403105853
8.1,0.04939557756396737
8.104,0.03954516970752747
8.108,0.03722815465643789
8.112,0.07930564539611695
8.116,0.0758530257873041
8.12,0.06640889334421696
8.124,0.08751359148695684
8.128,0.11425861905515335
8.132,0.11635927540251718
8.136,0.12729538987221511
8.14,0.16022161933923604
8.144,0.1499442908711937
8.148,0.1668971109982412
8.152,0.19154145856047122
8.156,0.207782482459884
8.16,0.22299416440363762
8.164,0.2407908774439063
8.168,0.24659581146839682
8.172,0.26150958063369795
8.176,0.264901170882306
8.18,0.2776800235145364
8.184,0.28619916598453615
8.188,0.2937087442890111
8.192,0.30396030104806315
8.196,0.30461836385628177
8.2,0.3004419990435383
8.204,0.2909245631428274
8.208,0.29681042358408194
8.212,0.2911282064093843
8.216,0.2868608802630439
8.22,0.29888175525088023
8.224,0.26198150729805875
8.228,0.2605319583178957
8.232,0.254960588202176
8.236,0.23230259937887524
8.24,0.24103704997980066
8.244,0.19971479573596768
8.248,0.19228057383012073
8.252,0.1665026583448114
8.256,0.15651872543322845
8.26,0.14832796518406333
8.264,0.14051761727028794
8.268,0.12200145983102532
8.272,0.1188039316816772
8.276,0.09339542060791411
8.28,0.07994709100018817
8.284,0.1000638567180504
8.288,0.0675735066556108
8.292,0.047897894706915904
8.296,0.040453085375698694
8.3,0.031087159778565875
8.304,0.04377617346784348
8.308,0.02539627247644309
8.312,0.02562504905322275
8.316,0.019654441998419207
8.32,0.024112246844321623
8.324,0.005350034154719928
8.328,0.0005380182515820568
8.332,0.01141504562684676
8.336,0.013411057172426803
8.34,0.009259880523368723
8.344,-0.003366514802992134
8.348,0.01051760211904569
8.352,-0.004494706393233334
8.356,-0.00291460046230107
8.36,-0.007652844106645168
8.364,0.014390199312838834
8.368,0.007391172974164619
8.372,0.006855112604955414
8.376,0.013081577680613254
8.38,0.028584870219925215
8.384,-0.01674971427475682
8.388,-0.0071294128820755445
8.392,-0.005974089796996347
8.396,-0.008370623587776507
8.4,-0.010675622583671744
8.404,-0.0029240019214497766
8.408,-0.012113877906002319
8.412,0.003387695297880019
8.416,0.0005434477823191325
8.42,0.00482896077874836
8.424,0.005090384746960188
8.428,0.00603921760777186
8.432,-0.0037276989646248216
8.436,0.021215964110475664
8.44,0.0023477123163507334
8.444,-0.018621866647014235
8.448,-0.010020308921825576
8.452,-0.017399720241936527
8.456,0.00018297530632529316
8.46,-0.0011996148264629845
8.464,-0.004648851278585495
8.468,0.02017617316135162
8.472,0.005613485332708914
8.476,0.007483974141864446
8.48,-0.008918631396440679
8.484,-0.009319317574528183
8.488,0.0014911332258888477
8.492,0.003559246710520308
8.496,-0.015659190312285517
8.5,0.0026905737270211338
8.504,0.006918607855373779
8.508,0.007813391447454852
8.512,0.006146227620025762
8.516,0.014551497454145332
8.52,0.025389450927843903
8.524,0.03694965302219676
8.528,0.05267014025938328
8.532,0.06959313194120353
8.536,0.06930284782823318
8.54,0.08198508326543266
8.544,0.10543364405840304
8.548,0.12112633401128318
8.552,0.12325663345619381
8.556,0.145881590047687
8.56,0.1552256994225358
8.564,0.16232711358005575
8.568,0.16740308683239408
8.572,0.13737867638225662
8.576,0.1390872994790928
8.58,0.12896988557142391
8.584,0.11549770108429451
8.588,0.09613510626549002
8.592,0.07328295400635312
8.596,0.07470861296200279
8.6,0.05251897461176385
8.604,0.04874082423207211
8.608,0.029178176591654243
8.612,0.01705150757444339
8.616,0.023001396329400004
8.62,0.01634029099790286
8.624,0.01617121998545719
8.628,0.028937610433374297
8.632,0.007479330996614601
8.636,0.007900791241392943
8.64,-0.008849055302470371
8.644,-0.011682895611837399
8.648,0.016540163805803178
8.652,-0.008818376935698704
8.656,-0.010202004624942198
8.66,-0.00025902902886205893
8.664,-0.0008304386467761406
8.668,-0.008987324651742963
8.672,-0.0030303663680292924
8.676,0.012303002827075925
8.68,-0.008058616583593008
8.684,-0.013954662289204505
8.688,0.009326014257969716
8.692,0.0044935033612155595
8.696,-0.007764919479299156
8.7,-0.02064453028142382
8.704,-0.020152332704547568
8.708,-0.029069464841090475
8.712,-0.0428895249046777
8.716,-0.09919523460372177
8.72,-0.12386924660204873
8.724,-0.13754867816809763
8.728,-0.1651819309087928
8.732,-0.09943031522380635
8.736,-0.06282711102622089
8.74,0.03719409951258559
8.744,0.15170488534625234
8.748,0.31268273367917093
8.752,0.49568704321886486
8.756,0.6703107505158071
8.76,0.8659804703033547
8.764,0.984277146422344
8.768,0.9869064994376665
8.772,0.8944980923093159
8.776,0.7226573666431803
8.78,0.515199402174296
8.784,0.310294117542539
8.788,0.12657351998647573
8.792,0.0039626159819874125
8.796,-0.0981482581955111
8.8,-0.1979009474971846
8.804,-0.23053100082206013
8.808,-0.23459982515706512
8.812,-0.20949846811768302
8.816,-0.1853096310615649
8.82,-0.10932844544356607
8.824,-0.03239581916817613
8.828,-0.028534878910935826
8.832,-0.028511341159498885
8.836,0.009840263202462996
8.84,-9.573832290506165e-05
8.844,0.011646665963294705
8.848,0.003774344567296567
8.852,0.00594226469324207
8.856,0.005396882303608831
8.86,0.009251852372351856
8.864,0.02568865938969924
8.868,0.013416249995361708
8.872,-0.011120321071990139
8.876,0.010346309992308244
8.88,0.01874979276645862
8.884,0.021119107959279175
8.888,0.006932187756100571
8.892,0.02535370703961196
8.896,0.02594153619320476
8.9,0.04585913456906769
8.904,0.01667110104424723
8.908,0.0237586602449894
8.912,0.031112617267458148
8.916,0.035343753951487984
8.92,0.03819449516717137
8.924,0.02713056390227568
8.928,0.05891353260949711
8.932,0.07631152567467457
8.936,0.07789548459314229
8.94,0.11322402319358592
8.944,0.10583996498380276
8.948,0.13118549229634344
8.952,0.1341086536643354
8.956,0.15352260835511347
8.96,0.16223209590479637
8.964,0.1875766761162309
8.968,0.18899695258317556
8.972,0.20786201224419734
8.976,0.2207437158583577
8.98,0.22788638407995326
8.984,0.2478060752504335
8.988,0.27817542617182306
8.992,0.26408815323224333
8.996,0.2806419757189531
9.0,0.29720230371705697
9.004,0.30257662179981293
9.008,0.2960912335130414
9.012,0.27509997794076946
9.016,0.30516414865697744
9.02,0.2769487572498107
9.024,0.3110887056710201
9.028,0.2934818367742423
9.032,0.2954204949463559
9.036,0.26839690397941424
9.04,0.252391585813234
9.044,0.25969761082330844
9.048,0.24479110035668078
9.052,0.2273144171212301
9.056,0.21945414302292948
9.06,0.23214584579097677
9.064,0.19837470390607595
9.068,0.18597577400865684
9.072,0.16945155968562856
9.076,0.1615886731716323
9.08,0.13107693878769167
9.084,0.0991455657202357
9.088,0.10516265333205213
9.092,0.10324624191517782
9.096,0.07429917119350421
9.1,0.07193124685846783
9.104,0.057326036865940094
9.108,0.07066765673286844
9.112,0.05538833030202346
9.116,0.0474729389131687
9.12,0.041018409894191546
9.124,0.029011109706971985
9.128,0.026625818834269132
9.132,0.008695623821346445
9.136,-0.004846135447454335
9.14,0.015506153329521927
9.144,0.014692188379957439
9.148,0.021397533739433566
9.152,0.023225272766019784
9.156,0.021725728437040067
9.16,-0.0051774728078868865
9.164,0.00028092656767697956
9.168,0.007796391457058051
9.172,0.027659262109223093
9.176,0.01661909469551882
9.18,0.012597436336072859
9.184,-0.0028014016737006875
9.188,-0.008011589536142498
9.192,0.008510339533130388
9.196,-0.010539158471278575
9.2,-0.002034881589988895
9.204,-0.0008881638204607644
9.208,0.016120748290551924
9.212,-0.003406431451755402
9.216,-0.024290079265601706
9.22,0.0051186049549351385
9.224,-0.006936864212759233
9.228,0.00046445183990450017
9.232,-0.0008399545350824416
9.236,-0.0027179185894396028
9.24,0.007916815233425866
9.244,-0.01531930502945083
9.248,-0.005163672996393315
9.252,0.006844829646121072
9.256,-0.006137805477353579
9.26,-0.016086000500839828
9.264,0.00668694889347662
9.268,0.01123188412878754
9.272,-0.0004493218989222628
9.276,-0.019608025567271432
9.28,0.007060012588015946
9.284,-0.016598597422421042
9.288,0.003088348822464558
9.292,-0.008874020420742305
9.296,-0.011597149907036891
9.3,-0.004416507532731377
9.304,-0.0018276026005150246
9.308,-0.006431166793207412
9.312,0.005908685749096413
9.316,-0.0044188055957648026
9.32,0.009880907059989218
9.324,0.0029569590571258348
9.328,-0.006715335506188398
9.332,-0.008204858491711929
9.336,-0.015701108326854906
9.34,0.0041915200344642975
9.344,-0.0014686667586585925
9.348,-0.020446937433418296
9.352,-0.00032412150945364
9.356,-0.0014711109878811166
9.36,0.02676473201976673
9.364,-0.0013614122318870818
9.368,0.007319125031468471
9.372,0.040485547128150216
9.376,0.05229752037303204
9.38,0.04230512055522527
9.384,0.05598206133493772
9.388,0.08220593574147389
9.392,0.06719779417364125
9.396,0.08629810994302722
9.4,0.11577430005131024
9.404,0.1461460260544371
9.408,0.1359448452597836
9.412,0.14787184465289666
9.416,0.16118192213289695
9.42,0.17009074835392451
9.424,0.13868992071771666
9.428,0.13632690074693696
9.432,0.14393188638137533
9.436,0.09763106658058904
9.44,0.10902517293366439
9.444,0.07404112781586458
9.448,0.07104477234640726
9.452,0.05431383869031267
9.456,0.035236469184043634
9.46,0.024673027283608595
9.464,0.028657202666811345
9.468,0.028895339991747537
9.472,0.012206444443337282
9.476,0.01008573056997388
9.48,0.012068815067308536
9.484,-0.005518782194057421
9.488,0.010098310984149109
9.492,0.009888059009001714
9.496,0.02707246446707464
9.5,-0.0031434578290645055
9.504,-0.004222036523441975
9.508,0.007892822375207699
9.512,0.008303177353278898
9.516,-0.005290543936658727
9.52,-0.004000002600993967
9.524,0.005427368487517606
9.528,-0.008268641678250116
9.532,-0.0041070685929476295
9.536,0.0008660981368507407
9.54,0.009808625655954355
9.544,-0.006663891790012315
9.548,-0.02057224527982884
9.552,-0.02552815717398107
9.556,-0.02864743359317231
9.56,-0.047644431642078176
9.564,-0.06475322473135879
9.568,-0.11044131764974031
9.572,-0.13761750761571453
9.576,-0.1539650522165458
9.58,-0.14007988542112687
9.584,-0.08325706142316801
9.588,-0.024138395516335617
9.592,0.06183798775394332
9.596,0.18192313703316032
9.6,0.3452234220833302
9.604,0.5482694013447968
9.608,0.7527532350952654
9.612,0.902905748481454
9.616,0.9957289064661987
9.62,0.9514223812888274
9.624,0.8503512671130773
9.628,0.668035422166292
9.632,0.45114445088717836
9.636,0.2822415815607509
9.64,0.09658310190757108
9.644,-0.021572952250152256
9.648,-0.12833434042410014
9.652,-0.20532691233147546
9.656,-0.24419991206576033
9.66,-0.237158924195107
9.664,-0.18854265822846142
9.668,-0.12461831577012274
9.672,-0.08272772390080727
9.676,-0.033865420927295956
9.68,-0.025076143870549683
9.684,0.0012441146127796805
9.688,-0.009268447537146639
9.692,0.010982077673880288
9.696,0.022832181345701388
9.7,-0.00012281473248918796
9.704,-0.020466204335504553
9.708,-0.003587408342220465
9.712,0.014753993017046501
9.716,0.008642246663976368
9.72,0.006439172948377762
9.724,0.015069272761287457
9.728,0.011089491457631533
9.732,0.01995447113001756
9.736,0.018817885079689622
9.74,0.027049481284773302
9.744,0.018043426676275582
9.748,0.02659984300356009
9.752,0.018093155579259022
9.756,0.019349785165074435
9.76,0.04727157275679711
9.764,0.03789936664242397
9.768,0.050063528500094434
9.772,0.05031705972795747
9.776,0.051101679097670855
9.78,0.06580949548132271
9.784,0.0896477650455606
9.788,0.09127727371684839
9.792,0.07987136165926113
9.796,0.10687418746126821
9.8,0.13960301439279627
9.804,0.1330196103371471
9.808,0.13104284504002894
9.812,0.1822470671967134
9.816,0.1846338422925065
9.82,0.19165430565841016
9.824,0.20304697321783907
9.828,0.23165256388980565
9.832,0.22892962865522565
9.836,0.2585936596889974
9.84,0.2643273150029462
9.844,0.27197883523074834
9.848,0.2802599114654679
9.852,0.28480699813792887
9.856,0.3031015943942849
9.86,0.28830302720608403
9.864,0.28318961854429997
9.868,0.30610006611190066
9.872,0.30489876088580475
9.876,0.30012959738766565
9.88,0.2943173599138285
9.884,0.2802154794410401
9.888,0.2828711140758785
9.892,0.2646643194099947
9.896,0.24909648023724418
9.9,0.23861349079099853
9.904,0.24882518346816596
9.908,0.19748743482653933
9.912,0.20559632025670366
9.916,0.16931736615236903
9.92,0.1704813040025452
9.924,0.15281028064391336
9.928,0.12217242685558047
9.932,0.13322823078609985
9.936,0.11241585940758504
9.94,0.08276758764116458
9.944,0.10044290588215292
9.948,0.09548602806034155
9.952,0.08596311488655325
9.956,0.06543111695168848
9.96,0.05393482407863049
9.964,0.05922563110891214
9.968,0.056046284769920074
9.972,0.04460627765846562
9.976,0.018626484871989667
9.98,0.025497534733544137
9.984,0.023936801804813508
9.988,-0.0019388662111850634
9.992,0.017967467533630873
9.996,0.03356534848869723
10.0,0.015187878145513239
10.004,0.02181693930049062
10.008,0.007500882435371029
10.012,0.0037806252026002965
10.016,0.00738049641169468
10.02,-0.0053556068320094324
10.024,-0.007450177311260844
10.028,0.01435963158924969
10.032,0.015030826249885158
10.036,-0.008909995412989064
10.04,0.010441607506137054
10.044,-0.0002938508615690838
10.048,0.0038305484976100595
10.052,0.004924950193885622
10.056,0.010182859097831978
10.06,0.0010035495301019305
10.064,0.014230746710036378
10.068,0.003188064906576856
10.072,0.00630974324524624
10.076,-0.008283858211648452
10.08,0.02162139273400571
10.084,0.004722927363102928
10.088,0.007147361589316949
10.092,-0.016069685762109397
10.096,-0.008218553090706435
10.1,0.012384689107905196
10.104,0.0028729303254806785
10.108,-0.01913505454606321
10.112,0.010384759613507826
10.116,-0.005436573059016671
10.12,0.014114014275365792
10.124,-0.0008777843260374158
10.128,0.002047471504247119
10.132,0.011789873898811731
10.136,-0.008974571435042067
10.14,-0.009927911097908403
10.144,-0.0019639128053602264
10.148,0.008273937799455778
10.152,-0.013304190780768131
10.156,-0.016670999437609378
10.16,0.008255846334754385
10.164,-0.0059935290112674965
10.168,-0.003853500383869816
10.172,-0.01844097943979251
10.176,-0.00656069662428756
10.18,0.00032675978150161855
10.184,0.009992829729827348
10.188,-0.006562316849691403
10.192,0.018444507761939215
10.196,-0.0038792271337403424
10.2,-0.0022462598193239416
10.204,0.022280362709751145
10.208,0.012256686632664222
10.212,0.008996204920177032
10.216,0.01870103566764904
10.22,0.0410713200378301
10.224,0.05116704660490299
10.228,0.03899644013409012
10.232,0.058971716852983046
10.236,0.07381091494588199
10.24,0.07737262072245801
10.244,0.10118054202363055
10.248,0.11570502762181621
10.252,0.13954844579686
10.256,0.15047618354991737
10.26,0.14240810013751426
10.264,0.14736699983006485
10.268,0.15617771874203673
10.272,0.1399309598307619
10.276,0.14441920981159648
10.28,0.127436966276451
10.284,0.10615473955560328
10.288,0.09238079533692546
10.292,0.10192024714186317
10.296,0.07155216017036002
10.3,0.07599077652491576
10.304,0.04219771140102127
10.308,0.03956227272912351
10.312,0.051587352470798264
10.316,0.009774435561430836
10.32,-0.004387412717745676
10.324,0.023063737769145394
10.328,-0.0013207109890690473
10.332,0.004406283493835345
10.336,-0.0028731582527154096
10.34,0.004565504495653577
10.344,-0.008346868223702265
10.348,-0.001104989140198688
10.352,0.0049038695476687376
10.356,-0.009852036785597644
10.36,-0.006872583844218065
10.364,-0.0034044335500517725
10.368,-0.014251563032448119
10.372,-0.004206864580318447
10.376,0.001196841723975582
10.38,-0.0039946465543348585
10.384,-0.00273346181003853
10.388,-0.00030654354385342046
10.392,-0.007015644789586856
10.396,0.005259227050275963
10.4,0.009292109145437114
10.404,-0.01789398273129176
10.408,-0.02466691781013958
10.412,-0.058420646788011586
10.416,-0.08688787425290434
10.42,-0.10877201388498434
10.424,-0.13968700255131483
10.428,-0.15825676749432177
10.432,-0.10303480639882438
10.436,-0.035252368436085174
10.44,0.03637991449687654
10.444,0.16554478819856175
10.448,0.3031289257810752
10.452,0.48488046752460373
10.456,0.7049281881702749
10.46,0.8633704114841609
10.464,0.9832553536225416
10.468,0.9992752187578058
10.472,0.8637170362491772
10.476,0.6925517586957374
10.48,0.48902740828975727
10.484,0.303139127147216
10.488,0.13425218982717033
10.492,0.016709831085151772
10.496,-0.0974146083370893
10.5,-0.18527829190765255
10.504,-0.23671324808971486
10.508,-0.2390024288529256
10.512,-0.21708370028205856
10.516,-0.14323642190830624
10.52,-0.10515825653725065
10.524,-0.041187861165923004
10.528,-0.010257378796139499
10.532,-0.0061253764388555735
10.536,-0.004104878913091268
10.54,0.0038336233701362164
10.544,-0.027993696535979613
10.548,0.004043837366833244
10.552,0.00024079296934587948
10.556,0.0012821940969907617
10.56,0.009369419944962145
10.564,0.0022004736056932366
10.568,-0.007654027083102685
10.572,0.0033204962692668155
10.576,0.006618044937986631
10.58,0.008560414191249373
10.584,0.010802825696572727
10.588,0.021701233505313545
10.592,0.0029734878867983885
10.596,0.01857357182293244
10.6,0.03321129619458804
10.604,0.007031348175359952
10.608,0.030866455404769434
10.612,0.02859086129062479
10.616,0.03684553436841353
10.62,0.03839108732425005
10.624,0.05344559292298179
10.628,0.08209714591644196
10.632,0.06043826456953099
10.636,0.07163627516335365
10.64,0.08139418436188904
10.644,0.12355997819349182
10.648,0.11426425023408249
10.652,0.13187887867652603
10.656,0.1418943444128786
10.66,0.15067531453807187
10.664,0.17222584886848677
10.668,0.21370876500424227
10.672,0.2175014032796219
10.676,0.20921236926386033
10.68,0.2378778605394214
10.684,0.23603540976941398
10.688,0.2386139578028707
10.692,0.2774756307713196
10.696,0.28847035424752504
10.7,0.29543318837367005
10.704,0.28674320461494185
10.708,0.29448866935442064
10.712,0.30652500582249925
10.716,0.30391490802910825
10.72,0.29511924004052115
10.724,0.2800216973472287
10.728,0.29266325928992704
10.732,0.29587052153222937
10.736,0.26502441798303755
10.74,0.2738197335229608
10.744,0.25986273136489346
10.748,0.2520369520754959
10.752,0.24031880090702673
10.756,0.21100299501610692
10.76,0.187622870066194
10.764,0.18400576294756874
10.768,0.18368326693592496
10.772,0.1549115205225358
10.776,0.13918876893475757
10.78,0.11412174124299881
10.784,0.1366053035061571
10.788,0.11472391007703447
10.792,0.10228219197953371
10.796,0.09316730435907489
10.8,0.07899485411300183
10.804,0.06137386290562653
10.808,0.05362346001348969
10.812,0.043271252093301835
10.816,0.06699598177721607
10.82,0.04008851632638705
10.824,0.024506264246852347
10.828,0.029097030617909053
10.832,0.010259061378189976
10.836,0.03190938559807795
10.84,0.007263735352587891
10.844,0.016352649272043218
10.848,0.019872097310996283
10.852,0.01128261486344973
10.856,0.00690688086943173
10.86,0.004858681077697881
10.864,0.0031967619769676394
10.868,-0.0028082016356131482
10.872,-0.002182111850145718
10.876,0.0165921025070084
10.88,0.0003007695014626505
10.884,-0.006795098690372972
10.888,-0.004353190230317995
10.892,0.0116167386927251
10.896,0.0072171890504727715
10.9,0.0059479355986832285
10.904,-0.0023192679749486573
10.908,0.005922484698805218
10.912,-0.006297141312165965
10.916,-0.0024952634596972856
10.92,0.009771065924878237
10.924,0.008795296842199025
10.928,-0.009781564637348446
10.932,-0.008528611834206768
10.936,0.0011058268481100855
10.94,0.01727450764459597
10.944,-0.019146467491002937
10.948,0.002789687092736912
10.952,-0.013756058600898902
10.956,-0.006340314625499294
10.96,-0.0036422358964460434
10.964,-0.0042036665634408435
10.968,-0.005336927375397498
10.972,7.29463156005846e-05
10.976,-0.005351555801733327
10.98,-0.014623002160634498
10.984,0.007801660777262285
10.988,0.00753464887557659
10.992,0.00844362308963144
10.996,-0.01538392756817972
11.0,0.003034301187491408
11.004,0.006844602118070062
11.008,-0.010156576909360419
11.012,0.000369451236656323
11.016,-0.0006790142259672983
11.02,0.019242515830928703
11.024,0.02060341970944612
11.028,-0.01445263697913522
11.032,0.02838349438767213
11.036,-0.003874649528474483
11.04,0.017689249062912617
11.044,0.021180561383469576
11.048,0.00632730446426053
11.052,0.027456421439962908
11.056,0.029291292757856063
11.06,0.045448977690126596
11.064,0.05342248518279648
11.068,0.07578343200982862
11.072,0.07842185308595771
11.076,0.09045265717033149
11.08,0.1174867494218937
11.084,0.1258606905393607
11.088,0.139204235731998
11.092,0.13457328923019615
11.096,0.1369381301816009
11.1,0.14426673102712234
11.104,0.1424776628292558
11.108,0.15157383027123056
11.112,0.14515321996512848
11.116,0.12278111392352208
11.12,0.12559848337790666
11.124,0.11078139035851406
11.128,0.08500689817500741
11.132,0.060227823683513454
11.136,0.07105693709379014
11.14,0.04294395672776266
11.144,0.03469583544695874
11.148,0.021620888121573277
11.152,0.009347760083304447
11.156,-0.0017155807346387782
11.16,0.015316554396806945
11.164,-0.00176345382766783
11.168,0.03459183480781462
11.172,-0.008296145089898725
11.176,-0.010969708141385865
11.18,0.00607938041860309
11.184,0.015874324413186484
11.188,0.0009825491145742577
11.192,0.005912500514178125
11.196,-0.01833086839315933
11.2,-0.006719003584472533
11.204,-0.010706833191344804
11.208,-0.018935646266407917
11.212,0.0011761603284891021
11.216,-0.02243160552168983
11.22,-0.013258455107192068
11.224,-0.005550624091486688
11.228,-0.00903112231288212
11.232,0.0015122663278918603
11.236,-0.004073300660879898
11.24,-0.008724494818619621
11.244,-0.029759955382621932
11.248,-0.05563315579181566
11.252,-0.10263841784246557
11.256,-0.1304087302863324
11.26,-0.14134266105053828
11.264,-0.13120776114897878
11.268,-0.09424695983660515
11.272,-0.024937574534345395
11.276,0.06597655435318212
11.28,0.20739957837594866
11.284,0.36959180336842123
11.288,0.5617941710255479
11.292,0.7619162190556324
11.296,0.9142564992541274
11.3,1.0080390812868678
11.304,0.9630041498993542
11.308,0.8205536163384718
11.312,0.6450407674313702
11.316,0.4253481065851466
11.32,0.23023829815993202
11.324,0.09947751247794002
11.328,-0.0422512046066839
11.332,-0.14234736288533398
11.336,-0.21043207075182183
11.34,-0.2332823875897403
11.344,-0.23488227779849485
11.348,-0.20278201689961323
11.352,-0.12612379415901034
11.356,-0.08203345630486188
11.36,-0.019606721572966994
11.364,-0.016225156583257665
11.368,-0.02796390603365774
11.372,0.002224472599838784
11.376,0.019627636929892923
11.38,0.01653367718776309
11.384,0.019446954342969943
11.388,-0.008693318984127413
11.392,0.011070779585336286
11.396,-0.004714757306262283
11.4,0.005441382084493244
11.404,-0.008671998123138031
11.408,-0.0013301215065948295
11.412,-0.0003569430061514077
11.416,0.016956906378896477
11.42,0.01786385631966681
11.424,0.014878317220237105
11.428,0.001279630881624385
11.432,0.014816354920741303
11.436,0.014152422996632006
11.44,0.034580517877866285
11.444,0.04258168347579706
11.448,0.04697966164383639
11.452,0.035228908502649196
11.456,0.022543059164652438
11.46,0.04025159036752639
11.464,0.08096779866137119
11.468,0.07242474898351034
11.472,0.07946285106581073
11.476,0.11474959767169027
11.48,0.12310033680967825
11.484,0.12352286992656887
11.488,0.13378646228805993
11.492,0.14933997889570935
11.496,0.16723538483970313
11.5,0.19547250180608314
11.504,0.19823530252856467
11.508,0.21564928850929538
11.512,0.23409771145354683
11.516,0.22415268694504367
11.52,0.25605965092588046
11.524,0.2572361633397436
11.528,0.24550201624148277
11.532,0.25848833931801557
11.536,0.2771574882507119
11.54,0.29854159462325663
11.544,0.2984697946254235
11.548,0.3014119129349647
11.552,0.3194054599561522
11.556,0.28561796774510134
11.56,0.2945627603963232
11.564,0.29259104287978893
11.568,0.2751744419161415
11.572,0.274221787589081
11.576,0.24790764069548588
11.58,0.2667201906281825
11.584,0.233458932258634
11.588,0.24738846555717353
11.592,0.2129052945642574
11.596,0.20923284544694004
11.6,0.18391333708593377
11.604,0.16959974286230806
11.608,0.1496752788111692
11.612,0.14262612551145767
11.616,0.13098848276381078
11.62,0.10691553288267526
11.624,0.10113250282619764
11.628,0.08465856476218415
11.632,0.10293911570019966
11.636,0.06906809604643044
11.64,0.0762951807218322
11.644,0.05061600681266696
11.648,0.047728942119623356
11.652,0.02529086184288669
11.656,0.02816699680424389
11.66,0.02959369818370659
11.664,0.0388637574895601
11.668,0.0213477560520978
11.672,0.029640887250204907
11.676,0.019381151941400616
11.68,0.026856815098606317
11.684,0.007986917266713914
11.688,0.030809793232927228
11.692,0.0006734013949133743
11.696,-0.003269895359088249
11.7,-0.00862864211141287
11.704,0.026035582508494026
11.708,0.010320141845933684
11.712,-0.0016938394447012983
11.716,0.01375877424598651
11.72,0.007847528437372069
11.724,0.020399179497335225
11.728,-0.014920914249647647
11.732,-0.0022352161318097345
11.736,-0.004313185030760392
11.74,-0.01950560226568759
11.744,0.010773524554266684
11.748,-0.0025794069638371796
11.752,0.00748685911890691
11.756,0.023663122033322475
11.76,-0.00348549753913389
11.764,-0.00417805644515935
11.768,0.0012103599311252614
11.772,0.009889172343835436
11.776,-0.005655448461917856
11.78,-0.006301496012306733
11.784,0.01057750084522239
11.788,0.003790241868297691
11.792,-0.02044465829418924
11.796,-0.012252139811274227
11.8,0.015013556064473953
11.804,0.004020084723806565
11.808,-0.007621423934180104
11.812,-0.0017037369067465487
11.816,0.00013261782975502494
11.82,0.007357533703838576
11.824,-0.013582418848032825
11.828,-0.008409157263575724
11.832,0.0027302077784648977
11.836,-0.000996983484790311
11.84,0.005721462994498029
11.844,-0.012289120411346064
11.848,0.0035833529669700034
11.852,0.010939692404753978
11.856,0.0049141710490861095
11.86,0.0014775259891129466
11.864,-0.00080057111788576
11.868,-0.00806595997136922
11.872,-0.00022829304667300462
11.876,0.013431071009610931
11.88,0.00018861681531850754
11.884,-0.006675875004564447
11.888,-0.0014318613236648007
11.892,0.007353018384303032
11.896,0.0042410861293122725
11.9,0.016455988713548024
11.904,0.021680558309530692
11.908,0.03162809004784734
11.912,0.0448675390023531
11.916,0.050181544125098565
11.92,0.042139618188229186
11.924,0.05519186264671172
11.928,0.0773447341054616
11.932,0.08806294920014694
11.936,0.09557197178342436
11.94,0.11602949215672267
11.944,0.12746590999952456
11.948,0.13473826076143292
11.952,0.14436574558458126
11.956,0.1617466603673803
11.96,0.1505803908485959
11.964,0.16822338809789283
11.968,0.1367984903567917
11.972,0.12105959331087798
11.976,0.11091100936503136
11.98,0.09922011591738565
11.984,0.0864859162542944
11.988,0.0887964459303957
11.992,0.04646986537016874
11.996,0.051811525203599294
12.0,0.03523015048918847
12.004,0.009075964811196841
12.008,0.025770816007849515
12.012,0.025507773011081404
12.016,0.00031266772077795553
12.02,0.005906675881697019
12.024,-0.013309171566488434
12.028,-0.010058912727392932
12.032,0.01206101274421764
12.036,-0.003701189237822678
12.04,-0.010516210576716015
12.044,0.002625570195164342
12.048,-0.0050374040137651736
12.052,-0.004605537840523066
12.056,0.007448295367193998
12.06,-0.011588595994268862
12.064,-0.009039158988061539
12.068,0.00154693303302942
12.072,0.009690301601937755
12.076,0.012343130563035437
12.08,-0.006837511405625926
12.084,0.0086263585075077
12.088,-0.010380263378035269
12.092,0.010915880799912757
12.096,-0.029449546739429802
12.1,-0.024761416832707817
12.104,-0.07464322635438336
12.108,-0.08356218098660223
12.112,-0.12825187693735043
12.116,-0.15661989198183965
12.12,-0.13696943662372268
12.124,-0.08075042269147428
12.128,-0.008589705674836141
12.132,0.07684481903696137
12.136,0.2081570368279108
12.14,0.3837819254373581
12.144,0.5760039457533717
12.148,0.761281027370842
12.152,0.9218740410416181
12.156,1.0011277941756611
12.16,0.9716130824715995
12.164,0.8401257196777829
12.168,0.6384640742964051
12.172,0.42773919434186486
12.176,0.24659078937707374
12.18,0.07836036309418856
12.184,-0.04186203465827316
12.188,-0.14918023874762895
12.192,-0.22498436684433148
12.196,-0.2417145461371069
12.2,-0.23230856364647562
12.204,-0.18221824794561312
12.208,-0.12429068483956542
12.212,-0.07332080865558377
12.216,-0.03201510420163221
12.22,-0.01617500419243687
12.224,-0.0012846638955799575
12.228,-0.008536623660346089
12.232,0.003905094722075348
12.236,0.007471188533667046
12.24,-0.005548872481019263
12.244,0.0020347939960283197
12.248,-0.004271609057383718
12.252,-0.0027409247343405142
12.256,-0.008027238866174168
12.26,0.01674437416168502
12.264,0.015806962167058385
12.268,0.011823285063256675
12.272,0.0277457859067222
12.276,0.008027157337468602
12.28,0.04250270918789423
12.284,0.012597167502629326
12.288,0.020588657811062755
12.292,0.017756887873696118
12.296,0.029746942817295466
12.3,0.039316451059703814
12.304,0.03545923235705567
12.308,0.06075442646695041
12.312,0.05256071199520208
12.316,0.06088244800810762
12.32,0.05794395421169149
12.324,0.08093070560227465
12.328,0.08596371885754744
12.332,0.09259883748382496
12.336,0.10306480537211676
12.34,0.15039695007028026
12.344,0.13450363405348098
12.348,0.13652220410198085
12.352,0.1584212840121316
12.356,0.17939968929719208
12.36,0.1999186393915387
12.364,0.21437029901769217
12.368,0.22959019382719023
12.372,0.22979915225328784
12.376,0.25228660417010607
12.38,0.2517590623741726
12.384,0.26476512404319325
12.388,0.27084698178960537
12.392,0.27565962357446294
12.396,0.30402330487322954
12.4,0.3043138994429321
12.404,0.3093731915829035
12.408,0.30026902379007
12.412,0.3059987702712335
12.416,0.2770894817916113
12.42,0.29798884677545656
12.424,0.28406918506801715
12.428,0.27992435578381686
12.432,0.2673811630569403
12.436,0.24238914074660745
12.44,0.22490413832478554
12.444,0.21954064528049225
12.448,0.21844964151352989
12.452,0.20541371502164088
12.456,0.1703236048790119
12.46,0.1596547557582351
12.464,0.14784893828234177
12.468,0.13743938612936527
12.472,0.11378139928821672
12.476,0.10015022981426244
12.48,0.09379910635333182
12.484,0.09128046890718043
12.488,0.06782010022429763
12.492,0.06851684458559981
12.496,0.0711639329304963
12.5,0.0393157234170115
12.504,0.042857905038734136
12.508,0.04856229477897758
12.512,0.028287848307032536
12.516,0.021605511475562326
12.52,0.034511916733259
12.524,0.015956796162364274
12.528,0.026755422010959776
12.532,0.017184479414029473
12.536,0.0070878355796583185
12.54,0.01331866928481074
12.544,0.010065967064720098
12.548,0.01569823727496133
12.552,-0.0011197601089092974
12.556,0.0038587627766451557
12.56,0.0020898826353983645
12.564,0.009150905819400382
12.568,-0.008617329873626555
12.572,0.011428134360307846
12.576,0.005625914978834349
12.58,-0.012437554903507451
12.584,0.012635244342460435
12.588,0.022755633621114057
12.592,0.010327562100973076
12.596,0.014498947858619578
12.6,0.0010223692917477806
12.604,-0.016491683060660373
12.608,-0.01835154177318106
12.612,0.0026155717471606295
12.616,-0.0058733252518535515
12.62,-0.009112635699446389
12.624,-0.0006039985549992577
12.628,0.006172372502480915
12.632,-0.014516021261674863
12.636,-0.004480746432222007
12.64,0.01510425177302095
12.644,-0.010749078826073379
12.648,0.00870020715008765
12.652,-0.004845546335954422
12.656,0.0054591312508287726
12.66,0.010974093425848258
12.664,0.007413409422086764
12.668,0.009092098395988442
12.672,-0.011515352346720943
12.676,0.011137537534007994
12.68,-0.008525114099345261
12.684,0.0025991240659392683
12.688,0.002590024705571609
12.692,0.004866388159706325
12.696,0.0033992705394752165
12.7,-0.008381336807729876
12.704,-0.013392917904085316
12.708,0.008915558163526417
12.712,0.0021983720759643035
12.716,0.012080511766279526
12.72,0.0005395570925633953
12.724,-0.012433680262581152
12.728,0.012246843553950311
12.732,0.00032363326272468037
12.736,0.009534607669237787
12.74,0.0025743127088400574
12.744,0.029495952004979495
12.748,0.009587149655495448
12.752,0.021778045867517554
12.756,0.034674286622629634
12.76,0.03282806835851139
12.764,0.058831572282391886
12.768,0.0848107241018929
12.772,0.07792586883902168
12.776,0.10130654282405875
12.78,0.08404018431914542
12.784,0.12416022150740416
12.788,0.13243744287782558
12.792,0.13564636962866153
12.796,0.15955608439763086
12.8,0.1466692050181113
12.804,0.14553659403399513
12.808,0.1373067211855062
12.812,0.11252656817361426
12.816,0.10850792245643111
12.82,0.11588535689721274
12.824,0.0707722514723006
12.828,0.06975046406013619
12.832,0.059584883649313164
12.836,0.0683381450542498
12.84,0.04740663200569254
12.844,0.02464028383721509
12.848,0.03544394779587396
12.852,0.008781331130126507
12.856,0.02149250955594003
12.86,-0.005760710462979213
12.864,0.015971333988333142
12.868,-0.0006440286959687584
12.872,-0.008112230652311486
12.876,-0.0008248250808709789
12.88,0.0035869169767886173
12.884,-0.00446849203988834
12.888,0.005814447729396583
12.892,-0.00567614355421079
12.896,0.006287587224259192
12.9,0.004466791484163518
12.904,-0.00058617290708999
12.908,-0.004402459150995572
12.912,0.0015190143351665642
12.916,0.005492256060278849
12.92,0.020551417814460477
12.924,0.009093742211741992
12.928,0.008622111835118101
12.932,0.027219240446513478
12.936,-0.004903265522236246
12.94,-0.018689697376143635
12.944,-0.03986032399862751
12.948,-0.08968777570747496
12.952,-0.11938178292389441
12.956,-0.14585455981629952
12.96,-0.13833877692218535
12.964,-0.12231892210902316
12.968,-0.06714984111355309
12.972,0.020343617569616924
12.976,0.12495117636957764
12.98,0.25734303543900716
12.984,0.4324914899351729
12.988,0.6535825978163257
12.992,0.8404141859351751
12.996,0.9478359293740414
13.0,0.9947430118345896
13.004,0.9256489712534821
13.008,0.7722279402351807
13.012,0.5714219433562752
13.016,0.36336274184168116
13.02,0.19071557973843578
13.024,0.04154484223704473
13.028,-0.08292430381088166
13.032,-0.1707712606118522
13.036,-0.22777277141227834
13.04,-0.24645988932898646
13.044,-0.24111412811710137
13.048,-0.17403644703505308
13.052,-0.1100828727825223
13.056,-0.06405490208704608
13.06,-0.031243152794811865
13.064,-0.006480939087102905
13.068,-0.014372795450249136
13.072,-0.016890240136469534
13.076,-0.0030315124486749783
13.08,0.008554619042910978
13.084,0.01813889485382934
13.088,0.009474528063470345
13.092,-0.012547633958515393
13.096,0.0004135873434288257
13.1,0.006053052208000714
13.104,0.006188894904712092
13.108,0.010942742603502519
13.112,-0.002235804639867686
13.116,0.009259461404006441
13.12,0.01482515182469962
13.124,0.021277044724662464
13.128,0.007801302554190669
13.132,0.01574049604212602
13.136,-0.0039599604884626854
13.14,0.02135960407187002
13.144,0.027491794853676192
13.148,0.028420125279555904
13.152,0.046917685215418566
13.156,0.05215293121092206
13.16,0.0384059605956038
13.164,0.07229099201548533
13.168,0.07084490824931637
13.172,0.09581685606485352
13.176,0.08977880009976542
13.18,0.11528533128275628
13.184,0.12521522225340703
13.188,0.14471350120718665
13.192,0.1570170058301046
13.196,0.167614119961154
13.2,0.16934326160610874
13.204,0.18443752251334233
13.208,0.20764255119798342
13.212,0.22723341581109538
13.216,0.2344209435903756
13.22,0.25908445920027573
13.224,0.26130541917991196
13.228,0.2644548324317476
13.232,0.27989559972349676
13.236,0.29191506246506116
13.24,0.2981640516656509
13.244,0.31713762124532785
13.248,0.2932178953976884
13.252,0.2988102106563853
13.256,0.3015360223365445
13.26,0.2929054343683147
13.264,0.282211793633939
13.268,0.26412802728568563
13.272,0.26537916868163963
13.276,0.24924648370760275
13.28,0.2310271704383749
13.284,0.22765905915995596
13.288,0.21168844510736592
13.292,0.21397293274638557
13.296,0.19976301496350393
13.3,0.17017361661002614
13.304,0.1621040331521198
13.308,0.13182627468791744
13.312,0.1315325660566602
13.316,0.12703366716857242
13.32,0.11847540488139109
13.324,0.09098306115379902
13.328,0.09729346132920386
13.332,0.061100126520536285
13.336,0.05411023654767187
13.34,0.06486804681712938
13.344,0.06651477835665824
13.348,0.04759505085064786
13.352,0.03590577443924189
13.356,0.008754324942049922
13.36,0.005577622697494476
13.364,0.02283702951651948
13.368,0.014291460823877493
13.372,0.0036738013786868067
13.376,0.012721724909819333
13.38,0.010971272352413622
13.384,0.01738492014746236
13.388,0.007746235502442446
13.392,0.017377588709111012
13.396,0.004120511008902859
13.4,0.0020314141063276893
13.404,0.01313732791805056
13.408,-0.007843487567477728
13.412,0.02964520952206883
13.416,0.004905551719695899
13.42,0.004688444666449342
13.424,0.005918558299904328
13.428,0.019274510203439617
13.432,0.008301857918375394
13.436,-0.015770202783725963
13.44,0.014241980851871651
13.444,-0.003256696840975116
13.448,0.0011826963039247651
13.452,-0.012711928825467464
13.456,0.005320112238580688
13.46,-0.006472145733515078
13.464,0.00103129313684841
13.468,-0.002820063792119769
13.472,0.01926483506583462
13.476,0.019832886894345994
13.48,0.0004723092393800883
13.484,0.0006448294036080325
13.488,-0.0037307287936264267
13.492,0.011063115416541525
13.496,-0.0032859822161287067
13.5,-0.004208789442707625
13.504,0.00979394865556404
13.508,-0.0053677733144914105
13.512,-0.00034827523723015115
13.516,-0.01575747155164628
13.52,0.007145430121274897
13.524,0.019596725537638353
13.528,0.007545396580199534
13.532,0.015193344335998483
13.536,-0.007492414163053383
13.54,0.003952716691630964
13.544,-0.006889193493233489
13.548,0.001686218006477079
13.552,0.013746008398491586
13.556,0.009941333121887191
13.56,-0.0012427579040158385
13.564,0.004981596344148468
13.568,0.011061414251939872
13.572,0.038172612809875946
13.576,0.06398479161539221
13.58,0.0686901057673732
13.584,0.04922597582052652
13.588,0.09650899515419614
13.592,0.10618487726214305
13.596,0.09557423575679022
13.6,0.12106807971991437
13.604,0.1461614749160327
13.608,0.149087487664763
13.612,0.13553418384903868
13.616,0.1560631625560005
13.62,0.1260991758624906
13.624,0.13913972648705886
13.628,0.1434689701724514
13.632,0.1204843383380204
13.636,0.10180495583125569
13.64,0.10130185288239292
13.644,0.08768684869907314
13.648,0.07717471579781537
13.652,0.06008786014778626
13.656,0.050917484251637106
13.66,0.03786130303429504
13.664,0.025312887198426795
13.668,0.01728405592577124
13.672,0.009182437321973255
13.676,-0.004182723031898485
13.68,-0.004233786482625847
13.684,0.0006529984487096243
13.688,0.004624920406195183
13.692,0.01577932545764417
13.696,0.0004111387678387313
13.7,0.010523422947795607
13.704,0.011073882804789712
13.708,-0.0021572720802639192
13.712,0.006032700705222558
13.716,-0.0023896375659449944
13.72,0.013244996900977017
13.724,0.006370121989621878
13.728,-0.011900932665883483
13.732,0.0016058487949981918
13.736,0.016418408413921868
13.74,-0.002097474736011679
13.744,0.003390741473046407
13.748,0.0019376770001452836
13.752,-0.02008890827648158
13.756,-0.017768073608859597
13.76,-0.0597919043692475
13.764,-0.08454040777717489
13.768,-0.10296723929696933
13.772,-0.13659610598215335
13.776,-0.14819783058424638
13.78,-0.11751635338778246
13.784,-0.07151484288108277
13.788,0.006243275200501524
13.792,0.11835492035501664
13.796,0.2457329515373036
13.8,0.4323891373443213
13.804,0.6315734812058091
13.808,0.8105611548014587
13.812,0.9514139644628986
13.816,1.0142571160467257
13.82,0.9323090604540014
13.824,0.7581332331992651
13.828,0.5545894526631001
13.832,0.36647029215766525
13.836,0.20637418196291868
13.84,0.04383193651258641
13.844,-0.05922814739859973
13.848,-0.16175462407868282
13.852,-0.22174103708228932
13.856,-0.25958831756719003
13.86,-0.2143861077876298
13.864,-0.1755945656729093
13.868,-0.10410431524360497
13.872,-0.07091396293848509
13.876,-0.027905308675476647
13.88,-0.008277009313653917
13.884,-0.005301022163865336
13.888,0.0033720268335606803
13.892,-0.00223752626209604
13.896,-0.00559063952256812
13.9,0.01730506672972889
13.904,0.01212697080628409
13.908,-0.005493387085535607
13.912,0.00839705391473183
13.916,-0.0039706594565814615
13.92,-0.0074715330426427876
13.924,0.015841716461581314
13.928,-0.010162261969853235
13.932,0.01781113766756271
13.936,0.008013974157510585
13.94,0.010808964549672345
13.944,0.01984290176478041
13.948,0.024871681851914323
13.952,0.014661019051231523
13.956,0.0345742225765117
13.96,0.033666886565033
13.964,0.02582529665119275
13.968,0.04330370791047688
13.972,0.06623577968633361
13.976,0.07744347865964513
13.98,0.0769572707023695
13.984,0.06784123668228159
13.988,0.09545208253229198
13.992,0.1106631108514412
13.996,0.1217730881398712
14.0,0.13540393221684527
14.004,0.14480351333069297
14.008,0.15452007060615097
14.012,0.163547675416979
14.016,0.16519000831361802
14.02,0.20207413895301105
14.024,0.21482221063897727
14.028,0.23239206928390957
14.032,0.22665571616149213
14.036,0.2588455787240239
14.04,0.28424890328543395
14.044,0.2745449414887279
14.048,0.2817712448969269
14.052,0.292518985143032
14.056,0.31507648789502846
14.06,0.2880237491043143
14.064,0.3019157242047596
14.068,0.2915958051143951
14.072,0.29192192727160093
14.076,0.29282853127418845
14.08,0.30094007221883445
14.084,0.2979388351960797
14.088,0.27533110113375303
14.092,0.2566271007051208
14.096,0.2736704409669571
14.1,0.23182285773118566
14.104,0.21695553598925446
14.108,0.19091036313353643
14.112,0.20824731910187788
14.116,0.1894314875924324
14.12,0.18941654834871893
14.124,0.1370350565700915
14.128,0.1515632666817071
14.132,0.1242301815761328
14.136,0.11874760097960828
14.14,0.08206897383508185
14.144,0.1018594488731444
14.148,0.08449507765429487
14.152,0.0665387852391064
14.156,0.06453243761441889
14.16,0.04242757329519148
14.164,0.0371154062544376
14.168,0.03189536375580327
14.172,0.012372742567774517
14.176,0.034588703667368825
14.18,0.03360511216235995
14.184,0.010984215237927326
14.188,0.018321192660711205
14.192,0.009501508917501367
14.196,0.013178696390691476
14.2,0.001728332303089902
14.204,-0.0024016263370337312
14.208,0.01565744945236535
14.212,0.00343698064592419
14.216,0.023434289847871527
14.22,0.0029801699931063185
14.224,-0.007301604560323711
14.228,0.013784615864675219
14.232,0.007472371867510403
14.236,0.008157787880725076
14.24,0.01258052056980203
14.244,-0.0060194857571779095
14.248,-0.0008916667221111556
14.252,-0.0014310366748055267
14.256,-0.012697843551585953
14.26,-0.0024818736760477762
14.264,0.013476250519208066
14.268,0.00245496149512237
14.272,-0.013401808802465684
14.276,-0.015516277337246745
14.28,0.01667773291439617
14.284,-0.0008819964224043757
14.288,-0.006459211422882034
14.292,-0.002729522227259069
14.296,-0.014765866502918392
14.3,0.014235921986841878
14.304,-0.003927124366462304
14.308,0.013676334941161593
14.312,0.000518092259300921
14.316,0.014296394509063523
14.32,0.0025677022578309877
14.324,0.00853292217095629
14.328,0.007191535782594244
14.332,0.006233780357470841
14.336,0.0034809363765707507
14.34,-0.0023253119328159595
14.344,0.019160857714560484
14.348,-0.009056272875357594
14.352,6.88572278819204e-05
14.356,0.0001983850157567174
14.36,0.0041171812316816506
14.364,-0.004125312043059445
14.368,0.003449024396215461
14.372,-0.0011652002864132606
14.376,-0.01493464120856848
14.38,0.0015542244507036937
14.384,-0.008661808298226341
14.388,-0.013672949776178467
14.392,0.006972759505058418
14.396,0.01321773638584153
14.4,0.0173618096774249
14.404,0.022770782429096637
14.408,0.004236946460316068
14.412,0.018039165114140953
14.416,0.06117177023054599
14.42,0.04240710083320576
14.424,0.07188448812731336
14.428,0.07288108925706427
14.432,0.0950465499294568
14.436,0.10223747777025137
14.44,0.12752036531995664
14.444,0.1347858721746163
14.448,0.1378451237255839
14.452,0.1374936161790991
14.456,0.15267651799201734
14.46,0.1360595911498617
14.464,0.14697129147490087
14.468,0.16020140568094432
14.472,0.13603864775860464
14.476,0.11645753026306428
14.48,0.09412762958724845
14.484,0.06108788518955433
14.488,0.05323698931465958
14.492,0.06632593660098875
14.496,0.03407813525384129
14.5,0.0251100830896875
14.504,0.022274706461299944
14.508,0.006768399315868586
14.512,4.802958530852018e-05
14.516,0.007997439356081904
14.52,-0.0031941494550996423
14.524,-0.0036577118520178388
14.528,-0.0054128869367546465
14.532,0.006718575026568899
14.536,-0.0014131975765704998
14.54,-0.0012480974794732492
14.544,0.006279716426410123
14.548,-0.0012458744414378495
14.552,-0.0026868496421199274
14.556,0.004755640112010432
14.56,0.00670859578947193
14.564,-0.001457399946246424
14.568,0.0008113533836346017
14.572,-0.00782364286248099
14.576,-0.008653636189692867
14.58,0.007470327483959803
14.584,0.0035818942360589913
14.588,0.0016601876474469758
14.592,-0.005408915584224561
14.596,-0.019427716773358934
14.6,-0.034052916351941784
14.604,-0.0626978875793892
14.608,-0.098603712851481
14.612,-0.1377427027141494
14.616,-0.13236356858278742
14.62,-0.12590460409640566
14.624,-0.07554601688238091
14.628,-0.006630312905937651
14.632,0.09315893653701378
14.636,0.21779941434300457
14.64,0.40489765748966733
14.644,0.6268176672091814
14.648,0.7915533749693946
14.652,0.9437331392951297
14.656,0.9953707062101814
14.66,0.9433252981843873
14.664,0.8192132403741296
14.668,0.600087155742434
14.672,0.3973043516502336
14.676,0.20384261301223142
14.68,0.061670822482540306
14.684,-0.07025479863382954
14.688,-0.14451422746298218
14.692,-0.19041602261604026
14.696,-0.2496343187691697
14.7,-0.24706617187355429
14.704,-0.17356868324037844
14.708,-0.1302309665452555
14.712,-0.057464963907538115
14.716,-0.0371209573507798
14.72,-0.020400366923923573
14.724,-0.006486551889672869
14.728,0.00656196574814001
14.732,-0.0019730753612824535
14.736,-0.004134294448808629
14.74,-0.0008003847981317665
14.744,-0.011155296146427298
14.748,0.00599299438378414
14.752,-0.01527030112335141
14.756,-0.001128660386643166
14.76,0.011792162963767706
14.764,0.008317445621244802
14.768,0.012518640598862058
14.772,0.0075744514007752345
14.776,0.021858175837852514
14.78,0.021719044070253466
14.784,0.019672912778303128
14.788,0.027709765739651733
14.792,0.029701633729422944
14.796,0.022163515022350744
14.8,0.018133882720239247
14.804,0.041498643172634575
14.808,0.04923407875234148
14.812,0.0619535710415265
14.816,0.04979081197720042
14.82,0.059044475484716086
14.824,0.0825178458768947
14.828,0.08786153683445626
14.832,0.08118447374762797
14.836,0.1160262352608609
14.84,0.10667598617745952
14.844,0.12926996708501534
14.848,0.16624157586856714
14.852,0.18531646225867904
14.856,0.1694350969790105
14.86,0.19282518603668702
14.864,0.21088372390916718
14.868,0.24221566758227658
14.872,0.23281826909058773
14.876,0.24550820871928977
14.88,0.27727396639649343
14.884,0.26833089552359896
14.888,0.2881935264199075
14.892,0.2735323933898414
14.896,0.29222790524032183
14.9,0.28117899587990214
14.904,0.2891809283796717
14.908,0.3081757182600427
14.912,0.29742029886158183
14.916,0.29098676213712493
14.92,0.2811426229991326
14.924,0.2791738687928079
14.928,0.27557396995442685
14.932,0.27216638274945665
14.936,0.2246329567456939
14.94,0.2300833479094018
14.944,0.22668439048425407
14.948,0.21018425066408172
14.952,0.20088311617247934
14.956,0.18500213802461196
14.96,0.1647494962099133
14.964,0.14817360042949856
14.968,0.13696416803153472
14.972,0.13735705375787904
14.976,0.10559186735889424
14.98,0.10001395368352832
14.984,0.09096658510990308
14.988,0.09404029760881366
14.992,0.06558060027581597
14.996,0.06917380386751777
15.0,0.06375782648319708
15.004,0.04348361448673712
15.008,0.03549645615564192
15.012,0.02855389707449117
15.016,0.024237006918992988
15.02,0.030945194912668474
15.024,0.02092099878431171
15.028,0.017715082069506834
15.032,0.001347434101230961
15.036,0.0005930980794798084
15.04,0.029748908084772
15.044,0.004911351124290503
15.048,-0.0023997506215019584
15.052,0.01855912008554364
15.056,0.006171033985984885
15.06,0.00841107016519966
15.064,0.000668552649027383
15.068,-0.0016002395529044647
15.072,-0.0004753321599807695
15.076,-0.01289438343623046
15.08,-0.00017062183867078248
15.084,0.003495148783170988
15.088,0.018905683144641236
15.092,0.0011588131384574645
15.096,-0.02312053855617134
15.1,-0.0007771112139867073
15.104,0.027513995085145057
15.108,0.00875005454268641
15.112,-0.008046545749102414
15.116,0.005955768000193695
15.12,-0.007388283901579178
15.124,-0.013515523991375268
15.128,-0.003467821192474174
15.132,0.0009263822504670798
15.136,-0.018713776088235035
15.14,-0.011486090777016265
15.144,0.00010743118515600317
15.148,-0.004078289347194648
15.152,0.0039518683246002415
15.156,-0.012141184118198948
15.16,0.00715085572864208
15.164,-0.011819168235312297
15.168,0.016462600262010428
15.172,-0.01709101956834471
15.176,-0.010802555220993097
15.18,0.004395510823833624
15.184,0.01703241957743367
15.188,0.0038192524909827735
15.192,0.006746388485843172
15.196,0.001996395651139407
15.2,-0.007372303083378888
15.204,-0.0004256111330849374
15.208,-0.005366542681969156
15.212,-0.0028570717283652007
15.216,0.01825109662791801
15.22,0.008654868350414695
15.224,0.030278134852536713
15.228,0.02293194841607514
15.232,0.049478916624173315
15.236,0.05377677374824487
15.24,0.08618116112534371
15.244,0.08964731533622619
15.248,0.11327979426400159
15.252,0.10733527622963246
15.256,0.1280508110696469
15.26,0.12808181845661987
15.264,0.141239222177782
15.268,0.14676909062110888
15.272,0.1423771593083407
15.276,0.13393844931290105
15.28,0.12489478016043279
15.284,0.1055663681983121
15.288,0.106039517934232
15.292,0.10903713871160611
15.296,0.07229031149421734
15.3,0.06023282878660983
15.304,0.07823393406129676
15.308,0.04162483914277836
15.312,0.04042245698437951
15.316,0.034548595352255185
15.32,0.02734561851617368
15.324,-0.00034401493803623735
15.328,0.008103934889662417
15.332,-0.009076945341643269
15.336,0.029188273084319528
15.34,-0.012885950327596339
15.344,-0.008543275085157741
15.348,-0.009214266984173441
15.352,-0.014251224859112573
15.356,0.013944514257833648
15.36,0.024463200889496065
15.364,-0.004624784469567071
15.368,-0.013132324245647076
15.372,-0.022331282610761297
15.376,-0.002421596093354037
15.38,-0.003154334628351447
15.384,-0.00651154961664193
15.388,0.0021961496974973083
15.392,0.003853258804586325
15.396,0.0028068704146755126
15.4,-0.004703343370912074
15.404,-0.01579172758320285
15.408,-0.005941968676377706
15.412,-0.028202403079762257
15.416,-0.04537172996869126
15.42,-0.08058878145637642
15.424,-0.1369592311692103
15.428,-0.1585417449536421
15.432,-0.14908483269783773
15.436,-0.12075878428830061
15.44,-0.04412211572347576
15.444,0.036458522818382064
15.448,0.15898010321597492
15.452,0.30418614147188755
15.456,0.49037248140873446
15.46,0.7042030228255234
15.464,0.877096163213336
15.468,0.9830006022284138
15.472,1.004118068942941
15.476,0.8922237562682469
15.48,0.7135807606874859
15.484,0.5026774585972204
15.488,0.32119448443309145
15.492,0.15882989078719076
15.496,0.009168764069269881
15.5,-0.08830420116358838
15.504,-0.20604554153451332
15.508,-0.23712345876508026
15.512,-0.24422240895070985
15.516,-0.2184878340816525
15.52,-0.131400999452215
15.524,-0.09771114597008901
15.528,-0.05568022870994903
15.532,-0.023002203427142223
15.536,-0.028786673828106242
15.54,-0.01014548768743968
15.544,0.009590884361458388
15.548,-0.005697095056762647
15.552,-0.007287276387554952
15.556,0.0144484429801657
15.56,0.015165058430120027
15.564,0.007441526212847133
15.568,-0.0016434847651678394
15.572,0.0013032212971192682
15.576,-0.003368576801683517
15.58,-0.004080425990077915
15.584,-0.0031241956055929852
15.588,0.0028934888807900594
15.592,0.00082944806348202
15.596,-0.0019583744846241365
15.6,0.018828027746482377
15.604,0.022444744274330686
15.608,0.04113827360243195
15.612,0.022102378626572126
15.616,0.0370812740612583
15.62,0.043312466232811715
15.624,0.04448820302800905
15.628,0.06212473649913856
15.632,0.07092891260215736
15.636,0.07580010157728063
15.64,0.08017140047358103
15.644,0.09018732666429402
15.648,0.09191387205737167
15.652,0.11009468707244412
15.656,0.12514737968390213
15.66,0.1338872615042928
15.664,0.1637041050504963
15.668,0.1857185297509071
15.672,0.17922025802116393
15.676,0.20560025175597535
15.68,0.20660792795841967
15.684,0.22759426382497847
15.688,0.2367347845960175
15.692,0.26174188003172594
15.696,0.25990699197364336
15.7,0.28647978992126305
15.704,0.2820977968457706
15.708,0.28462445800851816
15.712,0.28340434439001233
15.716,0.3014468552109628
15.72,0.3089482310982413
15.724,0.3018936410288597
15.728,0.3188122571211016
15.732,0.306136600772821
15.736,0.2824161559434064
15.74,0.2743202173676802
15.744,0.27270940428472673
15.748,0.2488172556297613
15.752,0.2569071567450429
15.756,0.23597078589669893
15.76,0.22130290528342159
15.764,0.2114756624749718
15.768,0.20739431782834092
15.772,0.17732702220123428
15.776,0.16001689372061934
15.78,0.16201326386496262
15.784,0.1427807583818375
15.788,0.11660544065520856
15.792,0.1072159922052412
15.796,0.09719116370657573
15.8,0.08771614125667895
15.804,0.06022181632362911
15.808,0.04890375175400405
15.812,0.04685032469604268
15.816,0.038315412741772095
15.82,0.034580799192127365
15.824,0.04120386369095461
15.828,0.027741977879944625
15.832,0.026655676229671323
15.836,0.008340245131274496
15.84,0.012432547092047944
15.844,0.019904015146112966
15.848,0.017423840079824067
15.852,0.002077609646439404
15.856,0.009143894157995727
15.86,0.028026903114511195
15.864,0.004637180683701556
15.868,-0.003119829344749027
15.872,0.0012622648151736713
15.876,0.003267475784227458
15.88,0.00031079317285536865
15.884,0.0010933790670979247
15.888,-0.01335527024588057
15.892,-0.00880377563861815
15.896,-0.0008704470349534047
15.9,-0.0011839598575382581
15.904,-0.005311443492235174
15.908,-0.0015097859329386133
15.912,0.0008023294863957133
15.916,0.00903509059064934
15.92,-0.0008893920305461707
15.924,0.004065418170208672
15.928,-0.0053624816980620245
15.932,0.005759220516084718
15.936,0.0037844835189176883
15.94,0.008677354712576945
15.944,0.007148059248916356
15.948,0.005896732048748654
15.952,-0.00097768224179959
15.956,0.002453858595667122
15.96,0.010638142550958827
15.964,-0.006518671514208197
15.968,-0.006282677124655248
15.972,0.0018152553389712495
15.976,0.0041534294503425585
15.98,-0.00824063303619615
15.984,-0.0007473096136016477
15.988,-0.0009397060475747173
15.992,-0.02215244555695953
15.996,-0.0021953237830623445
16.0,-0.0015719394904472365
16.004,-0.001600345602133982
16.008,0.014164497746322165
16.012,-0.012147102678311176
16.016,-0.008224640523780734
16.02,-0.026080196004856875
16.024,-0.004730396986316193
16.028,-0.0038116112551348363
16.032,-0.0048402265914253674
16.036,0.011530160239805456
16.04,0.009378158187927123
16.044,0.002059802393021639
16.048,-0.0016334511598916383
16.052,0.01353016346754392
16.056,0.004825673194320607
16.06,-0.0006572159714928342
16.064,-0.006173287809194525
16.068,0.011228400989451687
16.072,0.02924721763129319
16.076,0.05211167209253054
16.08,0.039298462858318624
16.084,0.04204626746436683
16.088,0.0503916662717913
16.092,0.08149701211874477
16.096,0.0727547605609357
16.1,0.11034730661105785
16.104,0.1266980794608885
16.108,0.1349586587380707
16.112,0.13806722688398815
16.116,0.15248931622541584
16.12,0.151548272340586
16.124,0.14125333844524177
16.128,0.16299206208298242
16.132,0.13302267662502631
16.136,0.13352457861427888
16.14,0.08873041598204875
16.144,0.11158142928011294
16.148,0.09897943193457562
16.152,0.07038287738454553
16.156,0.06238677840430777
16.16,0.05045372477579148
16.164,0.028120359556786878
16.168,0.031400507680333326
16.172,0.0108824039437554
16.176,0.00743835834907477
16.18,0.020670525783596544
16.184,0.016115585371004725
16.188,-0.0028579677531231015
16.192,-0.004628660067234913
16.196,-0.00475754859655733
16.2,0.008365038183753839
16.204,-0.009380734957332906
16.208,0.0039268389495954615
16.212,0.007672183306429368
16.216,-0.0007700009938504918
16.22,0.010161142799826555
16.224,-0.0030113801506362545
16.228,-0.0021224431694651493
16.232,-0.009765227076498205
16.236,0.0101701055008685
16.24,-0.007694785209379553
16.244,0.0033480069888057367
16.248,-0.001327253982946535
16.252,-0.012664581557193081
16.256,-0.012423442194087624
16.26,-0.002161390684528152
16.264,-0.032386014566183965
16.268,-0.07314403736798454
16.272,-0.09533225789819647
16.276,-0.13192985252380465
16.28,-0.11166668008846953
16.284,-0.13294005055280808
16.288,-0.10053447731609479
16.292,-0.01692361991422952
16.296,0.042766107546394025
16.3,0.1868077964850376
16.304,0.3686530779727853
16.308,0.5428751871458459
16.312,0.7286850131664435
16.316,0.9074122650432859
16.32,1.009760882603355
16.324,0.9758597924111043
16.328,0.8406057344038417
16.332,0.6545146871664527
16.336,0.449292115001997
16.34,0.2685045438054568
16.344,0.1194440890453564
16.348,-0.012680348839577232
16.352,-0.122988607620891
16.356,-0.21736359841656636
16.36,-0.25625617643887155
16.364,-0.2330157016047604
16.368,-0.21072670981368596
16.372,-0.14093150060724574
16.376,-0.0798936012893655
16.38,-0.053543478282567274
16.384,-0.028379761819888397
16.388,-0.007391196718485862
16.392,0.00337497993840078
16.396,0.010686072128820485
16.4,0.0067942569061611394
16.404,0.001832983967350823
16.408,-0.006004534581579003
16.412,-0.008818002053493559
16.416,-0.0026763471142613195
16.42,0.00720732795876201
16.424,0.007311940125134549
16.428,-0.016021748918768078
16.432,-0.001618292731999739
16.436,0.019814457288118634
16.44,0.010406387467131977
16.444,-0.0023488310382039253
16.448,0.038000403033396836
16.452,0.017242240983566488
16.456,0.02498959238930965
16.46,0.029338617155786565
16.464,0.026503807292320446
16.468,0.0284340927927054
16.472,0.06320040647206687
16.476,0.059076891690329994
16.48,0.06514748311957475
16.484,0.07141985688722818
16.488,0.06520796279422407
16.492,0.09844957098840192
16.496,0.0885004077232353
16.5,0.11180164426041797
16.504,0.10532518614639483
16.508,0.11468533061682026
16.512,0.15216478760391375
16.516,0.15515840564407105
16.52,0.15785040359822614
16.524,0.19769288036257462
16.528,0.2278954106150644
16.532,0.23466015942222168
16.536,0.2317148390690614
16.54,0.2471421300331092
16.544,0.26772999009669846
16.548,0.28070675104961523
16.552,0.27532957835444033
16.556,0.28686607051351665
16.56,0.29562700004317005
16.564,0.3024793798467807
16.568,0.29807107007804123
16.572,0.2987567152271447
16.576,0.31239550537395777
16.58,0.3074418927884443
16.584,0.29504200777183526
16.588,0.3006476045303858
16.592,0.27117460827786816
16.596,0.28139879048767413
16.6,0.25944743809729204
16.604,0.274501914504133
16.608,0.2167568264232209
16.612,0.20800922591461965
16.616,0.20485354829551927
16.62,0.19014864829155032
16.624,0.19113268451269871
16.628,0.15052947183320461
16.632,0.15213683654299043
16.636,0.1410250740613536
16.64,0.12332242743792177
16.644,0.09420609478898247
16.648,0.10617760124341921
16.652,0.09347816892454015
16.656,0.07710271367605577
16.66,0.06392603466484065
16.664,0.055772376749888795
16.668,0.04518991503718372
16.672,0.04565982128811611
16.676,0.03360797407985727
16.68,0.019579391942859237
16.684,0.01301794925787643
16.688,0.012038320445248918
16.692,0.018393199562496673
16.696,0.013016671878752105
16.7,0.012999288853375784
16.704,0.013805362464742
16.708,0.0008168340707392033
16.712,0.020334299725503834
16.716,0.0018405794679844999
16.72,-0.000762523229317043
16.724,0.007629719741545285
16.728,-0.01617496617400006
16.732,-0.006206721369352029
16.736,0.01111973968360997
16.74,-0.016371889734567296
16.744,0.011938344182984844
16.748,0.015687874677150025
16.752,-0.003261506754220207
16.756,0.0032413368845105764
16.76,0.01143056272431971
16.764,-0.004491270442698197
16.768,0.008807071732394214
16.772,-0.006617410581529106
16.776,-0.00470801856317674
16.78,-0.007944520890863626
16.784,0.003461329942348501
16.788,0.011604408657802118
16.792,-0.001823713185341343
16.796,-0.012700298456412235
16.8,-0.010818585650022156
16.804,0.003951859156641962
16.808,0.018445196899404263
16.812,0.003940014017345157
16.816,-0.0038670620917860723
16.82,0.007663191224123121
16.824,-0.0023939223004579087
16.828,-0.0037817870215454334
16.832,-0.009583105683873046
16.836,0.014087128773966204
16.84,-0.025386899510568755
16.844,0.007988944540334879
16.848,-0.004616989460692782
16.852,-0.004063813947150262
16.856,0.01699794370435745
16.86,-0.007003533851101063
16.864,-0.0065532641436057745
16.868,-0.0008708071835961475
16.872,0.004877549781760523
16.876,-0.0031893101049858385
16.88,-0.013745747631719249
16.884,-0.005507866275223171
16.888,0.017663839386654806
16.892,0.008030036278278344
16.896,0.015167722982390755
16.9,0.012586821055894867
16.904,0.014539885027618108
16.908,0.04541798791581159
16.912,0.03595347224865489
16.916,0.04428220013187471
16.92,0.072101401717238
16.924,0.06756955900457326
16.928,0.08323541864125653
16.932,0.10375533394806456
16.936,0.11742866183924269
16.94,0.13226297118851502
16.944,0.16048149548984844
16.948,0.1497839982738883
16.952,0.12595191576660741
16.956,0.1525111734810908
16.96,0.14538421677746227
16.964,0.13775692324611583
16.968,0.1292190411888953
16.972,0.11376500692408714
16.976,0.09949817901386553
16.98,0.09163534088794754
16.984,0.06582487192424577
16.988,0.04838709433975796
16.992,0.07604565256228848
16.996,0.028188503456667013
17.0,0.027587202600971344
17.004,0.004534084363309161
17.008,0.015092629370341618
17.012,0.00036902398841432045
17.016,0.002161745529933129
17.02,0.01480936829501454
17.024,0.0075316552245800195
17.028,0.0074518316144326635
17.032,-0.016628695932770592
17.036,0.019016100430888506
17.04,-0.011542004774132471
17.044,0.015499462917575861
17.048,0.010333742602959222
17.052,0.0058371178899829885
17.056,-0.008516329831498935
17.06,0.0015329832446201188
17.064,-0.004701356006513934
17.068,0.0002897641526742401
17.072,-0.0025241186999682193
17.076,-0.020518069116247557
17.08,0.010668652713617385
17.084,-0.0027479630552626156
17.088,-0.010665596002451795
17.092,-0.020491577969007677
17.096,-0.028879842009689252
17.1,-0.06924260199389912
17.104,-0.11793016426292596
17.108,-0.1241605513005326
17.112,-0.14061137437186794
17.116,-0.139770975195289
17.12,-0.11252807281192137
17.124,-0.03670909699383335
17.128,0.03766985841597843
17.132,0.16373043232721343
17.136,0.3261256538234981
17.14,0.535371098839809
17.144,0.726221675302057
17.148,0.8956297281007436
17.152,1.0116933885846986
17.156,0.9817141519789567
17.16,0.8657842703823074
17.164,0.6747110884144033
17.168,0.46593702960270594
17.172,0.25780203602560037
17.176,0.1278277734496986
17.18,-0.008888086617869998
17.184,-0.12156880217591098
17.188,-0.2003115641164365
17.192,-0.2340165944225564
17.196,-0.2558777752228402
17.2,-0.20758693698132116
17.204,-0.1550798319377717
17.208,-0.06940506579102794
17.212,-0.03614910120000172
17.216,-0.04162265442205762
17.22,-0.022233167483595433
17.224,-0.0032291528191928137
17.228,-0.0047397418143986045
17.232,-0.012557828738143163
17.236,0.02051519981427225
17.24,0.004550458742926586
17.244,0.006599181464818852
17.248,-0.004537819264634741
17.252,0.01026835789606686
17.256,6.428624142554079e-05
17.26,0.0020492108778881165
17.264,0.012233169986347223
17.268,-0.008660135747323956
17.272,0.02541689846199526
17.276,0.013445279288971242
17.28,0.027015056224460113
17.284,0.006499515607415714
17.288,0.011590502535890283
17.292,0.013349313103768346
17.296,0.03225204349562563
17.3,0.03587890983995244
17.304,0.03678475341033464
17.308,0.038281980760187184
17.312,0.04357010227516168
17.316,0.06440872202796849
17.32,0.06975027728944214
17.324,0.07791282430866582
17.328,0.11142968124177222
17.332,0.10710955488080647
17.336,0.13332693573574464
17.34,0.1286205028514705
17.344,0.15025061487616928
17.348,0.16148948779495156
17.352,0.15954825661946315
17.356,0.20535526272626767
17.36,0.2041471867875911
17.364,0.22706906572059937
17.368,0.22566190204249242
17.372,0.24437090947443554
17.376,0.2492388061279847
17.38,0.28100489252516864
17.384,0.2811584315309349
17.388,0.2896073099759893
17.392,0.30575915248406027
17.396,0.3082128147203638
17.4,0.30692190765042004
17.404,0.28576735446003826
17.408,0.2918273454552661
17.412,0.28565108374083364
17.416,0.29803633544582514
17.42,0.2857967063275891
17.424,0.26189650577847545
17.428,0.2641592970056219
17.432,0.240058516524357
17.436,0.24232044900539743
17.44,0.21325386413944272
17.444,0.2213647764280851
17.448,0.20564936811739384
17.452,0.20647337688931716
17.456,0.18132505776831587
17.46,0.15418187507787853
17.464,0.15243578668626082
17.468,0.11654947203335499
17.472,0.10772556687896763
17.476,0.1081628464542414
17.48,0.07146812610083512
17.484,0.0816952130153347
17.488,0.06171517660146327
17.492,0.06363490817546118
17.496,0.0434022221063967
17.5,0.050818897355709644
17.504,0.03997805501847242
17.508,0.04777034112170271
17.512,0.028543432950172115
17.516,0.016174798760734792
17.52,0.017397841395429582
17.524,0.002992995670234663
17.528,0.017571305889448482
17.532,0.01693287687198436
17.536,0.0336469016186669
17.54,0.001002655663755468
17.544,0.003107733297511164
17.548,-0.0011515112744586286
17.552,0.005764714367855911
17.556,0.006680724542553242
17.56,0.001702827827224301
17.564,0.01259883001085951
17.568,-0.004831593597509903
17.572,0.010886970124535947
17.576,0.006165421795798754
17.58,0.0004700133661751794
17.584,-0.0027057135977699683
17.588,0.024597980276120927
17.592,-0.007924260855202389
17.596,0.003160570059335943
17.6,-0.007369422759620537
17.604,0.01795284750710662
17.608,0.008938157519106683
17.612,-0.006733270750438973
17.616,0.005161815015399336
17.62,0.002602403168017243
17.624,-0.005148308982363243
17.628,0.007594208058293946
17.632,0.003901801016090124
17.636,0.0021630395755623194
17.64,-0.0004150298749199071
17.644,0.0043134105747778635
17.648,0.002295869437152453
17.652,0.0005923900663961734
17.656,-0.006408926318968355
17.66,0.016939051043228893
17.664,-0.01050205781460574
17.668,0.004280336260950713
17.672,-0.003194564259500576
17.676,0.017611018708104043
17.68,-0.009004498592628507
17.684,-0.007294788138440284
17.688,-0.009590530174478721
17.692,0.0034299924818151062
17.696,-0.013384960917694939
17.7,-0.0041894666169781415
17.704,-0.020522252589958986
17.708,0.004044766636716726
17.712,-0.0023824378465412775
17.716,-0.010803022832506613
17.72,0.017042326876815138
17.724,-0.003928463645041961
17.728,0.021155878685330136
17.732,0.011516434137912552
17.736,0.04138786289404427
17.74,0.0413639432528756
17.744,0.03398668898763908
17.748,0.046716994803753964
17.752,0.0751430367515425
17.756,0.08062299482061465
17.76,0.09607883210839104
17.764,0.12465223828841959
17.768,0.11741190981865342
17.772,0.13676075421049314
17.776,0.1535683732906742
17.78,0.15692020418253402
17.784,0.1483130553731284
17.788,0.14429164695163227
17.792,0.12346143597553558
17.796,0.12082151323727813
17.8,0.12264047802499797
17.804,0.10448853735097477
17.808,0.09220165517159808
17.812,0.08739596195907255
17.816,0.051325320155448134
17.82,0.04819577484312486
17.824,0.041309908782313484
17.828,0.02292177472551426
17.832,0.036512883078761514
17.836,0.0251154950961469
17.84,0.01418402862606107
17.844,0.02568309140495319
17.848,-0.009812432373751978
17.852,0.003296958457351974
17.856,0.00580720414511485
17.86,-0.007817877857288475
17.864,0.0038085887259274387
17.868,-0.010594265241859878
17.872,0.007176020458636537
17.876,0.010729533321226874
17.88,0.002805713469505156
17.884,-0.018484228480932716
17.888,-0.0096453219182151
17.892,0.005658214272290098
17.896,0.00021535539672747116
17.9,-0.02695103143699725
17.904,0.012358566752108535
17.908,0.0010536307316873737
17.912,-0.009370187765396372
17.916,0.006166992846539445
17.92,-0.017110759430210756
17.924,-0.03094676551530152
17.928,-0.044144381406558214
17.932,-0.06281747906629312
17.936,-0.09964996203778467
17.94,-0.13766625742106567
17.944,-0.13989947959048055
17.948,-0.11153881867458382
17.952,-0.07921661909460517
17.956,0.018556360777511237
17.96,0.11255521938442097
17.964,0.2668341913607779
17.968,0.4425707490965556
17.972,0.6531180184796531
17.976,0.8386898196322322
17.98,0.935636929099053
17.984,0.9990112347771136
17.988,0.9268410968890858
17.992,0.7634438629231818
17.996,0.5553017799512354
18.0,0.3714485626936735
18.004,0.1833980156900466
18.008,0.041557650020601855
18.012,-0.06875578510703335
18.016,-0.1667566466867829
18.02,-0.23808191661723263
18.024,-0.27036324186640687
18.028,-0.22582769012291443
18.032,-0.16073934029756268
18.036,-0.11255286149927031
18.04,-0.05204979350429402
18.044,-0.026598187047912378
18.048,0.001851593670432885
18.052,-0.006401102619075244
18.056,0.004114344239153588
18.06,0.005527083149128698
18.064,0.01593997099912211
18.068,-0.015792703335409372
18.072,-0.002918399902277189
18.076,0.01063570619405974
18.08,0.01821562427905005
18.084,0.005911485315003375
18.088,0.0015155766415826306
18.092,0.013157118577221514
18.096,0.015665706004605456
18.1,0.005066439206278443
18.104,0.013988442015211752
18.108,0.024900964069919006
18.112,0.03485191559486786
18.116,0.02672207256978812
18.12,0.023640335685150112
18.124,0.02717261202065148
18.128,0.038469029372805136
18.132,0.03763978864323797
18.136,0.04736120237041722
18.14,0.04236054977461919
18.144,0.0742199732872235
18.148,0.059010028670348186
18.152,0.07610748024108789
18.156,0.09226012868491096
18.16,0.1228539088411725
18.164,0.11112575651820208
18.168,0.12177205905567351
18.172,0.13657451041248064
18.176,0.1727701925046572
18.18,0.14246002295866586
18.184,0.17509789107035392
18.188,0.22693788653441035
18.192,0.21979595587119102
18.196,0.2166463811844419
18.2,0.24045246619665867
18.204,0.2538472973516558
18.208,0.2728657015532205
18.212,0.2927678298070937
18.216,0.2867861361247087
18.22,0.28443472241057044
18.224,0.30291098001610073
18.228,0.29144265841731104
18.232,0.2895900321545296
18.236,0.2819070753923579
18.24,0.28153015711480955
18.244,0.2840291383014348
18.248,0.27524402469705755
18.252,0.2825105776293352
18.256,0.2582091983258072
18.26,0.22822570333038045
18.264,0.2375016957445121
18.268,0.23051944140707306
18.272,0.21570774022728215
18.276,0.22291995007601062
18.28,0.18719901216216284
18.284,0.18760235648705623
18.288,0.16410084775034298
18.292,0.14957842755372264
18.296,0.12772756394334828
18.3,0.1220776391405368
18.304,0.10221583893915401
18.308,0.09947599312431554
18.312,0.08409772657690345
18.316,0.06652021078879838
18.32,0.07623951899121685
18.324,0.06179849139463427
18.328,0.045105738926910166
18.332,0.04392178119215659
18.336,0.035299294569245306
18.34,0.021879432317054998
18.344,0.02637558845130327
18.348,0.01521909907253869
18.352,0.008325130963193822
18.356,-0.0015786892364895375
18.36,0.008409993539214287
18.364,0.015430627183955931
18.368,0.0009449723914344158
18.372,0.03154660308754408
18.376,0.013917078341256859
18.38,0.017056618736259566
18.384,0.011115129983460719
18.388,0.021005119147352033
18.392,-0.0059432560842898104
18.396,-0.02411786021967453
18.4,-0.0033171112190417927
18.404,0.006455434686862381
18.408,0.0021774100474229695
18.412,0.003253741227994626
18.416,0.013582721902606367
18.42,0.004098528770086218
18.424,0.00819459104883857
18.428,-0.009244719795556435
18.432,-0.010843805313329331
18.436,0.016220999940073103
18.44,0.00106655608181749
18.444,-0.006191097301264245
18.448,-0.006184640727924214
18.452,-0.0064705173145964195
18.456,-0.007075039277412322
18.46,-0.01282131523403385
18.464,-0.014997135838927056
18.468,-0.0019451226851672136
18.472,-0.005925770403787783
18.476,0.011074236070766918
18.48,0.0029331494620996753
18.484,0.0026560588236621686
18.488,-0.007426596978554761
18.492,-0.0012017527346084207
18.496,0.003626521878233493
18.5,0.007193867279613742
18.504,-0.0008783193299171195
18.508,0.010903710862871953
18.512,0.0002835522855094684
18.516,0.008288033810841726
18.52,-0.0042796893299002214
18.524,-0.017087708984874835
18.528,0.004381268639654944
18.532,0.009959222089040582
18.536,0.009957611533984525
18.54,0.010588524640294037
18.544,0.005911974544105028
18.548,0.00545410582073887
18.552,0.02448032324315459
18.556,0.03018661997876277
18.56,0.02893050455078764
18.564,0.055952570898512896
18.568,0.04795878033027805
18.572,0.06423659986887012
18.576,0.10064274676347731
18.58,0.107489271423466
18.584,0.10932395891605132
18.588,0.12862988952985563
18.592,0.13807869015315977
18.596,0.11702598820303514
18.6,0.139967346786122
18.604,0.1493314417404991
18.608,0.1432782466759414
18.612,0.14274241995090403
18.616,0.14190078863016622
18.62,0.11531756004056096
18.624,0.09428034818275653
18.628,0.0936628077794312
18.632,0.07272425355543874
18.636,0.06069281630537339
18.64,0.046792942503914296
18.644,0.061110097466199366
18.648,0.0069470338073315645
18.652,0.01782371423649282
18.656,0.015609544183970933
18.66,0.003181467014115054
18.664,0.016526448712286087
18.668,0.013157752945181247
18.672,0.002792049476433971
18.676,-0.0006331667582502912
18.68,0.00016224783363679536
18.684,-0.0002755155783261303
18.688,-0.00033011707180499646
18.692,-0.001620310863774719
18.696,0.0026693949526064003
18.7,0.007610932022479578
18.704,-0.012260823901753804
18.708,-0.01048509213464858
18.712,-0.01747467025508746
18.716,0.00866673719241401
18.72,0.00249030013146887
18.724,0.0049745187701190265
18.728,-0.014640852358972606
18.732,0.01656100177580129
18.736,-0.010173773527234038
18.74,-0.009353677628566202
18.744,-0.01685725108286014
18.748,-0.05968056911996981
18.752,-0.0886496665724204
18.756,-0.1163924805992576
18.76,-0.11377173052714112
18.764,-0.1406867901957414
18.768,-0.10051035552286414
18.772,-0.0498326375864001
18.776,0.02244633574217906
18.78,0.11898643386891665
18.784,0.28599246125480254
18.788,0.44394334090244897
18.792,0.6786112029581239
18.796,0.8512515161982094
18.8,0.9456155654187869
18.804,0.9918084145047636
18.808,0.9178053164127552
18.812,0.7429675736551578
18.816,0.5486554119421162
18.82,0.33302309075016334
18.824,0.15600673020243352
18.828,0.02734601161837941
18.832,-0.08626068788312512
18.836,-0.17925561040554103
18.84,-0.2194953724398527
18.844,-0.25399862277553364
18.848,-0.214849334565692
18.852,-0.16340845003716736
18.856,-0.1206127557649467
18.86,-0.07039544570189804
18.864,-0.026313754258116415
18.868,0.009570958299364545
18.872,0.002660237305303004
18.876,-0.017705375315468314
18.88,-0.030593764002110498
18.884,0.00828013830875322
18.888,0.0003372208657104129
18.892,0.013109465150188784
18.896,-0.006617731133708003
18.9,0.006307332007019551
18.904,0.012032698145411464
18.908,4.208964815839017e-05
18.912,0.0014156672420956654
18.916,0.007341245916736851
18.92,0.014222277280557702
18.924,0.010700457393717997
18.928,0.023023756182603376
18.932,0.011549653466676947
18.936,0.006271372681639936
18.94,0.043269721894604346
18.944,0.02201381550626867
18.948,0.027607074758293364
18.952,0.03858811995872919
18.956,0.046642540891848834
18.96,0.04963715939412532
18.964,0.06170013958654654
18.968,0.07070038057339273
18.972,0.0829234679508346
18.976,0.06851473828442874
18.98,0.1226137081549515
18.984,0.11479130253144629
18.988,0.13519433958474356
18.992,0.12929384412264394
18.996,0.15249008333528075
19.0,0.16489480774024842
19.004,0.20086018198565625
19.008,0.19479421004472633
19.012,0.22247057940790094
19.016,0.22216505945734896
19.02,0.23725379365660557
19.024,0.2515560146695474
19.028,0.2779978261871258
19.032,0.25613211465079816
19.036,0.2702928620443871
19.04,0.27078937185798574
19.044,0.28446782636077306
19.048,0.29047905640889454
19.052,0.28381238359878663
19.056,0.29206174622518666
19.06,0.27679659519293326
19.064,0.28244576285982687
19.068,0.2985348798833528
19.072,0.28280866469525495
19.076,0.27136931899056577
19.08,0.24883547325420013
19.084,0.2317041401068782
19.088,0.22290856268476916
19.092,0.22034516317687217
19.096,0.2153894807423592
19.1,0.20132378613573276
19.104,0.1840615664677086
19.108,0.15588706331532431
19.112,0.1492403268264078
19.116,0.13189303351171439
19.12,0.1197192013726578
19.124,0.12935145122602804
19.128,0.07932243895096047
19.132,0.08333746813207392
19.136,0.08736782157396995
19.14,0.051006460481900474
19.144,0.050498263874720006
19.148,0.04376130721532671
19.152,0.039756877889372315
19.156,0.01975567213933569
19.16,0.036137375683662744
19.164,0.03201038285028951
19.168,0.02623358510874178
19.172,0.008830991923935562
19.176,0.01530991333370225
19.18,0.0028290649897725877
19.184,0.0062901237287609395
19.188,0.02930560443789512
19.192,0.007196707288817634
19.196,-0.006896947502832394
19.2,0.005749910546867195
19.204,-0.010409289071190087
19.208,-0.009557051777408822
19.212,-0.008519111250353624
19.216,-0.002981030128102964
19.22,0.010492237684399707
19.224,0.006640356319368747
19.228,0.00587910018736578
19.232,-0.010500319972615128
19.236,-0.005047242865312704
19.24,0.0029920957673212935
19.244,-0.006082167700271738
19.248,-0.002636077626570101
19.252,0.004521245811957637
19.256,-0.0034096947943000134
19.26,0.0023167933015662426
19.264,0.0159674988393103
19.268,-0.0016899946565742776
19.272,0.0118135789545267
19.276,0.0056078812968770745
19.28,-0.014662528907487812
19.284,-0.011014515282977118
19.288,-0.008331238247900913
19.292,-0.008545119148965302
19.296,-0.0009007014118166792
19.3,0.0061479241155361864
19.304,0.012552580362161397
19.308,0.003082416203223559
19.312,-0.004456352293681766
19.316,-0.02082211454694269
19.32,0.0007061055362982365
19.324,0.0002578742097275701
19.328,0.0018294831772473939
19.332,0.021062721770145804
19.336,0.012406600057275908
19.34,0.007851949447542661
19.344,-0.009617938783394205
19.348,-0.005124067390480812
19.352,-0.0009365210533689856
19.356,-0.007730482460631329
19.36,0.0050501358327999625
19.364,0.003654604305972302
19.368,-0.010726380522144741
19.372,0.012248040686450554
19.376,0.0015103456200051193
19.38,-0.016463892639593976
19.384,0.0008541676764080049
19.388,0.005016957695936618
19.392,0.01319289186587011
19.396,0.0019327730746606497
19.4,0.016203828144313863
19.404,0.01340400808171488
19.408,0.0032088305306177626
19.412,0.008468133144519881
19.416,0.04171106664058693
19.42,0.05200767420976007
19.424,0.05450899892547436
19.428,0.07895964963870852
19.432,0.08842886506855215
19.436,0.09916658273343283
19.44,0.09760562312811634
19.444,0.13754604567431564
19.448,0.13739518887951258
19.452,0.13746772565683887
19.456,0.1407680942472542
19.46,0.1525203957258063
19.464,0.1319318066927852
19.468,0.15061629089562062
19.472,0.12572340391031853
19.476,0.12787175188972302
19.48,0.10588496022688908
19.484,0.0942544652414326
19.488,0.07480656520494117
19.492,0.06664706066871516
19.496,0.07402627100137917
19.5,0.05725510730582242
19.504,0.03685246345128804
19.508,0.024660617984230027
19.512,0.026605922673175367
19.516,0.024207882946297485
19.52,0.0006431572248262844
19.524,0.005262628376323389
19.528,-0.014246530690088983
19.532,0.013779658614115054
19.536,0.022243823040721023
19.54,0.0017720560127885002
19.544,-0.020673132842037468
19.548,0.006422995678740658
19.552,-0.00885232787183972
19.556,-0.0065297573349335615
19.56,0.006321390263103558
19.564,0.0025746008538846564
19.568,-0.0048664193699958355
19.572,-0.006489799178132687
19.576,0.001254823983607191
19.58,-0.004132026929946965
19.584,-0.011274698297513467
19.588,-0.004056843024681
19.592,0.000905394431159594
19.596,-0.009006871659622873
19.6,-0.03199810439599787
19.604,-0.027733988189349534
19.608,-0.0948939648190708
19.612,-0.10756591051736153
19.616,-0.13997127703275034
19.62,-0.1449800455777793
19.624,-0.1266174300009063
19.628,-0.07824190660774544
19.632,-0.02761996748993505
19.636,0.08153946984026829
19.64,0.20716813201546383
19.644,0.35595512965464415
19.648,0.590239533219438
19.652,0.7567030342648216
19.656,0.9322001744190008
19.66,1.002398960046577
19.664,0.9637475505499902
19.668,0.8219025913335348
19.672,0.6424087373408223
19.676,0.41261580807316567
19.68,0.24130795002785818
19.684,0.08172210684329045
19.688,-0.04520357861978369
19.692,-0.13517678155014556
19.696,-0.20081525275628473
19.7,-0.24829930290545593
19.704,-0.22686761620357437
19.708,-0.18953416559775893
19.712,-0.1396768030676222
19.716,-0.07911676581952484
19.72,-0.04107299806824577
19.724,-0.022970252024089498
19.728,-0.0012383038167110613
19.732,0.0010307751749254047
19.736,-0.01571290836070127
19.74,-0.015735139057799018
19.744,0.005388978529013022
19.748,-0.0066431216241401025
19.752,0.00497645610866581
19.756,0.01032299189444753
19.76,-0.009500486125099518
19.764,-0.010044813905434396
19.768,0.021874731392771633
19.772,0.009940681837659561
19.776,0.003802452320342111
19.78,0.0005454605412724828
19.784,0.007039296366751796
19.788,0.002917825077055113
19.792,0.02681345843979955
19.796,0.013900330934772442
19.8,0.036881810392875046
19.804,0.026865459013188268
19.808,0.026064137348518687
19.812,0.038610474237619756
19.816,0.023800189428161887
19.82,0.05682845363340777
19.824,0.06517693889657085
19.828,0.08482300006089893
19.832,0.06825675574331083
19.836,0.1101022945394198
19.84,0.11882550143169414
19.844,0.13597862753104978
19.848,0.13638071977214705
19.852,0.16099331690129098
19.856,0.15044858390188093
19.86,0.18680140597681114
19.864,0.1864970275543797
19.868,0.19206943847129085
19.872,0.2113516731876142
19.876,0.2360835502828573
19.88,0.24043467907435284
19.884,0.26409428048205813
19.888,0.25271471178305477
19.892,0.258613210381008
19.896,0.30115463704371703
19.9,0.3023356960225533
19.904,0.28688210832933714
19.908,0.29955564863309064
19.912,0.310082283561412
19.916,0.30246601513485555
19.92,0.2962590922828459
19.924,0.3004137580680234
19.928,0.27512291936554506
19.932,0.2741224864296162
19.936,0.2635824395143967
19.94,0.24973147045158367
19.944,0.236201903244072
19.948,0.22761780240633636
19.952,0.2133814351855247
19.956,0.18827087270593576
19.96,0.19226542384318893
19.964,0.15994526261738734
19.968,0.1531383624613185
19.972,0.13829249625511691
19.976,0.13120704895431876
19.98,0.09339320629720406
19.984,0.11112798188605823
19.988,0.08383628746566646
19.992,0.0920000438611984
19.996,0.06505331215734948
20.0,0.060235677533907295
20.004,0.07160289734177694
20.008,0.04226671300133176
20.012,0.05080777071915453
20.016,0.03295308098186741
20.02,0.03157689621369721
20.024,0.02364636393696306
20.028,0.027557428365191802
20.032,0.00890649121508583
20.036,0.003097866037713899
20.04,0.00416715154073138
20.044,0.009549470774043714
20.048,0.004678664914196108
20.052,0.012613055600334912
20.056,0.01742809536971873
20.06,-0.006297816092594633
20.064,-0.004623274892043786
20.068,-0.012244028790694549
20.072,0.021945296229376916
20.076,0.004310664244673734
20.08,0.005765042409666854
20.084,-0.012666970672870466
20.088,0.0005435568383944447
20.092,0.005509209077705111
20.096,-0.002216810102359242
20.1,0.01098732541428678
20.104,0.023287845515118463
20.108,-0.00934660600231675
20.112,-0.010130723153409734
20.116,-0.008712450963884906
20.12,0.01610871661606348
20.124,0.01045687079494411
20.128,-0.0013316723047719595
20.132,0.0003822150877342085
20.136,-0.008153811193973832
20.14,0.008908352768228602
20.144,-0.003793433843942853
20.148,-0.0025969245686253465
20.152,0.006090538081394388
20.156,-0.0018781090766818791
20.16,-0.0023483014254671876
20.164,0.00010693167804232924
20.168,0.007954935837664127
20.172,0.0164671280553721
20.176,0.005858995628969013
20.18,0.008041331379322504
20.184,-0.0019823059690869133
20.188,-0.007046341997027277
20.192,0.006600117203016821
20.196,0.0018243665051552193
20.2,-0.014023458816235571
20.204,-0.0029224989642784847
20.208,-0.00021235575368225106
20.212,-0.004069931652250792
20.216,0.016509566997367497
20.22,0.00749612695774347
20.224,0.017923803028532578
20.228,0.008983705610934655
20.232,0.010187941339065478
20.236,0.004123697098916039
20.24,0.019040866277907725
20.244,0.02600045110437496
20.248,0.020804694240691063
20.252,0.03938808291260048
20.256,0.05346946351776279
20.26,0.07411361300116145
20.264,0.08879461461995068
20.268,0.09289309717533638
20.272,0.1175011333222465
20.276,0.1238548873509751
20.28,0.10777076801334273
20.284,0.13959245956983654
20.288,0.1598036383237867
20.292,0.1330292157349976
20.296,0.14800377930445122
20.3,0.15617921725369768
20.304,0.12307374155454864
20.308,0.11864190535434256
20.312,0.09191220469128074
20.316,0.10678450732663936
20.32,0.07525254624989712
20.324,0.06280859566149166
20.328,0.06333322598383373
20.332,0.04537508704345472
20.336,0.02065488484007655
20.34,0.015280240982014314
20.344,0.020631580454633165
20.348,0.004778754261218824
20.352,-0.013624403049610118
20.356,0.004506879057310449
20.36,-0.011522785198459715
20.364,0.018242927197633093
20.368,0.003053956098847823
20.372,-0.008276697194087015
20.376,-0.00653104538340785
20.38,-0.018633297366137495
20.384,-0.010849134925975754
20.388,0.010242373653764545
20.392,0.02235982140632977
20.396,0.007285610576625759
20.4,-0.0009098591715658704
20.404,-0.004316772228494991
20.408,-0.009577700462189644
20.412,0.02052033404432481
20.416,-0.002230120563535123
20.42,0.019878474722670535
20.424,0.009879344163463533
20.428,-0.028376047411672052
20.432,-0.0319321093949019
20.436,-0.05630268751322259
20.44,-0.08374305977439446
20.444,-0.11857285427218683
20.448,-0.11228694816557547
20.452,-0.1545544671427981
20.456,-0.11456189396518587
20.46,-0.05617851103258166
20.464,0.018116924603271318
20.468,0.12912504949365763
20.472,0.2638306601854294
20.476,0.45865652035391197
20.48,0.6663524540558295
20.484,0.8514337573280424
20.488,0.9772995364860023
20.492,1.0095529535394434
20.496,0.9215172236104308
20.5,0.7473462892126757
20.504,0.5311847186675193
20.508,0.3367905620322641
20.512,0.16792120797112983
20.516,0.031438449482887695
20.52,-0.09066935939423779
20.524,-0.18462793337126793
20.528,-0.24340812640927503
20.532,-0.2620631988571312
20.536,-0.22062653218792683
20.54,-0.1791877769023993
20.544,-0.11542329513787881
20.548,-0.06140970150937762
20.552,-0.03994465542005618
20.556,-0.006515859322481498
20.56,0.004240864812119627
20.564,-0.005953576804125859
20.568,-0.00386309699029311
20.572,0.00632149668594369
20.576,-0.005843029116836669
20.58,-0.00613348971947148
20.584,0.014150737171375626
20.588,0.011642473338574336
20.592,0.009580747616282475
20.596,0.013766136632232504
20.6,-0.014104862533049232
20.604,0.02061654063329234
20.608,0.012703568535221518
20.612,0.02093658450789107
20.616,0.017137573641462595
20.62,0.0166372375941088
20.624,0.016777655863263224
20.628,0.02714288801410569
20.632,0.024909821158565524
20.636,0.04193271057510067
20.64,0.023339012586940218
20.644,0.04050707899057463
20.648,0.07389878876732014
20.652,0.05555453483619142
20.656,0.0686462684400201
20.66,0.07227886090664648
20.664,0.09537193284917983
20.668,0.09636093836407808
20.672,0.11432195438864744
20.676,0.137786501002427
20.68,0.13599355061970425
20.684,0.16499003902562648
20.688,0.17974266525520424
20.692,0.19661464886453092
20.696,0.2019609162371679
20.7,0.24720790503966228
20.704,0.23912391743704436
20.708,0.24494328023527262
20.712,0.2451733993432163
20.716,0.26411786008579274
20.72,0.2892321831947622
20.724,0.30049342532509904
20.728,0.3050055528709142
20.732,0.30316661789919164
20.736,0.28602284452119014
20.74,0.30482604435334626
20.744,0.286999323354788
20.748,0.28209185132292247
20.752,0.29505232593291697
20.756,0.29180936425938536
20.76,0.2878639869191459
20.764,0.27453312848644895
20.768,0.26425474056195003
20.772,0.23730127761378159
20.776,0.23333898100058967
20.78,0.20579911034659493
20.784,0.1867700125941046
20.788,0.1998041211909195
20.792,0.17032205610560952
20.796,0.17208452749127826
20.8,0.16017316320596803
20.804,0.1290051219637666
20.808,0.12772219839085194
20.812,0.10245207157335962
20.816,0.07856207590230037
20.82,0.08699033756984753
20.824,0.070608952795058
20.828,0.06132609382881636
20.832,0.07674504070922594
20.836,0.03384337070292228
20.84,0.04586330999152744
20.844,0.025806835988289867
20.848,0.0393019522783731
20.852,0.028362157556118657
20.856,0.02496949838585992
20.86,0.008108329022860622
20.864,0.006808081149311156
20.868,0.021112160871301543
20.872,0.02733764818824051
20.876,0.012585313066225743
20.88,-0.0027251034255545616
20.884,0.00837537811332323
20.888,0.028227531790036984
20.892,0.0041379587139560615
20.896,0.01705552626710496
20.9,-0.005507930311778645
20.904,0.001043773012200322
20.908,0.007320220734142449
20.912,0.004831236099827607
20.916,-0.007013515235013012
20.92,-0.007605305408893493
20.924,0.010249466579398323
20.928,0.012188141337059855
20.932,0.015322881679260986
20.936,0.018187201871216394
20.94,0.0014540842206148443
20.944,-0.003033789642285606
20.948,0.013566232236999999
20.952,0.0071709986512861045
20.956,-0.009795892766037928
20.96,-0.010316107526509228
20.964,0.004933518269134255
20.968,-0.0017628273722717777
20.972,-0.0002574172858369317
20.976,0.010730091388999047
20.98,0.007593670594835586
20.984,0.013301077283685894
20.988,-0.019313545675322372
20.992,0.00253571050206015
20.996,0.006949147514945006
21.0,-0.015262027986025821
21.004,-0.00654165189308648
21.008,-0.008390513373612409
21.012,0.0002449228505008532
21.016,0.016331931013394384
21.02,0.02032553283127113
21.024,-0.007961512159382324
21.028,0.005587418155820931
21.032,0.006144728643447556
21.036,0.004815043352420466
21.04,0.005532770550943894
21.044,0.00550934510238992
21.048,0.02073574995408947
21.052,0.01690001075877539
21.056,-0.001884756903891397
21.06,0.020562739047675138
21.064,0.026692119914898803
21.068,0.027562438701308357
21.072,0.044008243049703445
21.076,0.044558457018858286
21.08,0.056306744545657754
21.084,0.06855868571213684
21.088,0.06123040273979361
21.092,0.09512598329726592
21.096,0.103496215982699
21.1,0.11148099586608404
21.104,0.14893575715706214
21.108,0.14820164906920572
21.112,0.1481215689534037
21.116,0.144336271515487
21.12,0.1506960901655988
21.124,0.1517546077032209
21.128,0.1244696044431443
21.132,0.12103421823551055
21.136,0.11633844802550054
21.14,0.07394211465256889
21.144,0.07824126746780871
21.148,0.06060488077456865
21.152,0.05074784800178702
21.156,0.03573080279653
21.16,0.03244708605596646
21.164,0.04232986317615142
21.168,0.013491394114354086
21.172,0.01473158985685744
21.176,0.028079499601322257
21.18,-4.4261064141357456e-05
21.184,0.021714670649940534
21.188,0.0023275188254982555
21.192,0.019232015444485683
21.196,0.008357774187032135
21.2,0.0035762454236012483
21.204,-0.000365643928846085
21.208,-0.006077398224999417
21.212,0.0008470309059176542
21.216,0.009021097064531183
21.22,-0.00010647970703755075
21.224,-0.0031539853609864324
21.228,-0.002503434698675809
21.232,0.009916741004171217
21.236,0.012194890637675197
21.24,-0.006932760242592136
21.244,-0.007691306213565709
21.248,0.0005026584959557183
21.252,0.006098425823738606
21.256,-0.010344539736181001
21.26,-0.056658255548073966
21.264,-0.07874693269095041
21.268,-0.12097427728536075
21.272,-0.1417244941949103
21.276,-0.12958528495805563
21.28,-0.13846079464414743
21.284,-0.09099350810653727
21.288,-0.00766655556583171
21.292,0.10721661996711701
21.296,0.2494144355152185
21.3,0.424434263987291
21.304,0.6338739371907026
21.308,0.7981865638501069
21.312,0.9667407067134941
21.316,0.9962857786716172
21.32,0.9429507768584485
21.324,0.7695438144193628
21.328,0.5828241377627238
21.332,0.38181207853595445
21.336,0.21224618781714105
21.34,0.03791761893857561
21.344,-0.06544139795344407
21.348,-0.1712259052939326
21.352,-0.21875725894387527
21.356,-0.2385238711279733
21.36,-0.21330304063469954
21.364,-0.18120966344133846
21.368,-0.10697660316475537
21.372,-0.051767105024473126
21.376,-0.04765599855067338
21.38,-0.006429860161615356
21.384,0.0055142894740623696
21.388,-0.0033722902303717833
21.392,-0.01172254673186671
21.396,0.010306695614964466
21.4,-0.010766599737684459
21.404,-0.00017212205046653528
21.408,0.001681489773832498
21.412,0.009827368519893482
21.416,-0.0028606001163409374
21.42,-0.0025326492266782175
21.424,0.006416763356262024
21.428,0.016850300452382155
21.432,0.03130571859864889
21.436,-0.004666937748069451
21.44,0.015919402503146732
21.444,0.0046931222380693985
21.448,0.02902894931759504
21.452,0.013284680744241573
21.456,0.020357194113972694
21.46,0.026304852869024786
21.464,0.03724279519567221
21.468,0.0478052037636187
21.472,0.056780418307480734
21.476,0.06008839381805602
21.48,0.05590085257854689
21.484,0.08638623890570153
21.488,0.08932926476150847
21.492,0.11303645077595634
21.496,0.1066589346040068
21.5,0.1107129952614627
21.504,0.13997973518110932
21.508,0.16732868086636893
21.512,0.1703509589750435
21.516,0.18127862588156152
21.52,0.1890875199069355
21.524,0.22967222420206249
21.528,0.21568556817617618
21.532,0.23198789123271404
21.536,0.2573646882638732
21.54,0.2444828106981476
21.544,0.2859280944232628
21.548,0.28814415032675156
21.552,0.2980370876493561
21.556,0.30005877535254377
21.56,0.2964873635871962
21.564,0.2892075067325157
21.568,0.29826478575693716
21.572,0.28782919426794873
21.576,0.29848838243962966
21.58,0.29594413930699637
21.584,0.29520600021856586
21.588,0.27516652072997
21.592,0.2703174441533784
21.596,0.24651794267973903
21.6,0.23211713896294592
21.604,0.2282473715992773
21.608,0.20566809827566981
21.612,0.19786786703898698
21.616,0.17003114997791863
21.62,0.15730937637513306
21.624,0.15815438557493866
21.628,0.1466922275440898
21.632,0.11448203699920012
21.636,0.11816213506454075
21.64,0.09394341308178311
21.644,0.0880187146500352
21.648,0.09142307005239861
21.652,0.07557403515662602
21.656,0.06655882780735906
21.66,0.06963764760681448
21.664,0.03628834643198631
21.668,0.02704084498232609
21.672,0.024003866456718235
21.676,0.023709643100442847
21.68,-0.001610921515911943
21.684,0.016134170712250012
21.688,0.009573160787706841
21.692,0.020146572139603372
21.696,0.01354787055483568
21.7,0.002103629391813651
21.704,0.012420379694743622
21.708,0.012441766565092126
21.712,-0.0035506728482290794
21.716,-0.001669168233387012
21.72,-0.019698054869358717
21.724,-0.00891666991976641
21.728,-0.005885098568596959
21.732,0.0019252397734752786
21.736,-0.008549746042790485
21.74,-0.004448339841808411
21.744,-0.011735831736005517
21.748,0.002098897481114055
21.752,0.004545850556147585
21.756,0.004237236459336552
21.76,0.00028061146659370947
21.764,-0.015296058857252263
21.768,-0.006116316490739143
21.772,-0.004013056735859721
21.776,-0.003989956012361437
21.78,0.0007804231137699087
21.784,0.01427706771435543
21.788,0.008136182789438387
21.792,-0.009864546141263766
21.796,0.006791410796159585
21.8,0.006408124561894421
21.804,-0.008057153538246637
21.808,0.00849111908572781
21.812,-0.0016019574307658433
21.816,-0.014097992749948253
21.82,0.004553772659110507
21.824,0.0021723051256714353
21.828,-0.0022718221190668004
21.832,-0.0003648283875319967
21.836,-0.0071717738081582
21.84,0.006138238881096619
21.844,-0.00036460268640273554
21.848,0.0017935824409679294
21.852,0.003803876781239895
21.856,-0.011137805691021435
21.86,-0.008244624149202875
21.864,-0.02093493901546109
21.868,0.007540567186810527
21.872,-0.009122185830574718
21.876,0.0059592731876548476
21.88,0.01068587319777298
21.884,0.016260644343593332
21.888,0.002602876466551992
21.892,0.019764224854309523
21.896,0.044447834293250874
21.9,0.053895503005598845
21.904,0.05732662013147931
21.908,0.06309651924084993
21.912,0.0632107247755831
21.916,0.09478654792805674
21.92,0.10051750793387416
21.924,0.12159203826072262
21.928,0.12210639592410716
21.932,0.13689494609213615
21.936,0.14748186930537485
21.94,0.1520169190922112
21.944,0.15442342513930188
21.948,0.13984977688232908
21.952,0.12487684409437583
21.956,0.14427481506560041
21.96,0.14040593875071608
21.964,0.10606288867612775
21.968,0.07384447692613616
21.972,0.06503219606456113
21.976,0.06435321549001566
21.98,0.060456625825387196
21.984,0.02427442120040297
21.988,0.02621325043727703
21.992,0.0221445559236449
21.996,0.023110279459710083
22.0,0.006667092357201738
22.004,-0.008759731922759575
22.008,0.01077658915615403
22.012,0.014200539963361203
22.016,0.001035664437646884
22.02,0.0051964464463606
22.024,-0.0040596020922744665
22.028,-0.008057586861871371
22.032,0.01049198727989695
22.036,0.004001289802161489
22.04,0.004971995148530241
22.044,0.01505714664769211
22.048,-0.010530000061345222
22.052,-0.005511580106989611
22.056,0.0015799147211560162
22.06,-0.0056638140370997994
22.064,0.007719594157300376
22.068,-0.002348150819271326
22.072,-0.01162726638523317
22.076,-0.004544055968949476
22.08,-0.011842803346003508
22.084,-0.020710304589666884
22.088,-0.05288503293619454
22.092,-0.08683996254053325
22.096,-0.12196014769021522
22.1,-0.146884005844829
22.104,-0.14720907928796947
22.108,-0.10349834294337072
22.112,-0.04907400566217138
22.116,0.05802643078352432
22.12,0.17241344675658357
22.124,0.3207381331353415
22.128,0.508605047831768
22.132,0.7076171880324333
22.136,0.8720264926676726
22.14,0.9848571017140321
22.144,0.9860237826446059
22.148,0.881376593894832
22.152,0.7050213257124202
22.156,0.5033912138335422
22.16,0.2922834096592582
22.164,0.12732641578164844
22.168,0.014173807490558866
22.172,-0.10168944547311891
22.176,-0.19582223745780175
22.18,-0.2399045799945689
22.184,-0.2435276032090825
22.188,-0.20690573639349416
22.192,-0.14556235879366
22.196,-0.06736956928619207
22.2,-0.04674995094414743
22.204,-0.015001046977317922
22.208,-0.024874778447743388
22.212,-0.00710511181557007
22.216,0.012149235595013193
22.22,0.004657176651170154
22.224,-0.04286116817253757
22.228,0.00812399146646892
22.232,0.02098171468899937
22.236,-0.017640476125359163
22.24,0.018160113752099562
22.244,-0.023949144337369242
22.248,0.014142004659651729
22.252,0.00588954907940436
22.256,-0.016048000446141075
22.26,0.013693881046844587
22.264,0.022874285290981566
22.268,0.017541846820533454
22.272,0.022746176764889037
22.276,0.016290193999980107
22.28,0.0058735877521390485
22.284,0.036115132837904504
22.288,0.05208651417469272
22.292,0.05201181898527606
22.296,0.02774385868502184
22.3,0.04019649189275558
22.304,0.05545062662460079
22.308,0.05740004030118978
22.312,0.08404272574200908
22.316,0.09863660226632433
22.32,0.09229135928878551
22.324,0.12698438077455287
22.328,0.1384867111552987
22.332,0.1407929714153776
22.336,0.158755181438835
22.34,0.15544464207035183
22.344,0.18616896600970442
22.348,0.20401491039960154
22.352,0.21977957292080624
22.356,0.2355259386983882
22.36,0.24710749444202446
22.364,0.25402282402948523
22.368,0.27040033369674776
22.372,0.2871122840812078
22.376,0.28420086404546857
22.38,0.2947582369164421
22.384,0.29438976117809235
22.388,0.2926076158436147
22.392,0.30522849422518294
22.396,0.29345500517918216
22.4,0.29997835825278096
22.404,0.29166617215717366
22.408,0.2818574728895738
22.412,0.27349594632149904
22.416,0.26209272403970196
22.42,0.23980038237176385
22.424,0.24804974025322646
22.428,0.23357927820128446
22.432,0.22609386967409129
22.436,0.19811745183955992
22.44,0.20792951109696378
22.444,0.17062935955637698
22.448,0.1512196731218567
22.452,0.13584007126308756
22.456,0.1146557589491192
22.46,0.13407982653937497
22.464,0.11986954119485188
22.468,0.10030197611124153
22.472,0.07426092801069731
22.476,0.0910934429655681
22.48,0.06007446853357912
22.484,0.05236672642452954
22.488,0.061736244645738535
22.492,0.047074510931891876
22.496,0.05639629000325395
22.5,0.031505165141961396
22.504,0.020361896233712234
22.508,0.01415489442880934
22.512,-0.0016868428386700857
22.516,0.011019444188641592
22.52,0.022729488453650033
22.524,0.01515188353959216
22.528,0.007597452046592562
22.532,-0.004020640845221867
22.536,0.00699195586359627
22.54,0.013866988170473129
22.544,0.007247942943444731
22.548,0.003965609094104637
22.552,-0.006184899284512772
22.556,0.010048841232000904
22.56,-0.030263341496872705
22.564,0.004632660369035256
22.568,0.026311927686681807
22.572,-0.014625937319644056
22.576,-0.002071591745042962
22.58,0.00017490620754013125
22.584,-0.004438420884558212
22.588,0.010501125129615433
22.592,0.004824578837987115
22.596,0.001595428128280403
22.6,0.00802480814832362
22.604,0.00020472224740478384
22.608,0.03182506703532683
22.612,0.0015321089516532067
22.616,0.001965886500771916
22.62,-0.01709558057029412
22.624,-0.005428205685045152
22.628,0.011478107433676742
22.632,-0.013351609006299048
22.636,-0.021573560869358615
22.64,0.00032451558364141926
22.644,0.013708368272956569
22.648,0.00042445404914314463
22.652,-0.003360757529981469
22.656,-0.01858441081879672
22.66,0.004523178933366408
22.664,0.0066138921384765615
22.668,-0.017815035354207906
22.672,0.01135002713893087
22.676,0.007666515010091066
22.68,0.011342190555595887
22.684,0.00587223285421598
22.688,0.006606906725104362
22.692,0.005336669721737622
22.696,0.0089178468979124
22.7,-0.01777838921953041
22.704,-0.01431051918594121
22.708,-0.006192600869701527
22.712,0.0005995315576438267
22.716,0.006888163720641145
22.72,0.007890412372233027
22.724,0.018161218737898714
22.728,0.02174151860958902
22.732,0.005945092353296379
22.736,0.022835029104175716
22.74,0.019308498976615747
22.744,0.0349204105654797
22.748,0.05073030989331547
22.752,0.025700891116387445
22.756,0.09744609888595979
22.76,0.09333886027325886
22.764,0.09621405444235438
22.768,0.13532858589857705
22.772,0.12501911841883068
22.776,0.1399945402822958
22.78,0.1409975295788411
22.784,0.16608346126217316
22.788,0.14842615513933405
22.792,0.14710754440322266
22.796,0.15030182159246713
22.8,0.13381929090489353
22.804,0.11490148673138095
22.808,0.11261910196425849
22.812,0.11239482628582306
22.816,0.07586655294798801
22.82,0.060363485770506084
22.824,0.04869306319163792
22.828,0.04945745270706954
22.832,0.021423167446105354
22.836,0.017368956851045038
22.84,-0.0009355485621187608
22.844,-0.0017547880962078717
22.848,0.0016864345623036807
22.852,0.003995368904861237
22.856,0.020636640001855177
22.86,0.007216992962126137
22.864,-0.007979663364605632
22.868,-0.00659633567674018
22.872,0.014146500663629095
22.876,0.011493162644344208
22.88,0.0004074415080074596
22.884,-0.004357174731839887
22.888,0.011285203186588558
22.892,-0.009914912981633613
22.896,0.003928947249827849
22.9,0.022727117045496955
22.904,0.0020326699690192936
22.908,-0.007868749238807971
22.912,0.003626217716707552
22.916,-0.00641248932618795
22.92,-0.01917062011834341
22.924,-0.006596777792451229
22.928,-0.018989262463466265
22.932,-0.06008752271833671
22.936,-0.09540888334485127
22.94,-0.13492703047235655
22.944,-0.14654565843857298
22.948,-0.14557138021880464
22.952,-0.11625291884633365
22.956,-0.026444557902117406
22.96,0.046311447735573004
22.964,0.1654119061337429
22.968,0.3241388998096107
22.972,0.5135678426667711
22.976,0.70537829706108
22.98,0.8881118181975526
22.984,0.9845984858985012
22.988,0.9891015185529265
22.992,0.8817326886184175
22.996,0.6954743341341397
23.0,0.4798326166759688
23.004,0.2997392042517028
23.008,0.13135241256179905
23.012,-0.0198586257640211
23.016,-0.10481801726163426
23.02,-0.18260134577295367
23.024,-0.21368053095008513
23.028,-0.24632084437884502
23.032,-0.21235375611958174
23.036,-0.1610738424650925
23.04,-0.09036559970701048
23.044,-0.04644353707701524
23.048,-0.0296408484522118
23.052,-0.009714271025123063
23.056,-0.022025387120062315
23.06,0.009130983236313719
23.064,-0.007070241549190703
23.068,0.0006851892147944353
23.072,-0.01288124906391849
23.076,-0.004021094819746523
23.08,-0.0004743465859872601
23.084,0.0028570230497012893
23.088,0.008572309366936067
23.092,0.01915838449981413
23.096,0.013309999502429958
23.1,0.017081660039612846
23.104,0.023703528075549454
23.108,0.0170748850110735
23.112,0.013550027533438503
23.116,0.027005630077471452
23.12,0.031156438563142548
23.124,0.030995608291114966
23.128,0.014676043542987394
23.132,0.02620383591990425
23.136,0.03800081531853273
23.14,0.05545626755499761
23.144,0.055173668517069716
23.148,0.07532504375419567
23.152,0.08653259719659095
23.156,0.09564729005795307
23.16,0.10681677464171166
23.164,0.09628678134255375
23.168,0.12410580824229918
23.172,0.1264697767263521
23.176,0.12985572686673044
23.18,0.15767923133563255
23.184,0.1882644563957242
23.188,0.19417341802941027
23.192,0.2241925525899155
23.196,0.2199357396543946
23.2,0.2562834048382382
23.204,0.24650428151831172
23.208,0.2569497814157878
23.212,0.25479691823091105
23.216,0.2882428161049504
23.22,0.28017178745260746
23.224,0.28514028676586284
23.228,0.3090829988160387
23.232,0.31066703429341436
23.236,0.3113200115450855
23.24,0.29537535514093594
23.244,0.2955875250231066
23.248,0.2907562336353336
23.252,0.2926844669188055
23.256,0.2922674870983944
23.26,0.27080269076833574
23.264,0.2759483531514954
23.268,0.25312854910773924
23.272,0.2288474598643999
23.276,0.22581283557777138
23.28,0.22041796426212562
23.284,0.20888413456987096
23.288,0.18622121854364992
23.292,0.16015402698502873
23.296,0.14353824593687675
23.3,0.13768639497629512
23.304,0.13542707007263738
23.308,0.11043388227400036
23.312,0.09878108326446436
23.316,0.08368120902714773
23.32,0.0696515969040168
23.324,0.06192443972104406
23.328,0.05636972315169618
23.332,0.06450738328125602
23.336,0.03805508353099073
23.34,0.034882069618651236
23.344,0.020338481070594015
23.348,0.031476180838166355
23.352,0.03392046313209583
23.356,0.03301159348353284
23.36,0.01582501944472051
23.364,0.0170152632258665
23.368,0.007618127484693659
23.372,0.012666319102918405
23.376,0.009061554582136745
23.38,0.005300297154040616
23.384,0.005111854606225787
23.388,0.00745631123345194
23.392,-0.0006462040885253594
23.396,-0.0006426298757762816
23.4,0.018448793273818057
23.404,0.028159721544588567
23.408,-0.011240599246575765
23.412,-0.011986881695348943
23.416,-0.00911440667698036
23.42,-0.0006912969227775508
23.424,0.009211430085876032
23.428,0.006099641975041013
23.432,0.0018574735396869183
23.436,0.005389260255604123
23.44,-0.006848558161230121
23.444,-0.002389233897783351
23.448,-0.00016379493594935473
23.452,-0.015815787975441416
23.456,-0.011594496005069977
23.46,-0.01120261904179248
23.464,0.00765016523116529
23.468,0.0024598352703067436
23.472,0.006114934676795137
23.476,-0.018393595096799227
23.48,-0.014833657156543336
23.484,0.006633519565853953
23.488,-0.02778575809969689
23.492,0.012246974002515666
23.496,-0.01823259239843491
23.5,0.008434120613807331
23.504,-0.00888476677046757
23.508,0.010491112459059149
23.512,0.03208582176810089
23.516,-0.022723220479334696
23.52,0.006970847258302496
23.524,-0.01804832488127875
23.528,0.0043310456837395
23.532,-0.0019502050398357308
23.536,0.0015103065608764242
23.54,-0.008742369267124024
23.544,0.008448764597042848
23.548,-0.013406273899801433
23.552,0.014174740717486891
23.556,-0.0012950465186550796
23.56,-0.009688812085335903
23.564,0.022506543448997163
23.568,0.008987451962485212
23.572,0.03295025828448255
23.576,0.03163415370183337
23.58,0.018516262149019483
23.584,0.034390156768067365
23.588,0.046892548542526676
23.592,0.07298470651016284
23.596,0.07546594199522967
23.6,0.08710624222397365
23.604,0.09786496123090152
23.608,0.11339564292970322
23.612,0.13967424539109893
23.616,0.13725642702965934
23.62,0.14098796083907134
23.624,0.14357620773729932
23.628,0.14421051530080709
23.632,0.13245769091303816
23.636,0.13215533733638446
23.64,0.1447756719153683
23.644,0.11550634386605942
23.648,0.11085579458734214
23.652,0.06455724563399921
23.656,0.08063361022396043
23.66,0.05967254160310419
23.664,0.04403183202056655
23.668,0.039757035654894385
23.672,0.023777056184015304
23.676,-2.9203901242062097e-05
23.68,0.024481579082168477
23.684,0.013130785294369927
23.688,0.0041748321360596365
23.692,-0.004788657117305306
23.696,-0.01153382282057036
23.7,0.004242234436619051
23.704,0.01737046378148896
23.708,0.002775042397736024
23.712,-0.01339183983775691
23.716,0.002500167433529207
23.72,-0.00039474838997637606
23.724,0.008715722445626349
23.728,0.006107164644259428
23.732,-0.029837729350063
23.736,0.005462328525279629
23.74,-0.010032686955836282
23.744,-0.014232428309833348
23.748,-0.0019725151223183167
23.752,0.003726617021027937
23.756,-0.017817524308413473
23.76,0.0026270071328834757
23.764,-0.0041636335988645265
23.768,-0.026365959756881965
23.772,-0.06068384936800501
23.776,-0.09562766975383166
23.78,-0.11023520572067064
23.784,-0.15845013056811316
23.788,-0.13204811668356517
23.792,-0.115111706564351
23.796,-0.057810323430515946
23.8,0.008693462936563489
23.804,0.13686298289386176
23.808,0.29383831089640067
23.812,0.46018409821349315
23.816,0.6824399209717749
23.82,0.8618966911313279
23.824,0.971061077553083
23.828,1.0011055223183902
23.832,0.8793665200023499
23.836,0.7345431324662781
23.84,0.5424565620160069
23.844,0.3421648373046122
23.848,0.16157745720506608
23.852,0.01578391370568677
23.856,-0.10040342188020389
23.86,-0.18417817384913157
23.864,-0.22884789654877988
23.868,-0.25284470759969746
23.872,-0.2070945250237341
23.876,-0.13834169366376387
23.88,-0.10163209421073094
23.884,-0.06780053220473117
23.888,-0.03825623450060463
23.892,-0.001711162010697642
23.896,-0.003426405755062036
23.9,0.008426993239441329
23.904,-0.004783492466667422
23.908,0.009281910605256207
23.912,-0.00025688386844750755
23.916,-0.005595654114062401
23.92,-0.0017797967931022281
23.924,-0.009114517255824593
23.928,0.023527537383777313
23.932,0.0036304043602112326
23.936,0.012216344944551793
23.94,0.0018347718635044388
23.944,-0.001585467081908036
23.948,0.008670317493880303
23.952,0.024491902752176747
23.956,0.011192768499483443
23.96,0.011120156277674334
23.964,0.02536805444004231
23.968,0.033411277628742984
23.972,0.05013230554579232
23.976,0.043251056088446704
23.98,0.052936268922309584
23.984,0.06128304951542536
23.988,0.050992940216244606
23.992,0.06217620711599957
23.996,0.07111013853977918
24.0,0.07960231563697631
24.004,0.11265057517892246
24.008,0.12010753126702246
24.012,0.1311710194873985
24.016,0.11817236011593402
24.02,0.1788062436679956
24.024,0.16374183620577193
24.028,0.20774998523876878
24.032,0.18721715773090616
24.036,0.20779644358483257
24.04,0.20762950723490461
24.044,0.2463324897743721
24.048,0.24385742833590926
24.052,0.2552004385920078
24.056,0.26197558207546684
24.06,0.29178004874837415
24.064,0.2978107076398011
24.068,0.31376535536499084
24.072,0.2919029529226376
24.076,0.30216999581743675
24.08,0.28639365029454716
24.084,0.29333852323804926
24.088,0.2870486103404896
24.092,0.2906601433215466
24.096,0.2883110795567601
24.1,0.27866799732029385
24.104,0.24960553395817578
24.108,0.2561420873127466
24.112,0.2328888255573453
24.116,0.21651348335587264
24.12,0.1985729115101856
24.124,0.1856342763778964
24.128,0.194109655208943
24.132,0.1652786659498704
24.136,0.1497057413003083
24.14,0.13148219832979371
24.144,0.1452314593689487
24.148,0.12112051268095081
24.152,0.0888773475376856
24.156,0.08215291441611074
24.16,0.0723744928937205
24.164,0.06645354360919369
24.168,0.04931557445321219
24.172,0.05289331536428751
24.176,0.056023277058878725
24.18,0.022147815039705865
24.184,0.018524645473758837
24.188,0.020186392164513577
24.192,0.01649710145915671
24.196,0.03727515537042758
24.2,0.024254006585146336
24.204,0.021091047384302678
24.208,0.006825127537148004
24.212,0.0047851530528660105
24.216,-0.008378661695606818
24.22,0.012712548096289609
24.224,0.008789343761370754
24.228,0.015913833791293474
24.232,0.0002807332471739801
24.236,0.0004392205648199945
24.24,0.0031347165702890877
24.244,0.010019658986106423
24.248,-0.013862856768494044
24.252,0.0079964660520303
24.256,0.00027377109508270513
24.26,-0.010228273108305402
24.264,-0.020579898958053414
24.268,-0.0011681759986360504
24.272,0.01462136637415719
24.276,0.01685201221733496
24.28,0.003629951095542513
24.284,0.01967490093099123
24.288,-0.0003901832791979778
24.292,0.009560914149571017
24.296,-0.004492622213716302
24.3,-0.005132175195679226
24.304,-0.006765460903437169
24.308,-0.02059861818394445
24.312,0.012875514880977837
24.316,-0.0064131826374374794
24.32,-0.008012250171253186
24.324,-0.011798266782090403
24.328,-0.002042605074471501
24.332,0.017635622126587258
24.336,0.02093834410982773
24.34,-0.016608091756577893
24.344,-0.0035436325434490515
24.348,-0.010342008058622319
24.352,0.009886543434165009
24.356,0.002872397853492494
24.36,-0.006352684417748591
24.364,0.0007513482082078535
24.368,-0.004724959553201883
24.372,0.016234697182581574
24.376,0.0056380697001531385
24.38,0.006998195542056727
24.384,-0.026148599304781372
24.388,0.00021272811245625885
24.392,0.022284124418036455
24.396,0.015594954867683787
24.4,-0.014815050591952757
24.404,0.002448121015234117
24.408,-0.0037064969963007365
24.412,0.02916494470544445
24.416,0.019488150444085587
24.42,0.015816542594265334
24.424,0.03190674244321883
24.428,0.015262678995917968
24.432,0.04191441546490412
24.436,0.0660131164932796
24.44,0.08807197398975145
24.444,0.07469956691811408
24.448,0.1046266971669267
24.452,0.13188325743272328
24.456,0.11880603199672218
24.46,0.14455011071603277
24.464,0.14861828475590036
24.468,0.16714149406300488
24.472,0.145920127000722
24.476,0.14104836331744056
24.48,0.14258223134980905
24.484,0.10939097022381247
24.488,0.10719642151821829
24.492,0.09056345952984202
24.496,0.07922183337443257
24.5,0.07507192705494811
24.504,0.05915560902597419
24.508,0.034590035890870084
24.512,0.03355473489853306
24.516,0.03890488883909093
24.52,0.009129742566920035
24.524,0.013808994356252923
24.528,0.006601358526163642
24.532,0.005113196869250506
24.536,-0.012538696117870885
24.54,0.016517082960527486
24.544,-0.00624168333673501
24.548,0.011173167815807607
24.552,-0.00567341502788381
24.556,-0.0059431389694486235
24.56,0.012306724699918
24.564,0.01003508945911067
24.568,0.002138104824786271
24.572,0.007638290868725815
24.576,-0.0028721006655885242
24.58,-7.83297648696361e-05
24.584,-0.006621813759215704
24.588,0.008994580646195002
24.592,-0.007152273283720567
24.596,0.013994491566318634
24.6,-0.006020611783157909
24.604,-0.007937944895749213
24.608,-0.01215210357863844
24.612,-0.04052987047208888
24.616,-0.07470011657143284
24.62,-0.10768984998959397
24.624,-0.1275959930181765
24.628,-0.15289453650836665
24.632,-0.12975723548044701
24.636,-0.08232784533823893
24.64,-0.0016103070083956748
24.644,0.08859754504872962
24.648,0.24179144350800624
24.652,0.3945276204579948
24.656,0.594048957054882
24.66,0.7918878996334021
24.664,0.9288362386794158
24.668,0.9894345038651013
24.672,0.9438683918558144
24.676,0.8168084353181504
24.68,0.6084430323221347
24.684,0.3990559179511567
24.688,0.23355395434285617
24.692,0.08603701239134463
24.696,-0.03957726257300711
24.7,-0.1585675108042046
24.704,-0.22290105476636168
24.708,-0.22777725108423258
24.712,-0.2283124365364578
24.716,-0.18578565425188107
24.72,-0.11633063306350123
24.724,-0.06081006716183478
24.728,-0.04027560604906337
24.732,-0.012018729580192086
24.736,0.004503594517575727
24.74,-0.012638757202641699
24.744,0.00041733325986971015
24.748,-0.010314626927741554
24.752,-0.00865116145757034
24.756,-0.004071618543338219
24.76,0.006789045541628685
24.764,-0.0006292950283902005
24.768,-0.0031791225675660358
24.772,0.004704609750562297
24.776,-0.006193990564502615
24.78,0.010889693494953709
24.784,0.01952214664983011
24.788,0.00934874278484601
24.792,0.010421848861718975
24.796,0.018917900836856186
24.8,-0.0018832143945219822
24.804,0.02752738066769718
24.808,0.05753291346957972
24.812,0.030295591525710826
24.816,0.036046345329848004
24.82,0.05114449335775258
24.824,0.0674297270747615
24.828,0.0688233147553355
24.832,0.046464265175804334
24.836,0.08345633642143932
24.84,0.11418815833184379
24.844,0.1061546702946615
24.848,0.10061039945607901
24.852,0.12789365704586028
24.856,0.12578568567618795
24.86,0.16491891539257506
24.864,0.15737246463097682
24.868,0.18219681126384166
24.872,0.1874048617150647
24.876,0.20485929783750711
24.88,0.23913586019501207
24.884,0.2386591547625619
24.888,0.24457129836413186
24.892,0.25023126981623023
24.896,0.2532709716402721
24.9,0.2683818887758059
24.904,0.2893619942444041
24.908,0.30369768712962697
24.912,0.29214395183098
24.916,0.31543111434327503
24.92,0.2926172057748055
24.924,0.2955656711837786
24.928,0.28342591444569737
24.932,0.29859819615035516
24.936,0.30243146461954495
24.94,0.2550346748781205
24.944,0.25897806966880754
24.948,0.2636453678035208
24.952,0.22405341692816746
24.956,0.23088896830413927
24.96,0.22352109959045802
24.964,0.1977679723975699
24.968,0.18796665161825804
24.972,0.18554368104806673
24.976,0.17306047294067162
24.98,0.13892975565122279
24.984,0.12067104340573594
24.988,0.10383127159521775
24.992,0.11052392451107709
24.996,0.07552021799553207
25.0,0.07600802089365524
25.004,0.0696995168443996
25.008,0.05463658164417675
25.012,0.05430915560989965
25.016,0.06983150512470482
25.02,0.03644551456668264
25.024,0.027541296417151417
25.028,0.03699302176990274
25.032,0.024837163491651954
25.036,0.03303739105974368
25.04,0.017037340519287646
25.044,0.010139393045435239
25.048,-0.0075491063777492744
25.052,-0.00786609306908779
25.056,-0.011653445732382434
25.06,0.009152822972107715
25.064,-0.00936500464444191
25.068,0.01591631398241055
25.072,0.0029380995479071784
25.076,-0.0003879584125527015
25.08,-0.006848179273631289
25.084,0.007446177988112522
25.088,-0.007109585156694397
25.092,-0.009143265968220368
25.096,0.01241975469411154
25.1,0.003948364624500442
25.104,-0.0020496324525109506
25.108,0.006636196504049489
25.112,0.000252538653168555
25.116,0.003949440944867735
25.12,-0.008081823357358783
25.124,0.020766523463003797
25.128,-0.005751355832885657
25.132,0.01559211442366155
25.136,-0.0018660685849958053
25.14,0.008086882829662849
25.144,0.007353356461934369
25.148,0.011476241382794076
25.152,-0.008400906937567405
25.156,0.010760009287140555
25.16,0.018466890444833704
25.164,-0.0025852386545413006
25.168,0.0003482087898236324
25.172,-0.0052336732374416274
25.176,-0.0034637744375937175
25.18,0.017114757848606568
25.184,-0.010041678404007832
25.188,-0.009420052506356497
25.192,0.016111244722058368
25.196,0.00625004944827018
25.2,0.02121297347736871
25.204,-0.004485921374436172
25.208,0.0012987267809290005
25.212,-0.006538637174207136
25.216,0.0015590171008627988
25.22,-0.0175138056701381
25.224,0.007248727035683611
25.228,0.0039184815185564215
25.232,0.0005660049825820385
25.236,-0.0020459153855505105
25.24,-0.006000738752915824
25.244,0.01183331743106511
25.248,-0.004844413162960856
25.252,0.015205669887340192
25.256,0.03518715495628974
25.26,0.03501220706282499
25.264,0.012369948568035402
25.268,0.03099314342457843
25.272,0.05120991589437647
25.276,0.05850278060549456
25.28,0.05870892128140028
25.284,0.09087408189216313
25.288,0.1014258186039819
25.292,0.13459827498129878
25.296,0.1254442891483628
25.3,0.14995074968410832
25.304,0.1329460881778318
25.308,0.1391974130612906
25.312,0.15677878734150136
25.316,0.1567018456524827
25.32,0.12908880415069396
25.324,0.12872560059010285
25.328,0.1022290913882252
25.332,0.10034811352225323
25.336,0.09603306679629131
25.34,0.06897351566576221
25.344,0.05728790610482484
25.348,0.03620577245351928
25.352,0.03031187274203699
25.356,0.04536178338355724
25.36,0.021173604442585835
25.364,0.004642059487600145
25.368,0.007105987296044903
25.372,-0.008986198571762843
25.376,-0.005499474284051757
25.38,0.01660917994179072
25.384,0.00047223358421814507
25.388,0.020074341492450572
25.392,-0.00025368025906231104
25.396,4.923061352846294e-05
25.4,0.006641961598319216
25.404,-0.026596478172956226
25.408,0.0021194319231002683
25.412,-0.00045291981408741513
25.416,0.014879325230897059
25.42,0.009655784519751494
25.424,-0.011335923526392478
25.428,0.012402249726454075
25.432,-0.002728252746242835
25.436,-0.009493621886125125
25.44,0.00034863737588473084
25.444,-0.007018130937348476
25.448,0.0023056025979785733
25.452,-0.025800276288096523
25.456,-0.05350613574031012
25.46,-0.08100350951116232
25.464,-0.11306719994865047
25.468,-0.1367963540708404
25.472,-0.1265982839655268
25.476,-0.10217648099165479
25.48,-0.04697459267067057
25.484,0.04951206341668622
25.488,0.1526956679921688
25.492,0.3078059263873213
25.496,0.5139755762816276
25.5,0.7168085547377583
25.504,0.8786611070915759
25.508,0.9802855379625796
25.512,1.0018260534316759
25.516,0.8929849784396389
25.52,0.7114376930785877
25.524,0.49916330967728245
25.528,0.3097760252227948
25.532,0.13990105096868005
25.536,-0.0021277332814952903
25.54,-0.10422907169348453
25.544,-0.1865794563868209
25.548,-0.24152187388470017
25.552,-0.2341391724532904
25.556,-0.1962972826371069
25.56,-0.14300010510755506
25.564,-0.09757732234737201
25.568,-0.042512766905846607
25.572,-0.02163149145621532
25.576,-0.020725104963931346
25.58,0.004332719580889404
25.584,0.0012735531346013671
25.588,0.02654951881857231
25.592,0.015588841914681701
25.596,0.008480327763023633
25.6,0.00427341271204348
25.604,0.003932851932985465
25.608,-0.007099281050039432
25.612,-0.013654890194033945
25.616,-0.004007119769475318
25.62,0.005445731329797456
25.624,-0.013668050701237298
25.628,0.003711867986941804
25.632,0.00879732772151923
25.636,0.011639168356284315
25.64,0.010151802354655706
25.644,0.016841362994430266
25.648,0.041552087931824494
25.652,0.03561748205463893
25.656,0.028757245008267977
25.66,0.03977361630483994
25.664,0.04704872305013683
25.668,0.04734200639575635
25.672,0.05586121954202351
25.676,0.08304312849798584
25.68,0.07897740306923444
25.684,0.08329743024223651
25.688,0.1056739925183895
25.692,0.11987714858303151
25.696,0.1122088333489322
25.7,0.14530825193917524
25.704,0.16858787540635256
25.708,0.17887552898324002
25.712,0.21121012859902508
25.716,0.2158804467530158
25.72,0.23202555677256317
25.724,0.259206354725492
25.728,0.2517475966869175
25.732,0.2578388052727672
25.736,0.276866372358038
25.74,0.2711461667511186
25.744,0.28594166420089384
25.748,0.2848817403108684
25.752,0.3000800120199137
25.756,0.2924796472868474
25.76,0.2931302453589182
25.764,0.30321813319802116
25.768,0.29489075850323315
25.772,0.27233137216214176
25.776,0.27063200904066964
25.78,0.2656578834940009
25.784,0.25875340040124134
25.788,0.2608605889765235
25.792,0.24690905984642514
25.796,0.24244815360336877
25.8,0.22568097840639753
25.804,0.21472270793235024
25.808,0.19563903034516292
25.812,0.17710294671307608
25.816,0.1715366576372646
25.82,0.15552996714335104
25.824,0.13629582687920402
25.828,0.13198042413253552
25.832,0.08318960832411258
25.836,0.09184808087153798
25.84,0.08058963617466337
25.844,0.08489965004774218
25.848,0.07966354149750718
25.852,0.040879213052972325
25.856,0.06176622837098831
25.86,0.029030005248555063
25.864,0.023201956233841567
25.868,0.026875667818709
25.872,0.021324584474849934
25.876,0.004839323809066074
25.88,0.023410850077403615
25.884,0.020709048590747237
25.888,0.02191647087750359
25.892,0.004906466583912295
25.896,0.007062967397719022
25.9,0.005677611153447806
25.904,0.021646762537607712
25.908,-0.02456813444555665
25.912,-0.006600043121559922
25.916,0.0023766485824418845
25.92,-0.009052718208317443
25.924,-0.0011917002300619467
25.928,-0.00019367502856257042
25.932,-0.005763786300226823
25.936,0.0012602690999126112
25.94,0.006744575732833721
25.944,-0.002016522911529234
25.948,-0.004274866825911502
25.952,-0.0014679326622924031
25.956,6.474756906697661e-05
25.96,-0.017301842195827793
25.964,0.004688912144567801
25.968,-0.0044572341539902355
25.972,0.012653072566148726
25.976,0.005937323457872071
25.98,0.011719567063503937
25.984,-0.010096784415222992
25.988,-0.0037046332193057686
25.992,-0.012418193518675673
25.996,-0.007047516120226806
26.0,0.012524058500007148
26.004,0.01487694582309873
26.008,-0.011479956489879055
26.012,-0.004581853881741737
26.016,-0.0007613419972328782
26.02,0.005856463325032042
26.024,-0.017597834944220247
26.028,-0.016029825658678054
26.032,0.004896375785425341
26.036,-0.0194903102917103
26.04,-0.004467921555972411
26.044,0.0016209619654730231
26.048,0.0041567129108981546
26.052,-0.0014170870557490742
26.056,-0.003657368593975812
26.06,0.00844614760144377
26.064,0.002853024257353552
26.068,-0.0064680872328152636
26.072,0.000381601375640076
26.076,0.00384065742269658
26.08,0.017200300227563487
26.084,0.007898174463810291
26.088,0.012211935210875961
26.092,-0.005983192062904721
26.096,-0.00502005619532681
26.1,-0.0019636683568360846
26.104,-0.0007667730354502165
26.108,-0.008962195657279246
26.112,0.014480762879833098
26.116,0.011725811932024217
26.12,0.0014198980095246729
26.124,0.013170947595776528
26.128,0.012160792774879763
26.132,0.021434256010278648
26.136,0.006446643408230181
26.14,0.025629828252727117
26.144,0.03537445255569602
26.148,0.05275696848445433
26.152,0.05238539069738976
26.156,0.047122394697257854
26.16,0.0756000919352296
26.164,0.10031837861050899
26.168,0.11553702252218405
26.172,0.1443324365006055
26.176,0.14372449444312624
26.18,0.146193368317321
26.184,0.14906725423035294
26.188,0.16067677434625727
26.192,0.14018979801467238
26.196,0.13762295806314187
26.2,0.11806582868089573
26.204,0.13078569366333637
26.208,0.10668033202408667
26.212,0.08119308990577566
26.216,0.07276276052003408
26.22,0.06541520928200824
26.224,0.04547705210031486
26.228,0.03186252386310965
26.232,0.021578738989426582
26.236,0.024106813327464928
26.24,0.011296130715695716
26.244,0.005875108959527452
26.248,-0.006256636415659937
26.252,0.005500547024161867
26.256,0.0012499124483192662
26.26,-0.0012817942724637963
26.264,0.003179164040578661
26.268,0.008195223097005124
26.272,0.007434119751764862
26.276,0.005765941149862541
26.28,-0.002274034235413404
26.284,-0.005598097703722763
26.288,-0.010401195900451939
26.292,-0.005912080388601321
26.296,0.0002058167769245148
26.3,-0.007861454250742765
26.304,0.0009429515948715942
26.308,-0.009753112861584376
26.312,-0.017034160205376223
26.316,0.006651071202571615
26.32,-0.009522060753276277
26.324,-0.020976015505123874
26.328,-0.03927592949188779
26.332,-0.05003976613883569
26.336,-0.07475779468941157
26.34,-0.12678678276283603
26.344,-0.1463603409589331
26.348,-0.13080500016593186
26.352,-0.12827881718657327
26.356,-0.03197172437775065
26.36,0.05743373461498527
26.364,0.12098855349273688
26.368,0.2993285656173386
26.372,0.48119297115660836
26.376,0.6896538422353088
26.38,0.8682880986164573
26.384,0.9904667636551834
26.388,0.9881647486446139
26.392,0.8818941851323231
26.396,0.7148074857094643
26.4,0.5161045186008925
26.404,0.3022388449338477
26.408,0.12992442565091128
26.412,0.029542987980635996
26.416,-0.10785504132277046
26.42,-0.18775220451416766
26.424,-0.2405609908685056
26.428,-0.23833364706664156
26.432,-0.1934670508736993
26.436,-0.14941131477313074
26.44,-0.11220725425442823
26.444,-0.06542650955524673
26.448,-0.027241632798077363
26.452,-0.011436330503345776
26.456,-0.01976454848978591
26.46,0.007952520104397738
26.464,-0.010270596234355044
26.468,0.015934658374602454
26.472,0.019559690295758207
26.476,-0.000719803050776954
26.48,0.006661620390645703
26.484,-0.009411443953663202
26.488,0.009935115855176061
26.492,-0.00030848421648167843
26.496,-0.005004416624458204
26.5,0.00442738464366621
26.504,0.0044174736379604335
26.508,0.007926163771329877
26.512,0.023176779787478032
26.516,0.008782459875270323
26.52,0.03745081121208753
26.524,0.010881827982203543
26.528,0.04494245594801359
26.532,0.023957891210261886
26.536,0.040178299188774344
26.54,0.04212809048113273
26.544,0.05124798437066099
26.548,0.07119447098957211
26.552,0.0875289469796574
26.556,0.09463813854759741
26.56,0.08971955011050634
26.564,0.10743981694641352
26.568,0.11033927360819679
26.572,0.12145842808549372
26.576,0.13367067929639792
26.58,0.15493600807816632
26.584,0.17625527345774966
26.588,0.1691897022284112
26.592,0.20230918511122306
26.596,0.23211599111005246
26.6,0.24186901186000906
26.604,0.23779226900941405
26.608,0.24175973811312712
26.612,0.27129813982767037
26.616,0.25319319812315666
26.62,0.2956600946184339
26.624,0.2889873578701033
26.628,0.3142522746608885
26.632,0.28164613122294324
26.636,0.3091775681840703
26.64,0.2981544807096594
26.644,0.29311167394043736
26.648,0.27813766203415136
26.652,0.29144546416538664
26.656,0.28425766198869484
26.66,0.28585883279261975
26.664,0.2672724754744883
26.668,0.23929934763073385
26.672,0.22230978295368858
26.676,0.20504673210087143
26.68,0.21933150254597394
26.684,0.18237731049224062
26.688,0.19041279569013925
26.692,0.16639112608047835
26.696,0.15021836201263264
26.7,0.1300300616847431
26.704,0.1264157410389474
26.708,0.10700352160238745
26.712,0.09153968736081133
26.716,0.09105291464708937
26.72,0.07234335304839715
26.724,0.05634091968257271
26.728,0.0617185705254
26.732,0.04731941757769973
26.736,0.04590500058330802
26.74,0.030315384409752365
26.744,0.01733762362559437
26.748,0.04204035303247149
26.752,0.03604756561478998
26.756,0.025885252527907097
26.76,0.010151999618444929
26.764,0.008470011257563777
26.768,0.023145680068965266
26.772,0.0039881860335223614
26.776,-0.0002877831504420839
26.78,0.023534975954709807
26.784,0.003334831225231973
26.788,0.020683792766692584
26.792,-0.011638494667170159
26.796,0.007004102462379651
26.8,0.022117575329607838
26.804,0.0013765662910339808
26.808,-0.0018176241833789547
26.812,-0.011054697822931558
26.816,0.011292085754035059
26.82,-0.007350880969710782
26.824,-0.000687773164043058
26.828,-0.012152870134775237
26.832,0.015709880860507452
26.836,0.011651562690909896
26.84,-0.00024147299252281888
26.844,-0.011487976542271596
26.848,0.015397327635141917
26.852,-0.0036321410068276667
26.856,-0.011032866360408702
26.86,-0.017607726204985474
26.864,-0.006450272961464515
26.868,-0.014539879944136753
26.872,-0.0062237166673190306
26.876,0.007447203122459345
26.88,-0.003751779708451263
26.884,0.0035586732921895504
26.888,-0.007231648992243653
26.892,0.0006539677427234451
26.896,0.019212925183802423
26.9,-0.003477347435291086
26.904,0.0038590619235092183
26.908,-0.015626503960760308
26.912,0.015255985192256245
26.916,-0.004669675111801882
26.92,0.010691502663190454
26.924,-0.0009018081125676838
26.928,0.0066859909886185
26.932,0.007670487699789159
26.936,-0.002947766147041139
26.94,0.013442030072671304
26.944,-0.0036545882883207113
26.948,0.013762326155645323
26.952,0.004964286192991262
26.956,0.016302742244014744
26.96,0.01341205719500135
26.964,0.02524640420649125
26.968,0.022356349256530798
26.972,0.04563820615129515
26.976,0.05529822457095203
26.98,0.06255447163602981
26.984,0.08150582395482879
26.988,0.09791755154861641
26.992,0.10463219168657813
26.996,0.12260701222092733
27.0,0.12498486118289955
27.004,0.16692597553366523
27.008,0.159161624040068
27.012,0.15269592603170148
27.016,0.15926779370009556
27.02,0.12170569786706957
27.024,0.10669115634885656
27.028,0.11652187876666764
27.032,0.09324499767030395
27.036,0.09028661764573559
27.04,0.08023551900898693
27.044,0.07350308360264285
27.048,0.04016393607911581
27.052,0.04427523459499551
27.056,0.030822673807399656
27.06,0.026251239320869573
27.064,0.011284075374917841
27.068,0.02545682967526501
27.072,0.00695771845247027
27.076,0.023098181032888243
27.08,-0.004405061960090327
27.084,0.009655973567081661
27.088,0.0007858413866140732
27.092,-0.0024411049816510997
27.096,0.006816273626887572
27.1,-0.0027083244941093873
27.104,-0.026460886292736834
27.108,-0.030541987817504845
27.112,0.012770360458055664
27.116,0.012326491159040932
27.12,0.0188852478097552
27.124,-0.00017124350968818048
27.128,-0.01293535864969821
27.132,-0.0042568613218999084
27.136,-0.00016419372927795652
27.14,-0.011134097570812518
27.144,0.013028887189672121
27.148,0.01282407662259123
27.152,-0.0177959731906152
27.156,-0.045490050183146336
27.16,-0.09063719496316508
27.164,-0.09770140230547456
27.168,-0.13910420809685245
27.172,-0.14818564796009265
27.176,-0.11779570448410953
27.18,-0.07784394232584971
27.184,0.006073068619071481
27.188,0.0953145443174635
27.192,0.26118463057263375
27.196,0.4276725905736895
27.2,0.6428497190196718
27.204,0.821530354786973
27.208,0.9577187319495859
27.212,0.9867208099941759
27.216,0.9380536301086031
27.22,0.7657457137499287
27.224,0.5686220007657884
27.228,0.3708327774556454
27.232,0.19467503077353418
27.236,0.030834077692063207
27.24,-0.07282539410275796
27.244,-0.1559941013898533
27.248,-0.2295308163276527
27.252,-0.24851255639823888
27.256,-0.22280817715226975
27.26,-0.17449562330299853
27.264,-0.12399682260282625
27.268,-0.06384073027147327
27.272,-0.02015218836441858
27.276,-0.022511762212416467
27.28,-0.007588438363280558
27.284,-0.014519524665653283
27.288,0.00982920615817593
27.292,-2.982135104215235e-05
27.296,-0.007257721732157949
27.3,0.002552944827860926
27.304,-0.00992967640643632
27.308,-0.0076335005997751545
27.312,-0.01115904904128137
27.316,-0.006309535088520852
27.32,0.019056132347608164
27.324,-0.0004777917054237524
27.328,0.013174271551370052
27.332,0.002141603965747148
27.336,0.020476302597413346
27.34,0.005433303074850111
27.344,0.01939195632988823
27.348,0.023383232791487418
27.352,0.05059461884861764
27.356,0.03874544502508245
27.36,0.03235237917414758
27.364,0.05173533906071368
27.368,0.0736733566027621
27.372,0.0442356081250353
27.376,0.0611990381716554
27.38,0.07720148850178508
27.384,0.08618703437896201
27.388,0.0986256754406462
27.392,0.10126035143754109
27.396,0.1413700048773429
27.4,0.12671208585389104
27.404,0.1530028079632937
27.408,0.1798464220918949
27.412,0.18362319314832484
27.416,0.18864152810891205
27.42,0.1992381097608485
27.424,0.22428843815988467
27.428,0.2322454624620307
27.432,0.25424832514089923
27.436,0.24950891912570822
27.44,0.2817333025026138
27.444,0.28341125668583017
27.448,0.2912229753876208
27.452,0.3090892720760999
27.456,0.2938388070469585
27.46,0.2926140009375185
27.464,0.2941354536759422
27.468,0.2955192207791333
27.472,0.2924980990046566
27.476,0.2792724059996338
27.48,0.2598377559733348
27.484,0.26540465275525815
27.488,0.26417721915027137
27.492,0.2503099756916765
27.496,0.24831328693704782
27.5,0.24245256732145196
27.504,0.21649186017756505
27.508,0.20835479171266078
27.512,0.1876610966172069
27.516,0.1825798613384961
27.52,0.16967645408425097
27.524,0.14672361703465558
27.528,0.1308137007594137
27.532,0.10884428020822777
27.536,0.0983309506684937
27.54,0.08398442851621647
27.544,0.08301256287255325
27.548,0.059880207614808764
27.552,0.05631171165223055
27.556,0.0266582024879121
27.56,0.060254460574575924
27.564,0.034425840221900386
27.568,0.03554439960769879
27.572,0.040626229450636
27.576,0.024758955918493766
27.58,0.03249850170192975
27.584,0.0024707169114380825
27.588,0.03617207772941717
27.592,0.020801824469760248
27.596,0.010125112013951623
27.6,0.02070740430533125
27.604,-0.006529940776445468
27.608,0.0012056140734350326
27.612,0.017668725211423687
27.616,-0.016143059969977332
27.62,0.007572115504921723
27.624,0.006843599204430955
27.628,0.02086184929251129
27.632,-0.014936412569797653
27.636,0.01677399438625328
27.64,-0.00508378565645894
27.644,-0.004087356032748621
27.648,-0.011935158232199771
27.652,-0.010667822866510688
27.656,0.0041900583401510375
27.66,-0.011010261837899245
27.664,0.007484868874032829
27.668,-0.006570528794598093
27.672,-0.012087982309582627
27.676,-0.0052479456315931376
27.68,0.0033883911272780108
27.684,-0.002758550724262525
27.688,0.0003525651723476427
27.692,0.006969343333601789
27.696,0.01082924803127077
27.7,-0.0030974505912638004
27.704,-0.010439709142843284
27.708,0.0007629305076946744
27.712,0.004708463400816951
27.716,-0.014604581084715814
27.72,-0.008901471239876639
27.724,-0.007183046298614331
27.728,-0.002060965786062506
27.732,-0.00757691011521368
27.736,0.007133861856841913
27.74,-0.015933724163701358
27.744,-0.015584597356779794
27.748,-0.0029642474478276813
27.752,-0.001112952879106476
27.756,-0.013468792888348239
27.76,-0.004308598672603546
27.764,-0.0012122004850462875
27.768,0.0004062553406550566
27.772,0.008077608298852942
27.776,0.0030473205066680886
27.78,0.02865524589902866
27.784,0.024306509594555707
27.788,0.01843144722847374
27.792,0.036191081553171314
27.796,0.04692926538692169
27.8,0.069876751758464
27.804,0.06509550292750002
27.808,0.09302563600352282
27.812,0.10029117982228677
27.816,0.12882520807907324
27.82,0.13954450246831476
27.824,0.1391948735345534
27.828,0.1423188496958576
27.832,0.1542888383034998
27.836,0.14794281026716014
27.84,0.16327857451294187
27.844,0.14043858807112716
27.848,0.12572816071942466
27.852,0.11296809750344282
27.856,0.09167254367523354
27.86,0.09490143828254685
27.864,0.06674168367395455
27.868,0.07225946980608378
27.872,0.035909670543603105
27.876,0.0392136500865208
27.88,0.04023239799957827
27.884,-0.000317059711273545
27.888,0.03543854008758351
27.892,0.006445334437738697
27.896,0.008723438798266052
27.9,0.010586431614111982
27.904,0.010425176529441683
27.908,0.004741566748085057
27.912,0.01120952266635051
27.916,0.0059338460980352045
27.92,0.0180444408478981
27.924,0.005472187799737396
27.928,0.01978498534921602
27.932,0.009086045668571635
27.936,-0.018017684325351405
27.94,0.026131514164985478
27.944,-0.005733539588340862
27.948,0.014957541636348189
27.952,0.00025277399828821135
27.956,0.010523036531905866
27.96,-0.007268210121808954
27.964,0.00484620508606583
27.968,-0.006953554033492355
27.972,0.003986453343919278
27.976,-0.02246130437078367
27.98,-0.04266681548127286
27.984,-0.1074968875233693
27.988,-0.12136935720992245
27.992,-0.13924015340217558
27.996,-0.14044757995163948
28.0,-0.10382140989885583
28.004,-0.06046821197241725
28.008,0.026321630018972638
28.012,0.15022249955906333
28.016,0.26501961097662974
28.02,0.47956476315078855
28.024,0.6742387887172983
28.028,0.8519803995975215
28.032,0.980906820166378
28.036,1.0048085540794707
28.04,0.9116958665405225
28.044,0.7296048378749428
28.048,0.5348920041014631
28.052,0.33633143653839764
28.056,0.15671095079907077
28.06,0.011792877947281066
28.064,-0.10045978332610432
28.068,-0.17281469137999358
28.072,-0.23472754944729773
28.076,-0.2552270593764352
28.08,-0.23148903440141438
28.084,-0.15131789255844683
28.088,-0.10644753390082812
28.092,-0.05102923392139132
28.096,-0.012398435413721732
28.1,-0.022559854502455623
28.104,-0.003277866262620966
28.108,-0.0020473887827692
28.112,0.004350618812461395
28.116,0.013367492371823312
28.12,-0.011968184725594726
28.124,0.0074276412801071254
28.128,0.012545770099395549
28.132,0.0009926851176065806
28.136,0.0022600039429561533
28.14,0.008779370744322394
28.144,0.009220174329706725
28.148,0.013027958769793627
28.152,0.01454778356652289
28.156,0.0011907944354136515
28.16,0.023384297199937926
28.164,0.028069866651240533
28.168,0.02168858238671351
28.172,0.008874500598455745
28.176,0.02727663530717463
28.18,0.03565135568756353
28.184,0.0282714846908326
28.188,0.04289938614557121
28.192,0.04000153730464391
28.196,0.06860147303992024
28.2,0.07347506508701206
28.204,0.06549777577441818
28.208,0.09644543272090866
28.212,0.10413837328397735
28.216,0.12237909201696062
28.22,0.12646902908051955
28.224,0.1360933307973922
28.228,0.1505518489989178
28.232,0.1673117978848576
28.236,0.1874290677329909
28.24,0.20319801380679903
28.244,0.21402188571810446
28.248,0.2254330785075076
28.252,0.23920499361597405
28.256,0.2799544159359372
28.26,0.2582296229707488
28.264,0.2701265879954704
28.268,0.31694967160003273
28.272,0.2949097996314424
28.276,0.28184770095772654
28.28,0.30718823077626234
28.284,0.2908815756773468
28.288,0.3083765995574276
28.292,0.2945771120895887
28.296,0.2878358070128433
28.3,0.3021029381370646
28.304,0.2837995431406278
28.308,0.27848101328978403
28.312,0.2623758726047961
28.316,0.24170533306276368
28.32,0.23943506895365294
28.324,0.23184306186283493
28.328,0.2069965999755527
28.332,0.20924111735360307
28.336,0.18518242954531738
28.34,0.16431551946068232
28.344,0.15046581901829825
28.348,0.1354686522169548
28.352,0.10825125707829747
28.356,0.10716207581713126
28.36,0.0982926885123496
28.364,0.0807215668335301
28.368,0.07788758000364096
28.372,0.0652022971411258
28.376,0.06405967662628267
28.38,0.055131711109039486
28.384,0.04316986092545307
28.388,0.021608369902916716
28.392,0.04771018392142765
28.396,0.023596319842397125
28.4,0.020053818529588926
28.404,0.013863252693889253
28.408,0.009351065731441146
28.412,0.027086941330961373
28.416,0.023328001035875963
28.42,0.012091200206017524
28.424,0.005062547303205532
28.428,0.01108563363442992
28.432,0.004616203892412685
28.436,0.0011511751591826694
28.44,0.00576972360564338
28.444,-0.002554857249393555
28.448,0.003956672894692599
28.452,0.0031427108512917575
28.456,0.00686851785473376
28.46,-0.005555574810779358
28.464,0.007580005584778916
28.468,-0.008705080097926398
28.472,-0.005459557114034241
28.476,-0.005092726553733864
28.48,-0.010576308955245164
28.484,0.010261767739133749
28.488,-0.009614350973449681
28.492,-0.006934330082355465
28.496,0.012593297060418472
28.5,-0.005677952756524903
28.504,-0.001861740401738725
28.508,-0.01010646961923822
28.512,0.008339165504819028
28.516,0.008474093270546127
28.52,0.007394193776690491
28.524,0.0053787680612211305
28.528,0.0007387622340479894
28.532,-0.005240719836472376
28.536,-0.008145317051107387
28.54,0.012906753926592011
28.544,0.007662696241211893
28.548,-0.006904795002422213
28.552,0.00045208709120539306
28.556,-0.0029009523552366214
28.56,-0.011099841576469325
28.564,0.002099843836379453
28.568,-0.0035957549928052985
28.572,-0.008582711382924789
28.576,-0.013242322281181221
28.58,-0.013156974543756698
28.584,0.00015925819012173196
28.588,0.005043682362809335
28.592,-9.415417603202483e-06
28.596,0.019149088225927258
28.6,0.01716022749886543
28.604,0.030241572950162453
28.608,0.030938431129069785
28.612,0.03489372511998812
28.616,0.05554296555059209
28.62,0.05482931356498311
28.624,0.0869231379622513
28.628,0.08667526271900255
28.632,0.11947245662244718
28.636,0.12006020651817675
28.64,0.14530150437958642
28.644,0.1319895561066062
28.648,0.14166987557156566
28.652,0.15379073633037552
28.656,0.1594060578304715
28.66,0.15844514446351532
28.664,0.13306832658947765
28.668,0.13935786209682424
28.672,0.10464820197497525
28.676,0.1041727257372197
28.68,0.06928003871264414
28.684,0.06899166326614736
28.688,0.028571715374639803
28.692,0.029446524910102953
28.696,0.0356666699885939
28.7,0.009911730881013013
28.704,0.020955040552706153
28.708,0.02084480401427128
28.712,0.003093583689986257
28.716,-0.004251695713387009
28.72,-0.0011864925891948612
28.724,-0.007392296925120974
28.728,0.00039536971017569604
28.732,0.0018731337135518369
28.736,-0.0025571300777972555
28.74,0.01703293520865389
28.744,-0.007031795811811692
28.748,0.014003005918066944
28.752,-0.010365154811333054
28.756,0.0007522775540661265
28.76,0.011843223198687943
28.764,0.01131789925383034
28.768,-0.004210777215639438
28.772,0.005493218725819228
28.776,0.0039475112538694115
28.78,-0.006415111170064781
28.784,0.0028391743355438517
28.788,0.009377981701331257
28.792,-0.017225572330815633
28.796,-0.038698546446485654
28.8,-0.06966914667310636
28.804,-0.1265492242289768
28.808,-0.1345977526811701
28.812,-0.15574074077194455
28.816,-0.12984440722040466
28.82,-0.052681124297140086
28.824,-0.001199210160530856
28.828,0.09790934606120627
28.832,0.2560082459092054
28.836,0.4121398677319762
28.84,0.6192927755463036
28.844,0.8297088340711976
28.848,0.9560607990492639
28.852,0.9837056783918819
28.856,0.9401551725849853
28.86,0.7773285021081799
28.864,0.5964986255927173
28.868,0.3718281601976033
28.872,0.20989332133849006
28.876,0.0704639193904146
28.88,-0.07512160813730705
28.884,-0.1629544092688685
28.888,-0.22028103631732207
28.892,-0.2548703951342992
28.896,-0.22316214107665974
28.9,-0.1776368655881171
28.904,-0.11823703651779954
28.908,-0.06454179849801893
28.912,-0.030304725656731098
28.916,-0.01081326835555271
28.92,-0.01001739516198746
28.924,-0.0063217074150391265
28.928,-0.0007951551483708766
28.932,0.0004325746465324195
28.936,-0.0031571647490326515
28.94,0.004854182284448702
28.944,-0.016060650478721586
28.948,-0.004627383231571679
28.952,0.0006130050795903567
28.956,-0.004239868955314153
28.96,0.021729495505231584
28.964,0.0069870509008495355
28.968,0.010213434471730428
28.972,0.005592953218758319
28.976,0.012628859716039428
28.98,0.003430322529127311
28.984,0.017171223710431355
28.988,0.013333233812835384
28.992,0.024367925591209115
28.996,0.006642215614437629
29.0,0.026774515671612088
29.004,0.059268556952193636
29.008,0.06031003864539103
29.012,0.07340591236136021
29.016,0.08315331116139107
29.02,0.08592143876329594
29.024,0.08542002341318251
29.028,0.09114278376636806
29.032,0.12530577750651153
29.036,0.1274885570689943
29.04,0.16537160824547373
29.044,0.15083275417956832
29.048,0.18858704655483968
29.052,0.18182454886996624
29.056,0.21126770319602264
29.06,0.22917517894255016
29.064,0.21586159627466414
29.068,0.2344954518119686
29.072,0.24143056467394183
29.076,0.2508303712539838
29.08,0.27992892575246126
29.084,0.2799999098217794
29.088,0.2896191449198325
29.092,0.3000764847773234
29.096,0.2795463119518488
29.1,0.31271291720869576
29.104,0.29616542378480865
29.108,0.30288113316492016
29.112,0.29979472333162804
29.116,0.3015310156278126
29.12,0.27932298487507407
29.124,0.250134263963835
29.128,0.2615543081543554
29.132,0.2513988878778273
29.136,0.22645245785924006
29.14,0.22487513425386946
29.144,0.2058083368269154
29.148,0.18163194889230058
29.152,0.18724077788399146
29.156,0.16037212229113335
29.16,0.14762243509803816
29.164,0.13308888072644767
29.168,0.13658715647290323
29.172,0.11094587276836941
29.176,0.09996673963335281
29.18,0.08335868161877688
29.184,0.08180039195834807
29.188,0.08091730972568281
29.192,0.0650105600972915
29.196,0.0573570202505138
29.2,0.04933459163721987
29.204,0.023048556934756898
29.208,0.02242115893075965
29.212,0.024167491096778085
29.216,0.014643663122577342
29.22,0.007535349053598209
29.224,-0.0037265373005246245
29.228,-0.0011763317640342535
29.232,0.007441607506861162
29.236,0.007402310281270296
29.24,-0.0014213749966027391
29.244,0.005988846813902365
29.248,-0.0002113373815580714
29.252,0.014160501772307228
29.256,0.0009342443274852744
29.26,0.008949184616726788
29.264,0.0035685189514310517
29.268,-0.012839665318941604
29.272,-4.482262798848535e-06
29.276,-0.011671599964208077
29.28,-0.0005649205144289822
29.284,-0.0070644592131165595
29.288,0.004107642917197996
29.292,-0.013210483334373892
29.296,0.00030362593563849747
29.3,0.0058385343892092215
29.304,0.009158959254680011
29.308,-0.007581826865205565
29.312,0.00022039048017825127
29.316,0.0018719961646928229
29.32,0.015492855660752217
29.324,-0.014798124336770455
29.328,-0.009100427039365897
29.332,0.02805197918193655
29.336,-0.0027259021870190627
29.34,-0.018906464044118276
29.344,-0.005823135861176995
29.348,-0.02768713020962749
29.352,0.002410288911099197
29.356,0.008098582810505755
29.36,-0.00911610487593861
29.364,-0.004706823817507245
29.368,0.009236982254808387
29.372,-0.0175014900545072
29.376,-0.013214457454164679
29.38,-0.002278590312884648
29.384,-0.007518072985199156
29.388,-0.002927966631156418
29.392,-0.01261627176978769
29.396,0.002184229909031193
29.4,-0.0014147748256646935
29.404,0.0056345859240656705
29.408,0.002259860913629053
29.412,0.002514145576754114
29.416,-0.013701061463528182
29.42,0.006191412008973925
29.424,-0.0012601342603405837
29.428,0.0015662728021039623
29.432,0.015453729752143139
29.436,0.0002577480856096109
29.44,0.0244008574473756
29.444,0.029953628185918534
29.448,0.02905834365834991
29.452,0.01932845245202501
29.456,0.016565076696726893
29.46,0.06019300399887448
29.464,0.06302514943652887
29.468,0.06817104614340368
29.472,0.10177245213546668
29.476,0.09587289299068567
29.48,0.11395333978426538
29.484,0.13556890063156718
29.488,0.12892118282179393
29.492,0.14562270116685017
29.496,0.16070126149822161
29.5,0.15121228759042973
29.504,0.15711936769060156
29.508,0.14811156997621217
29.512,0.12614258968512526
29.516,0.08988933254771618
29.52,0.08812019434335298
29.524,0.09228743167641332
29.528,0.054928342985831644
29.532,0.05384937345071346
29.536,0.048532878159275476
29.54,0.04948138064185327
29.544,0.020374044505230633
29.548,0.012688695174815717
29.552,0.013120632650569853
29.556,0.012999122195302791
29.56,0.0048908847693131495
29.564,0.014743682088263665
29.568,-0.005253481475364524
29.572,0.0029204843523583384
29.576,0.0055039534870215965
29.58,-0.0033749550140969417
29.584,0.008761844718012123
29.588,0.001696283140161678
29.592,0.008002630129865702
29.596,0.0020025115176193825
29.6,0.0037962944453951036
29.604,-0.006307519324925671
29.608,-0.0063002964192336985
29.612,0.0122426170406377
29.616,0.0063268293280497314
29.62,-0.01037384330107856
29.624,0.001214630692921472
29.628,-0.02581296107254175
29.632,-0.011914092493986412
29.636,-0.006044135970686084
29.64,-0.03506701445964923
29.644,-0.06104683778396516
29.648,-0.1276525284897891
29.652,-0.1337346600496702
29.656,-0.14272300736789964
29.66,-0.13175247777349874
29.664,-0.08841527297848782
29.668,-0.03518040369037784
29.672,0.05684834514221421
29.676,0.16897002828787838
29.68,0.34213271692872027
29.684,0.5263026469891668
29.688,0.7227324916281236
29.692,0.8972138503786253
29.696,1.0094656994210227
29.7,0.9712894285749064
29.704,0.8552467136613712
29.708,0.6613389279147822
29.712,0.4420545019566677
29.716,0.2786447213419645
29.72,0.08792752219684731
29.724,-0.02583172133774625
29.728,-0.12579216156676318
29.732,-0.20024336035370296
29.736,-0.24979661437337103
29.74,-0.25734821853914014
29.744,-0.20661617355815662
29.748,-0.1476676405707867
29.752,-0.09190518217014197
29.756,-0.03327246567059632
29.76,-0.03069978827391539
29.764,-0.0036280345227413737
29.768,-0.00014932309440550927
29.772,0.009650422510064982
29.776,-0.0006186838146084114
29.78,0.008999111518138125
29.784,-0.00027451129104657883
29.788,0.0062229462035664805
29.792,-0.01261205453795821
29.796,-0.023293560825453016
29.8,0.007697993406132356
29.804,0.009260656524781957
29.808,0.010958840348481075
29.812,0.002478127469487737
29.816,0.024461105133649262
29.82,0.007162449007305412
29.824,0.018579941278487902
29.828,0.023394576570940046
29.832,0.03823637573678706
29.836,0.02206052565867627
29.84,0.023518617490635586
29.844,0.02058117593362216
29.848,0.05734095935700208
29.852,0.05307241462554437
29.856,0.061251292590404544
29.86,0.0965952458099737
29.864,0.0782414336135541
29.868,0.07237988890979109
29.872,0.09468137135826421
29.876,0.09891084134827688
29.88,0.11743343655712349
29.884,0.13072670113074003
29.888,0.1427590128785193
29.892,0.1489562597683989
29.896,0.19330318866846954
29.9,0.19491230235988052
29.904,0.20408275221027122
29.908,0.2279947779734922
29.912,0.23866877968454628
29.916,0.24950219520304376
29.92,0.2654211813439712
29.924,0.2705746171210922
29.928,0.2852529225364423
29.932,0.29388106329660485
29.936,0.29411679672778146
29.94,0.29465101073876737
29.944,0.31466736214487295
29.948,0.295188047787554
29.952,0.3025675776503071
29.956,0.29958970039383787
29.96,0.2843209552904552
29.964,0.2755688387987852
29.968,0.27172949957087134
29.972,0.2605101142329081
29.976,0.23973384919653606
29.98,0.23559422812802341
29.984,0.23168084505035869
29.988,0.2279132368191639
29.992,0.20656952354081254
29.996,0.1605448663203056
30.0,0.17840733741534193
30.004,0.15198943489819722
30.008,0.14796700443620006
30.012,0.12959507016250899
30.016,0.1146696390025983
30.02,0.1030965827143175
30.024,0.09215925880339763
30.028,0.09489189856318411
30.032,0.07115197772418799
30.036,0.07295821547932185
30.04,0.06310944841761586
30.044,0.05282617898034444
30.048,0.021544438181703644
30.052,0.04460288941089667
30.056,0.023608089400568966
30.06,0.030767477526775708
30.064,0.009924989915918772
30.068,0.004399505552969271
30.072,0.03311664007028321
30.076,0.0013320691654503183
30.08,0.020305175348983233
30.084,0.008313168446753227
30.088,0.0015085800638956343
30.092,0.004095654076444185
30.096,-0.009417865473739826
30.1,0.002685523942211663
30.104,-0.00862348079536578
30.108,-0.002244848639087512
30.112,0.010570669138728377
30.116,0.003551030326902661
30.12,-0.014053810772647179
30.124,0.009095483849868835
30.128,0.0003651937245982108
30.132,-0.0050962442552238965
30.136,0.007708272834558393
30.14,-0.0014940788723216201
30.144,-0.01152627435877532
30.148,0.01857293353992304
30.152,-0.00010431039692284467
30.156,-0.0007645984382670517
30.16,-0.00401589565380068
30.164,0.011824590878127053
30.168,-0.005231214497395866
30.172,-0.015437495618180332
30.176,-0.006778217002584585
30.18,0.013273663247563707
30.184,0.008325386105023777
30.188,-0.0025473824535544977
30.192,0.013734432764247649
30.196,0.007480690283317249
30.2,-0.0026650438848547417
30.204,-0.001658531168819875
30.208,0.0032935576678159743
30.212,-0.008318606518503822
30.216,4.525414157951547e-05
30.22,0.003085340747841599
30.224,-0.016869356221718472
30.228,-0.0018926203412382573
30.232,-0.003029346606897179
30.236,0.010283244606830026
30.24,-0.01843963581800111
30.244,-0.0038042096238767383
30.248,-0.004796011239938282
30.252,0.009642382824760804
30.256,-0.000356854352132605
30.26,0.018105493121948667
30.264,0.0068812037007709706
30.268,-0.0036496356113371177
30.272,0.0031672841527405557
30.276,-0.0022614816412743813
30.28,0.010663528514448522
30.284,-0.010058348953848458
30.288,-0.00322042533658485
30.292,0.012072937469898196
30.296,0.02323387114837074
30.3,-0.006395207054202939
30.304,0.03542359575785929
30.308,0.02791772923539762
30.312,0.019810924834065602
30.316,0.01964462894432672
30.32,0.046905083429428285
30.324,0.07573492534542418
30.328,0.08969523707296884
30.332,0.11113030228693704
30.336,0.11298432214846765
30.34,0.11948015737839551
30.344,0.13610658340284215
30.348,0.1471604380854444
30.352,0.15214303072967952
30.356,0.14115160492426954
30.36,0.15352268543302877
30.364,0.13035588382135962
30.368,0.1171081991690183
30.372,0.1075363237421867
30.376,0.10961146804137567
30.38,0.08301029059923269
30.384,0.06318379428548966
30.388,0.06610078920196087
30.392,0.06633185312597722
30.396,0.03667542319324211
30.4,0.03829265814211792
30.404,0.029349299277048546
30.408,0.007484768899589064
30.412,0.009678800882469562
30.416,-0.006448214719291746
30.42,0.0021621406701290147
30.424,-0.003550859820982065
30.428,-0.0023278301865581356
30.432,-0.006458625043192793
30.436,-0.002250801241232307
30.44,0.005682681401343288
30.444,-0.0009908235701116218
30.448,-0.01853105926367003
30.452,-0.007400576883860465
30.456,-0.015162204811646617
30.46,0.00245675147330318
30.464,0.00504043262873414
30.468,0.002563855844524126
30.472,-0.00790345446842706
30.476,0.0023195467482534835
30.48,-0.00531262491817902
30.484,-0.013511021312903852
30.488,0.0011073070244417994
30.492,-0.00776646509317289
30.496,-0.02483796271235559
30.5,-0.06902973867863949
30.504,-0.08647697996601235
30.508,-0.13532089174009532
30.512,-0.13966005967394982
30.516,-0.14098020296047964
30.52,-0.09913708328941692
30.524,-0.05558722184484426
30.528,0.05781352641467713
30.532,0.18631576520827262
30.536,0.34402591573780006
30.54,0.5609421697409523
30.544,0.733778045510097
30.548,0.9053144933003962
30.552,0.9860634725904663
30.556,0.9667081156448076
30.56,0.8598306925580018
30.564,0.6768031219432776
30.568,0.4485310037442878
30.572,0.25822458875744897
30.576,0.09494995209445996
30.58,-0.009767919670814237
30.584,-0.1160442615224445
30.588,-0.20491602671384138
30.592,-0.25688233808701766
30.596,-0.25149574272361935
30.6,-0.19573734415077176
30.604,-0.13337527809890962
30.608,-0.1037549446978004
30.612,-0.045483356621372824
30.616,-0.0020084670555364365
30.62,-0.008648935366911113
30.624,0.013225882250752089
30.628,0.006558172117741819
30.632,-0.01012048714724569
30.636,-0.0018314001222891766
30.64,0.00016922077165498067
30.644,-0.007635596822193629
30.648,-0.007268193847285796
30.652,0.018173247024931664
30.656,-0.005830882976117078
30.66,0.015757974950135496
30.664,0.0018691774305967836
30.668,0.0075075992388663375
30.672,0.015226209541970605
30.676,0.005827956706132893
30.68,0.02011210562426265
30.684,-0.002943360449084543
30.688,0.0255308283262355
30.692,0.0006436094301315309
30.696,0.02789469588626763
30.7,0.044233352028993436
30.704,0.04818524208579984
30.708,0.036036773432603184
30.712,0.045204830412928325
30.716,0.05874087121110671
30.72,0.07707117860560243
30.724,0.06532012561855488
30.728,0.09676210247248702
30.732,0.1120432668641489
30.736,0.11884675148111114
30.74,0.14030332916805957
30.744,0.15117387314294564
30.748,0.1577866301006423
30.752,0.15833350520787134
30.756,0.19357436329400585
30.76,0.19711805164898408
30.764,0.21493674783325536
30.768,0.23903696866104457
30.772,0.2611874873025931
30.776,0.2584362297975385
30.78,0.27499407308660984
30.784,0.2642927162217434
30.788,0.28895722299784266
30.792,0.2920050202454103
30.796,0.3092219697591502
30.8,0.2939923844382213
30.804,0.2975424766389067
30.808,0.3091927377062157
30.812,0.294439743153865
30.816,0.27919861405079904
30.82,0.3089973446862761
30.824,0.26428255725560834
30.828,0.2645558642204793
30.832,0.25752677000134644
30.836,0.24450858843547318
30.84,0.2268274554119811
30.844,0.21310012951944143
30.848,0.19836244278708504
30.852,0.17506364928235052
30.856,0.19318004533591995
30.86,0.15505918602485214
30.864,0.1491016549562023
30.868,0.12609699192692148
30.872,0.1127694083262505
30.876,0.0993004463536113
30.88,0.07663789051783057
30.884,0.07961240497731467
30.888,0.06706776645708704
30.892,0.07362603054732583
30.896,0.0415698039385111
30.9,0.04022866281528899
30.904,0.030287889266846543
30.908,0.047739853998310225
30.912,0.01938624184344464
30.916,0.029140482766866708
30.92,0.029272032276902955
30.924,0.014720682897953417
30.928,-0.000473362476171078
30.932,-0.0027885119501903505
30.936,0.017400872876820867
30.94,-0.0055109146381286155
30.944,0.009602070580531093
30.948,0.005664539117226192
30.952,0.007345801545641204
30.956,0.007523907780790807
30.96,-0.0071448079345318985
30.964,-0.008055255585706668
30.968,0.008459391194510653
30.972,-0.0052902474175357
30.976,-0.026738205771366465
30.98,0.0070645855880680074
30.984,-0.009929164055481762
30.988,0.004994874819869748
30.992,0.014168142841157343
30.996,0.00034442094224358655
31.0,0.010087105581435506
31.004,0.0016321512203793895
31.008,0.01594236919973354
31.012,-0.010572174940405965
31.016,-4.7253740193366774e-05
31.02,0.006756361731016057
31.024,-0.0018866816285391232
31.028,0.011534397325950373
31.032,-0.004311902497112515
31.036,0.020699584379600545
31.04,0.021226014969966636
31.044,0.0028234928764327154
31.048,0.005527930533619753
31.052,0.011918097363137635
31.056,-0.011870841967047043
31.06,-0.013118788339444418
31.064,0.012565985019225607
31.068,0.0027431666908811934
31.072,-0.002258581003027849
31.076,0.00012411801115639638
31.08,-0.023835121798069903
31.084,-0.001857052227084462
31.088,-0.007439445845141585
31.092,0.009347042457338875
31.096,0.010246595809518217
31.1,0.00628128240816564
31.104,0.004825372693409895
31.108,-0.013536857551125887
31.112,0.008216628078876555
31.116,0.009915088715477907
31.12,0.01798436207121864
31.124,0.02942107337346067
31.128,-0.0049661318328871416
31.132,0.013036507110689434
31.136,0.015913856020777526
31.14,0.03309555776355189
31.144,0.041238428150050126
31.148,0.05015656111071582
31.152,0.0756295564633308
31.156,0.06828751993832105
31.16,0.08338335689137447
31.164,0.09788998229629535
31.168,0.11790747833318002
31.172,0.12080743501434313
31.176,0.14160967045132822
31.18,0.1462170122342186
31.184,0.14212870719347237
31.188,0.15703840317644846
31.192,0.14232572427409987
31.196,0.14488107834610736
31.2,0.12097591679034259
31.204,0.10946731611104824
31.208,0.0898106430050477
31.212,0.08085508573093655
31.216,0.07400749886741541
31.22,0.04977021644411776
31.224,0.04749622794227531
31.228,0.02425836708539953
31.232,0.03175221406034135
31.236,0.011771364729556155
31.24,0.02097108536726782
31.244,0.009214501569039519
31.248,0.021004335577975153
31.252,-0.00773684687727926
31.256,-0.01232796133765086
31.26,-0.004644308063782911
31.264,-0.012923406376908133
31.268,-0.013280618761587641
31.272,0.006531274196729006
31.276,0.000135975056071158
31.28,-0.00469926636404345
31.284,-0.003817455906281905
31.288,-0.005945197707330677
31.292,0.01651733428488594
31.296,-0.007349546677274977
31.3,-0.013226521042004297
31.304,0.007916107939876066
31.308,-0.0023688629453274736
31.312,0.019554481234744733
31.316,-0.008054591416182727
31.32,0.0004873242208321485
31.324,-0.00857188688315832
31.328,-0.04540892293324641
31.332,-0.07839129404985669
31.336,-0.09921665371894937
31.34,-0.13031277288789095
31.344,-0.16043789843645412
31.348,-0.14047849674047003
31.352,-0.10908746794548521
31.356,-0.006160385090367503
31.36,0.08445423232405427
31.364,0.2187402602785678
31.368,0.3750336714347688
31.372,0.5809462301190645
31.376,0.7848509914704442
31.38,0.9328802056218778
31.384,1.0008700943296043
31.388,0.9572262712373193
31.392,0.8320284707187141
31.396,0.6131126111942466
31.4,0.4193730290156076
31.404,0.21664479663096065
31.408,0.05675081776306369
31.412,-0.05323397261815944
31.416,-0.16415793591206937
31.42,-0.21671056808535846
31.424,-0.2535811533898348
31.428,-0.251009611431007
31.432,-0.1669993946975693
31.436,-0.13017386668920206
31.44,-0.08825018411937885
31.444,-0.026189185129083387
31.448,-0.02180671357722888
31.452,0.006010088041140064
31.456,-0.008417193187477311
31.46,-0.00513216849148933
31.464,0.004268991349539669
31.468,0.0071092200796597
31.472,0.009235263175477296
31.476,0.001109277470349999
31.48,0.00786314985044647
31.484,0.010744014571126413
31.488,0.006173373830581478
31.492,0.0038228628854460466
31.496,-0.007883144505849761
31.5,0.014161555400915913
31.504,0.010516412380154097
31.508,0.008257315792210587
31.512,0.02789635841433008
31.516,0.004047172539286697
31.52,0.03851117467855686
31.524,0.026189254308273045
31.528,0.03458058444462669
31.532,0.033154194468211995
31.536,0.026887728290767184
31.54,0.049412512529057505
31.544,0.06223488946308364
31.548,0.07457768821252038
31.552,0.07561845373123736
31.556,0.06630166458903275
31.56,0.08425448266488467
31.564,0.13240140808430914
31.568,0.11386056571586457
31.572,0.15256170015958018
31.576,0.14293954215200183
31.58,0.16479041303408
31.584,0.1873879807463913
31.588,0.1874641372593063
31.592,0.22593558854943907
31.596,0.22473207090246713
31.6,0.24194892388110878
31.604,0.24722307984271624
31.608,0.2680310194297533
31.612,0.2875647932275781
31.616,0.2794031055158186
31.62,0.305396461984135
31.624,0.2876746523767065
31.628,0.30532399491822476
31.632,0.3045939237526772
31.636,0.2891254638011781
31.64,0.3001445673713227
31.644,0.2943964735607789
31.648,0.28029832844345426
31.652,0.2852119864472105
31.656,0.27432405515271685
31.66,0.2619511111847202
31.664,0.25057391900578374
31.668,0.2379053021390283
31.672,0.2218434866138536
31.676,0.2130142668593231
31.68,0.19086273656939423
31.684,0.209350592579172
31.688,0.1541579990333242
31.692,0.14803999147874175
31.696,0.13479431448083873
31.7,0.14669038190655748
31.704,0.10010631382456701
31.708,0.1052741956743306
31.712,0.0919653354178131
31.716,0.08209503412884944
31.72,0.08124266093913739
31.724,0.07201279525524625
31.728,0.04717083272108135
31.732,0.04627810776264961
31.736,0.019154952797655365
31.74,0.033004649394426135
31.744,0.019003186270602063
31.748,0.020667093454100248
31.752,0.0018673669402535335
31.756,0.01950495712558653
31.76,-0.004286340485914196
31.764,0.011817848010240092
31.768,-0.0038946837064470167
31.772,-0.0017604504211743404
31.776,0.01693342501691252
31.78,0.010158457338399315
31.784,0.014870242274523262
31.788,0.018247135072956222
31.792,-0.005663098013086556
31.796,0.016589122400069583
31.8,-0.013424342986504047
31.804,0.008401973475476667
31.808,-0.004218526688887509
31.812,-0.008763397530841514
31.816,0.006549419420835969
31.82,0.009751132641498692
31.824,0.009376029673326094
31.828,0.0023129299859916755
31.832,0.001439711528538465
31.836,0.005355935949607244
31.84,0.0031006304828405293
31.844,0.005458733257174884
31.848,0.0020721869823335055
31.852,0.008450634356906517
31.856,-0.01625603450601824
31.86,-0.00130150544183499
31.864,-0.013830631162098365
31.868,0.00277250672790108
31.872,0.016423247489974938
31.876,-0.004737750080997091
31.88,0.0012755077289850893
31.884,0.007568763843462394
31.888,-0.02067072654206592
31.892,-0.005208938828023222
31.896,0.0036685784276910844
31.9,-0.028925164628297136
31.904,-0.009684098970231465
31.908,0.011162431204127044
31.912,0.0103048788640949
31.916,0.004222108792455573
31.92,0.009635307742652722
31.924,0.0034974042863491523
31.928,0.007726366055213535
31.932,0.0002601756528538752
31.936,0.006396018478865172
31.94,0.0015031439005317613
31.944,0.024034691166731834
31.948,0.03139990004538511
31.952,0.03619514597110323
31.956,0.0261274431364438
31.96,0.030178713318525816
31.964,0.06366687741984789
31.968,0.0690158289885906
31.972,0.0806937668445958
31.976,0.08552961945809931
31.98,0.11052541783968375
31.984,0.10896987038892852
31.988,0.1380310534195388
31.992,0.15486435720308375
31.996,0.16362003230417416
32.0,0.15701659256694236
32.004,0.13492259864291764
32.008,0.14580731236784641
32.012,0.15696858262802568
32.016,0.11586825457667382
32.02,0.11094821316831828
32.024,0.11149614703578736
32.028,0.08900760248007539
32.032,0.0934986728993091
32.036,0.04820268943027227
32.04,0.033856725962799816
32.044,0.045844770974026096
32.048,0.01319659701957509
32.052,0.016387523913470058
32.056,0.0123983141436172
32.06,0.01941017311661994
32.064,0.012258241964462943
32.068,0.00859868112609342
32.072,-0.0014382911068245388
32.076,0.013768314455894767
32.08,0.041245326054739836
32.084,0.00749968785545394
32.088,0.0013368219047400712
32.092,-0.012786517360353097
32.096,-0.006269038825630469
32.1,-0.002080336347996075
32.104,-0.0053163218159883
32.108,-0.0001457723685707004
32.112,0.01778665324831546
32.116,0.0124686109161452
32.12,-0.001623680907312441
32.124,-0.012256730460012492
32.128,0.01267236804995305
32.132,-0.0028915203178862155
32.136,-0.024266697257908806
32.14,-0.010273245808652992
32.144,-0.026575139306594952
32.148,-0.09068224212732841
32.152,-0.11021884907970549
32.156,-0.13410773075860347
32.16,-0.1390992879651203
32.164,-0.13829424093241965
32.168,-0.09961042320642945
32.172,-0.015824747112912
32.176,0.06744805309192456
32.18,0.20591089270746588
32.184,0.3560383645212957
32.188,0.551155940838168
32.192,0.7726731166315488
32.196,0.9266651720562651
32.2,1.0071110725575705
32.204,0.9585003329384602
32.208,0.8243270054975146
32.212,0.654321019674347
32.216,0.41937668651920956
32.22,0.2599464528898645
32.224,0.1050203479477631
32.228,-0.026203321799262894
32.232,-0.14351892277935568
32.236,-0.2180019084039601
32.24,-0.2465843293421355
32.244,-0.24856745776491143
32.248,-0.2014167328855442
32.252,-0.1262019805083117
32.256,-0.07155743747912026
32.26,-0.04953088532398491
32.264,-0.009736808620543429
32.268,-0.001192981950580773
32.272,0.013704239946397608
32.276,0.005856854867626944
32.28,0.011352692491850057
32.284,0.005901889200660608
32.288,0.011296311018926447
32.292,-0.010930943812919945
32.296,0.0012764556411787168
32.3,0.0027946233685848527
32.304,0.0016026915330400382
32.308,0.009532046296616112
32.312,0.012723443090200622
32.316,0.01186264794932464
32.32,0.008049698762380686
32.324,0.004708120226301579
32.328,0.025702857466902138
32.332,0.021368058439632687
32.336,0.011355214648557302
32.34,0.023863390368407632
32.344,0.013271069360723371
32.348,0.03666051854044103
32.352,0.04067423739109419
32.356,0.044055878715632844
32.36,0.0736140771658357
32.364,0.055021279168254604
32.368,0.08331693961965732
32.372,0.10863762404104184
32.376,0.10888152062760881
32.38,0.10990565068679829
32.384,0.11169790904844233
32.388,0.12284986675427795
32.392,0.14628753290907137
32.396,0.15783054475843566
32.4,0.17201112352567666
32.404,0.19048316882191352
32.408,0.20710690549959637
32.412,0.22700597574718576
32.416,0.22323264852752062
32.42,0.24146591579120788
32.424,0.25838233861541837
32.428,0.2685287261243949
32.432,0.2979814822706799
32.436,0.28953773074749456
32.44,0.27700174954217155
32.444,0.30145531217656774
32.448,0.305001106626772
32.452,0.29865594717498023
32.456,0.2862208638045452
32.46,0.31249749492658596
32.464,0.27896007832835346
32.468,0.2892874020627695
32.472,0.2761091889653697
32.476,0.27010999747731596
32.48,0.26990564764723196
32.484,0.24612492494462496
32.488,0.2217349866722841
32.492,0.2245469742163435
32.496,0.19290437168228738
32.5,0.1863473817376936
32.504,0.15724071990186556
32.508,0.14544292334403197
32.512,0.142201898338359
32.516,0.1317330653988461
32.52,0.0979664515932159
32.524,0.10757499205967713
32.528,0.08277017008938964
32.532,0.09292919298991531
32.536,0.06662009155562856
32.54,0.049765358084969076
32.544,0.05347357446845416
32.548,0.03610202853808194
32.552,0.0513079221061466
32.556,0.03274344921077202
32.56,0.026059383990354595
32.564,0.028997897900543728
32.568,0.009144029371354284
32.572,0.002968177328704715
32.576,0.017104893887596628
32.58,-0.00037390558593251855
32.584,-0.00238933731049327
32.588,0.015302853813321134
32.592,0.010800839496592853
32.596,-0.008124901574559624
32.6,-0.00270431682080652
32.604,-0.006299762237319445
32.608,0.019898637590003074
32.612,0.010715243572853583
32.616,-0.002933768070351818
32.62,0.006737359971534227
32.624,-0.012820216370707935
32.628,-0.006166156303311882
32.632,0.0014692367339215313
32.636,0.0048360279254000054
32.64,-0.0007420860629681362
32.644,0.0026513505869255743
32.648,0.000908642349297931
32.652,-0.0015446935014399759
32.656,-0.0028956601437358795
32.66,-0.0042154214557582025
32.664,0.002353058402190359
32.668,0.0041320275041654975
32.672,0.0020004051308900126
32.676,-0.011774195450024698
32.68,-0.009981064433229837
32.684,0.0039945588466973984
32.688,0.014720827382703855
32.692,0.001527293064755552
32.696,-0.004113800129593417
32.7,0.0022469605908926314
32.704,-0.011362482268165438
32.708,0.013100028432579751
32.712,0.0018863265066563653
32.716,-0.006655465997993294
32.72,-0.0015942682467428642
32.724,-0.005134678873778932
32.728,0.013360439497139037
32.732,-0.0015954891721817088
32.736,0.002282573627915768
32.74,0.006950417262957234
32.744,-0.005439592356072077
32.748,0.005049180035041526
32.752,0.007541077635394838
32.756,-0.008334361632837413
32.76,0.013080004664248183
32.764,0.014605581182003783
32.768,0.02225714468654178
32.772,0.028777533625566218
32.776,0.040160635517209886
32.78,0.06177917669323896
32.784,0.048997000486122474
32.788,0.07099666391590037
32.792,0.09546215936819427
32.796,0.10808290618013712
32.8,0.1216700411318388
32.804,0.15690416721435885
32.808,0.14547969109970782
32.812,0.15759279944950003
32.816,0.14662233769297592
32.82,0.13938135023769513
32.824,0.14202150140568737
32.828,0.14468641707362412
32.832,0.13113987325551407
32.836,0.11844287000841393
32.84,0.09826361763352288
32.844,0.08215249492386736
32.848,0.06981713384397514
32.852,0.06544882824959038
32.856,0.054515726774703906
32.86,0.025540844010717313
32.864,0.034420109833632764
32.868,0.013151470108197155
32.872,0.01874677231639189
32.876,0.007878564833045387
32.88,0.022314705561593578
32.884,0.0002275259923660818
32.888,0.00463157566247302
32.892,0.00785619847226584
32.896,-0.007641681490625592
32.9,-7.228114407949215e-05
32.904,-0.0022834581682157724
32.908,-0.004920964124320856
32.912,-0.004277009926050153
32.916,0.011185013848247749
32.92,-0.005951399338758622
32.924,0.005681482564504381
32.928,0.003154007693496391
32.932,-0.013970123447626152
32.936,0.005167521532609908
32.94,-0.014261876993452459
32.944,0.005750994887538954
32.948,-0.006948901047542992
32.952,-0.005578040150494991
32.956,-0.027493963935307255
32.96,-0.030640835248179836
32.964,-0.050174392732170364
32.968,-0.10249009487813229
32.972,-0.13357009557939575
32.976,-0.14108895352909298
32.98,-0.1335655213867619
32.984,-0.12672402856589543
32.988,-0.019462280776475226
32.992,0.05483349978191904
32.996,0.17726237611063092
33.0,0.32746158528676034
33.004,0.5029621291566633
33.008,0.7314116540179235
33.012,0.890761987264477
33.016,0.996451280090407
33.02,0.9777829497147543
33.024,0.8689295209558584
33.028,0.676038790863357
33.032,0.4859708771635321
33.036,0.272520856064177
33.04,0.1444756294153253
33.044,0.01216640721991673
33.048,-0.10094333956002832
33.052,-0.18450810495237197
33.056,-0.24165031254324487
33.06,-0.2292383049323027
33.064,-0.20402418177493234
33.068,-0.16085628808002828
33.072,-0.07343972912155325
33.076,-0.03451239502176362
33.08,-0.020391005538558705
33.084,-0.0195627313815214
33.088,-0.007849744028003376
33.092,-0.018255732930693613
33.096,0.010124429453914587
33.1,-0.014974680582262794
33.104,0.0042832018897291345
33.108,-0.006598476506125255
33.112,-0.011900416833852151
33.116,0.005409601592559212
33.12,0.0005064217685727779
33.124,0.013234818189059364
33.128,-0.006589132100874133
33.132,1.2839090443078106e-05
33.136,-0.014482501141144494
33.14,-0.010284944757552402
33.144,0.03211309755334871
33.148,0.03800220201336121
33.152,0.021647350963340528
33.156,0.016611866163904608
33.16,0.026628828275244383
33.164,0.04380007330110452
33.168,0.0361099681844367
33.172,0.05060265620931078
33.176,0.05588999390429918
33.18,0.05896428104647393
33.184,0.06888032522407737
33.188,0.0874158272673776
33.192,0.08588210898370799
33.196,0.11212220401247038
33.2,0.11556471074892852
33.204,0.134865188509806
33.208,0.161268667272114
33.212,0.15997999620294445
33.216,0.18533598628730247
33.22,0.17276559371748543
33.224,0.20041488253652062
33.228,0.21951275064737877
33.232,0.2520632642798893
33.236,0.22608999919068373
33.24,0.25664327625180916
33.244,0.2829429182980392
33.248,0.269963102086584
33.252,0.2836193998827129
33.256,0.295351261894511
33.26,0.29839929406558485
33.264,0.31488104860278576
33.268,0.3044751452765517
33.272,0.3121184518742128
33.276,0.2921961941138692
33.28,0.28350976687824647
33.284,0.28203179882315565
33.288,0.26445059382424607
33.292,0.2711586615833522
33.296,0.25144959608896456
33.3,0.2364695186654467
33.304,0.2351507007610081
33.308,0.2050113845252862
33.312,0.20995674480897422
33.316,0.1829970472546565
33.32,0.18482327714443766
33.324,0.15486440287688932
33.328,0.15094551752866864
33.332,0.1326799914331873
33.336,0.12513142308469125
33.34,0.1062543911243485
33.344,0.07671967373343454
33.348,0.09243601863017066
33.352,0.07129973620511842
33.356,0.0707529995223828
33.36,0.06129548727719883
33.364,0.039034890615249986
33.368,0.030807147048368677
33.372,0.04047055853325268
33.376,0.025575235654888475
33.38,0.03333990255323339
33.384,0.018183320938056156
33.388,0.026753862427316012
33.392,0.017814669566121058
33.396,0.013974566135108508
33.4,0.005265412528959413
33.404,0.00958731602670853
33.408,0.0177488672259795
33.412,0.00409230188730701
33.416,0.00897839708416061
33.42,0.0033460472108381052
33.424,0.003497547110263714
33.428,0.01898156155466596
33.432,0.013364893389964575
33.436,0.0018266386040537898
33.44,0.0029307287966643895
33.444,-0.006423946156221744
33.448,-0.0012826449571309568
33.452,0.0034278895621295685
33.456,0.008753939566056738
33.46,0.0076749366596909376
33.464,-0.010958708768681215
33.468,0.009867294660022915
33.472,-0.0008172322105691476
33.476,-0.009819238290185944
33.48,0.01340003793003303
33.484,0.014658471148013313
33.488,0.0026555771890904144
33.492,0.007100621771638181
33.496,0.007683322853937967
33.5,0.013963829596749008
33.504,0.007284883244175947
33.508,-0.01327401566085784
33.512,0.02010002395282743
33.516,0.010657883950766927
33.52,-0.0050943541183761255
33.524,-0.010295642480910989
33.528,0.0050485779112754625
33.532,-0.0027822121691042103
33.536,0.0033004274870962616
33.54,0.007434865723743018
33.544,-0.0056628443410752715
33.548,-0.011157833605317628
33.552,0.0038648521232569947
33.556,-0.005320442161715697
33.56,0.0014874039809603893
33.564,-0.01338249603661441
33.568,-0.0024268126511718096
33.572,0.007322858097709867
33.576,0.006367568648747573
33.58,-0.007349290663844122
33.584,-0.010779947622623166
33.588,0.001644220140620432
33.592,0.007996595290399955
33.596,0.007785379512009407
33.6,0.0005725016648290317
33.604,0.011442742406876373
33.608,0.027288323820286495
33.612,0.019373509712883513
33.616,0.0075148701178098035
33.62,0.034030255828134015
33.624,0.06229122867614164
33.628,0.04048183294471705
33.632,0.06660002020196612
33.636,0.07804566032205919
33.64,0.09577424667536692
33.644,0.11105531723789373
33.648,0.13379212477927532
33.652,0.1346660731629055
33.656,0.15538530211169946
33.66,0.14696714462748584
33.664,0.14649827367469995
33.668,0.14134825050758706
33.672,0.1242424017067411
33.676,0.13629544849380304
33.68,0.14259033161134377
33.684,0.11331408271012529
33.688,0.1012856671568412
33.692,0.0757863138684388
33.696,0.06348933655529337
33.7,0.06286721139352013
33.704,0.06164677864204092
33.708,0.04663239387437229
33.712,0.03169940861800121
33.716,0.01751671835547368
33.72,0.01424240040048691
33.724,0.0008410493478385817
33.728,-0.00885096686867818
33.732,-0.007578504056287611
33.736,0.0028544015540727112
33.74,-0.0014529722108193126
33.744,-0.013804266042631824
33.748,0.0001532609088820593
33.752,-0.002880769918505395
33.756,-0.011557919283506527
33.76,-0.0036083622427837228
33.764,-0.0031596512770439497
33.768,-0.00614043704035739
33.772,0.009279661662643539
33.776,-0.019024034239809768
33.78,-0.019864458656745018
33.784,-1.7098967363750605e-05
33.788,0.000727308356833704
33.792,0.0031302602611943254
33.796,-0.008411517206252828
33.8,-0.01770978325077935
33.804,-0.02059246945085394
33.808,-0.046468041950895385
33.812,-0.057896224235150326
33.816,-0.11229873720898348
33.82,-0.1380761977655228
33.824,-0.12131853246526261
33.828,-0.12884878730345506
33.832,-0.07396951195210959
33.836,0.00035898548914965137
33.84,0.1025448180301074
33.844,0.23406571366452947
33.848,0.4072408698607679
33.852,0.6073660318144075
33.856,0.7965217074372052
33.86,0.9504014760315688
33.864,1.0201422581100754
33.868,0.9562226243545143
33.872,0.7998208841439757
33.876,0.6072927226017711
33.88,0.38571328754437273
33.884,0.2106609511196261
33.888,0.07347712371065897
33.892,-0.04256672524717437
33.896,-0.16179607068034713
33.9,-0.22512686333923737
33.904,-0.22433035674163862
33.908,-0.22806295467027626
33.912,-0.16209330840865047
33.916,-0.1186215230482999
33.92,-0.0662607610391161
33.924,-0.03629624477345606
33.928,-0.004126575319741798
33.932,0.009092723807732479
33.936,-0.011285026891159554
33.94,-0.003194106526376333
33.944,0.009998799798876298
33.948,-9.39606844185504e-05
33.952,-0.0033545348943037267
33.956,0.012138130478367315
33.96,0.013656525490248062
33.964,-0.0011527788468076636
33.968,0.0063603210135190266
33.972,-0.006750825859267278
33.976,-0.002282277347156394
33.98,0.009535482601290212
33.984,0.010557374042068633
33.988,0.0029015401298376903
33.992,0.008167774669846055
33.996,0.007919828723237357
34.0,0.026906147889359484
34.004,0.007064317908407069
34.008,0.021666213832157243
34.012,0.018903270971324652
34.016,0.04823136944941179
34.02,0.03332124361012573
34.024,0.05980381613270297
34.028,0.08486980352805061
34.032,0.09505213725777625
34.036,0.07094546718471487
34.04,0.10348833933191924
34.044,0.10287601754078687
34.048,0.11378459278883872
34.052,0.1381245859348533
34.056,0.16556042555701198
34.06,0.1736271691370866
34.064,0.1750067230212523
34.068,0.20373224046010502
34.072,0.18857180176643304
34.076,0.21740583602551583
34.08,0.2300122216753024
34.084,0.25152854931961616
34.088,0.2601829473105307
34.092,0.2710374180807195
34.096,0.2795397938933155
34.1,0.28877973310014554
34.104,0.29952504149214065
34.108,0.29937996830145547
34.112,0.29692950794599254
34.116,0.30376429090897095
34.12,0.3060697412516384
34.124,0.28843487582827115
34.128,0.28778502117713406
34.132,0.29268472127410106
34.136,0.2611625230177749
34.14,0.27996027806315094
34.144,0.2370250430068193
34.148,0.23444350419191137
34.152,0.21505990624326635
34.156,0.23250094442017355
34.16,0.1912531414432913
34.164,0.17675185195616516
34.168,0.16352769875736212
34.172,0.1538452560058616
34.176,0.13559779659462903
34.18,0.12402475555270769
34.184,0.07712895847399275
34.188,0.10075112124814736
34.192,0.0888795255835437
34.196,0.08842314102056689
34.2,0.08130812893856298
34.204,0.05737577364755156
34.208,0.05930022065260025
34.212,0.03283713212897087
34.216,0.04503906329559337
34.22,0.025910241885840495
34.224,0.014765408361415407
34.228,0.020388488315628794
34.232,0.03247941486842596
34.236,0.01705601072438584
34.24,0.02746610825883656
34.244,0.0026979098598350227
34.248,0.01872388124919215
34.252,0.0001107841238557998
34.256,0.007554188364885589
34.26,0.006376520200397388
34.264,0.00993670138594476
34.268,0.005111838015576712
34.272,-0.005362877812421072
34.276,0.01037364109349667
34.28,0.01852454909083512
34.284,-0.004914858162087888
34.288,-0.01765130350980893
34.292,0.00552211983347908
34.296,-0.0029152716112433165
34.3,-0.0010156463595361667
34.304,0.005780407960560351
34.308,-0.004403134938417114
34.312,-0.0025710233103509233
34.316,-0.0009158827314367959
34.32,0.014759088329947389
34.324,0.00034481745910449387
34.328,-0.012325309107346128
34.332,-0.011936543077272209
34.336,0.0014079400199684617
34.34,-0.011283351265205474
34.344,-0.015615447302236761
34.348,0.006360594208875277
34.352,0.006848571991148073
34.356,-0.003678921296921623
34.36,0.0029382478778502753
34.364,0.001882331899335555
34.368,0.006024945805732502
34.372,0.006048014717277901
34.376,-0.026057506078423134
34.38,-0.0024046477928770646
34.384,0.005179476473430827
34.388,-0.004103813041546331
34.392,0.000363533014420249
34.396,0.007510122776203796
34.4,0.00081568290255729
34.404,0.01509217498800476
34.408,0.011295447763708933
34.412,-0.001136461337641972
34.416,-0.001888301133863917
34.42,-0.02833489414894608
34.424,-0.0029652751429586057
34.428,-0.013012467099477466
34.432,0.0030923415444327616
34.436,0.0029798315056784284
34.44,0.009290866147032777
34.444,0.017620544298116894
34.448,0.005316802265726065
34.452,0.031108837692240994
34.456,0.01437299515440955
34.46,0.003936047990773113
34.464,0.01786467289087507
34.468,0.027826477636039865
34.472,0.04724424578884173
34.476,0.04327617512921065
34.48,0.06265193067481353
34.484,0.07798677717820772
34.488,0.08961320558295968
34.492,0.11653481723175839
34.496,0.12818378464013272
34.5,0.14497320213433074
34.504,0.13893870429114594
34.508,0.15997888119980605
34.512,0.13635754939819583
34.516,0.13434225188364163
34.52,0.13063538772794786
34.524,0.1341375511837291
34.528,0.13469390322003466
34.532,0.10340133040902977
34.536,0.0903720531771019
34.54,0.07846885862436301
34.544,0.07233322954175371
34.548,0.04885322539728754
34.552,0.0367561973950473
34.556,0.01874516068439952
34.56,0.0182925132345694
34.564,0.02922530323452634
34.568,0.013272146545953649
34.572,0.0011385344039493619
34.576,0.018107640981643244
34.58,-0.0020821953494053374
34.584,0.016610404904092105
34.588,0.015538823181261811
34.592,0.0014731513597193815
34.596,-0.014444779193903164
34.6,0.023207134462145368
34.604,0.004048382623277534
34.608,-0.003142552498933948
34.612,0.009612766378048343
34.616,0.0070498357313295715
34.62,0.013122822957842437
34.624,-0.006618121928622088
34.628,0.0031791869067205694
34.632,-0.011904673604095872
34.636,0.006445602398248649
34.64,-0.001085139402221398
34.644,-4.812613309743922e-05
34.648,-0.009596640112227373
34.652,-0.02222927558800893
34.656,-0.04941773973973812
34.66,-0.06377301373082321
34.664,-0.09244898795611259
34.668,-0.14207394334133494
34.672,-0.14073475798722349
34.676,-0.12421361645366358
34.68,-0.08242439944942907
34.684,-0.025629329723130024
34.688,0.07643444969034668
34.692,0.21570564723539162
34.696,0.37446419090947464
34.7,0.6102474022437564
34.704,0.7970476997137589
34.708,0.9415662611726979
34.712,0.9778945307742246
34.716,0.9310650677673427
34.72,0.8056506909566207
34.724,0.6287403007286778
34.728,0.3971638627736416
34.732,0.23013641560802658
34.736,0.06589695193609169
34.74,-0.05143981899658676
34.744,-0.13778341894572285
34.748,-0.22134584966442022
34.752,-0.25280830156459577
34.756,-0.21658629672355617
34.76,-0.18272586530073776
34.764,-0.11267581379692633
34.768,-0.0777923143548677
34.772,-0.020529225695348048
34.776,-0.01149439620179325
34.78,-0.00042150904119293495
34.784,0.00027771277497251287
34.788,-0.004761843499940991
34.792,0.000811949130641381
34.796,-0.0032416973101441716
34.8,0.011154326650553489
34.804,-1.3364897647076546e-05
34.808,-0.012374945049829923
34.812,-0.013490177548538925
34.816,-0.013079349717329988
34.82,0.011453834814929174
34.824,-0.00491521753361167
34.828,0.011206920379529469
34.832,0.011503871784837506
34.836,0.011798091969400279
34.84,0.019563816193315924
34.844,0.01998013896870746
34.848,-0.0049431827706747505
34.852,0.02327192444804455
34.856,0.0357666498769844
34.86,0.05363276724013166
34.864,0.0605643644118315
34.868,0.037335234702377575
34.872,0.055565663881310186
34.876,0.052347390596231884
34.88,0.09300833041804804
34.884,0.09858350243981703
34.888,0.10342122385643296
34.892,0.11380153063469872
34.896,0.1388650181600252
34.9,0.15068847262487348
34.904,0.1641534654618777
34.908,0.17147989476523082
34.912,0.17794377574998269
34.916,0.2036357054671918
34.92,0.21846635432194106
34.924,0.22235075829885617
34.928,0.23409576153195114
34.932,0.2614812760104016
34.936,0.27831093898557624
34.94,0.2644819049708851
34.944,0.27825066955513394
34.948,0.2917435265626738
34.952,0.29875533911515356
34.956,0.2925201219128591
34.96,0.3185595925826532
34.964,0.3040142845150813
34.968,0.30326313680669736
34.972,0.31181636223257314
34.976,0.2842080173999302
34.98,0.28058215933996666
34.984,0.26013162103969034
34.988,0.26072984852799375
34.992,0.23612338268005012
34.996,0.24601762529306034
35.0,0.22943926348971835
35.004,0.20855349236687853
35.008,0.19599963460078823
35.012,0.19009700123226847
35.016,0.15659490650533187
35.02,0.1556357761647681
35.024,0.14656190587513485
35.028,0.10818878776871135
35.032,0.11989635079773715
35.036,0.08402864114015683
35.04,0.08807601769392369
35.044,0.06691279372647944
35.048,0.08299695627294401
35.052,0.0481061912937864
35.056,0.03501878844934624
35.06,0.04552859948488691
35.064,0.033532194535483326
35.068,0.0168560986161168
35.072,0.03210379234750999
35.076,0.0025314811123766344
35.08,0.008286047950986085
35.084,0.00964205782497588
35.088,0.020649048065023032
35.092,0.023245516215950106
35.096,0.019361321825727966
35.1,0.005172664038930887
35.104,-0.018912120294278904
35.108,0.008167270752416151
35.112,0.018067291745748226
35.116,0.014974354501083127
35.12,0.006684053725946511
35.124,-0.01030413784288869
35.128,-0.004029070890580906
35.132,0.020273856952900855
35.136,-0.013456532537712316
35.14,-0.010941964741403572
35.144,0.00982781579329564
35.148,-0.004011818470510692
35.152,-0.011595599745026506
35.156,0.015442995423677162
35.16,0.004729916756495787
35.164,-0.0037313207543453056
35.168,-0.011395185061694993
35.172,0.020518928432545963
35.176,-0.00021255327453211913
35.18,0.013995910453948776
35.184,0.008952254221658263
35.188,-0.0051978891045066315
35.192,-0.005121683793209394
35.196,0.0144684814875231
35.2,0.014628829989026119
35.204,-0.018766667552309192
35.208,0.005499492207102139
35.212,-0.001211005207053095
35.216,-0.01033245208246848
35.22,0.002618016524296173
35.224,-0.013495512422728163
35.228,-0.004664051728282229
35.232,-0.00798395783814637
35.236,-0.0049964256936349824
35.24,-0.00071175052952378
35.244,-0.01014944380314263
35.248,0.01574434664203851
35.252,0.0049575991380991285
35.256,0.017993289191655555
35.26,-0.0015113824258910938
35.264,-0.005324361326557603
35.268,0.017875705600060098
35.272,-0.005273966998081537
35.276,-0.0009247889356373943
35.28,0.008617242213613962
35.284,-0.010097304308000071
35.288,0.010689259128206388
35.292,0.011301450562158716
35.296,0.020842180691327615
35.3,0.02073783796447533
35.304,0.029760544627366416
35.308,0.022027796220335665
35.312,0.022491553907571418
35.316,0.061903514221845986
35.32,0.036884331827445035
35.324,0.050704891786762754
35.328,0.08454511367234632
35.332,0.1096301378209992
35.336,0.10962864950588803
35.34,0.13114363056944883
35.344,0.11283761739324273
35.348,0.1368855299239151
35.352,0.12901701882138514
35.356,0.1577902242781551
35.36,0.1329289457620911
35.364,0.13034373925152934
35.368,0.13968192698993048
35.372,0.13389736878876415
35.376,0.10851462890719289
35.38,0.10155372000724622
35.384,0.08671336545654616
35.388,0.06511876520624196
35.392,0.04328849332648221
35.396,0.04826848916692744
35.4,0.03877592576559476
35.404,0.03331304617253014
35.408,0.02085752384665431
35.412,0.0008964323014386596
35.416,0.015602323745247476
35.42,0.005848689695368255
35.424,-0.0009762956608520301
35.428,-0.0004805235855679154
35.432,-0.005363610805189995
35.436,0.00982464784670499
35.44,-0.013626009205197947
35.444,-0.009614002822973368
35.448,-0.0031069686804122243
35.452,0.01623676888582308
35.456,0.010595932764476417
35.46,-0.01638070865833944
35.464,0.013527397950912928
35.468,0.01349992492869558
35.472,-0.011744777243649786
35.476,-0.02525688512521271
35.48,-0.0009249204463927453
35.484,0.01042109971631657
35.488,0.013208645767149967
35.492,-0.016463243328634334
35.496,-0.0014310927510682511
35.5,-0.061736459153540146
35.504,-0.07365843619457382
35.508,-0.10980955556123687
35.512,-0.12390914262224954
35.516,-0.13341426191350206
35.52,-0.12054176926991142
35.524,-0.0988928655350722
35.528,-0.005887779340742258
35.532,0.0889020644130627
35.536,0.19932063321282678
35.54,0.3659033758491233
35.544,0.5964498041786578
35.548,0.7826296792755176
35.552,0.9235621433940582
35.556,0.9973868747652863
35.56,0.9578488469756666
35.564,0.8135191110113424
35.568,0.6036960713244861
35.572,0.43271151605153335
35.576,0.23977014194235796
35.58,0.07403999693338834
35.584,-0.04949394646869035
35.588,-0.14214862268382858
35.592,-0.22670383382334913
35.596,-0.24233823031439677
35.6,-0.24571742565710206
35.604,-0.18668387643472273
35.608,-0.13816119725320447
35.612,-0.08435720863510114
35.616,-0.01951938671733615
35.62,-0.014336475247020076
35.624,-0.002990248568336714
35.628,-0.021260364856448277
35.632,-0.005715962596474757
35.636,0.005421492677912208
35.64,0.003108490825461837
35.644,-0.02000147208482664
35.648,0.004063618717114005
35.652,0.006224511116197191
35.656,0.016102906945567586
35.66,-0.0024123216684756223
35.664,-0.01720517333271033
35.668,-0.003439176892728932
35.672,-0.0028506827195443722
35.676,0.017402003116342598
35.68,-0.01484501548133734
35.684,0.010551107283537035
35.688,0.032484941154799316
35.692,0.022028280271718968
35.696,0.03524273768107191
35.7,0.01483566406968011
35.704,0.020912177839220857
35.708,0.05773620903113305
35.712,0.05160291141194539
35.716,0.059678380507912285
35.72,0.05636775494470728
35.724,0.07831614844740001
35.728,0.07645347583512829
35.732,0.11120293934525158
35.736,0.1388017196535658
35.74,0.1292489449208234
35.744,0.1315497513487098
35.748,0.12653986756854155
35.752,0.1493586426838071
35.756,0.19626989090234112
35.76,0.1849618691812469
35.764,0.20590077071594698
35.768,0.23013760669270245
35.772,0.25179276924200955
35.776,0.24755861898628095
35.78,0.25708416344940554
35.784,0.27221721167203844
35.788,0.2742057759122702
35.792,0.28217366303972524
35.796,0.2977717570550742
35.8,0.29945071840859605
35.804,0.32098764896235155
35.808,0.3042232317356486
35.812,0.30959557934393256
35.816,0.28374032993485065
35.82,0.29426243956111525
35.824,0.27462964196511785
35.828,0.2770858881224966
35.832,0.2698701754813152
35.836,0.252098904080882
35.84,0.26324590224682143
35.844,0.24018827028100065
35.848,0.22379109476279993
35.852,0.20535625562785584
35.856,0.20083073134783366
35.86,0.1542940459472135
35.864,0.16799550770913774
35.868,0.13033321266052847
35.872,0.12102085343525672
35.876,0.11928217418567483
35.88,0.11368711891104027
35.884,0.07826312801707976
35.888,0.07392742651656825
35.892,0.07012415565271575
35.896,0.05823607799863625
35.9,0.0604419277786843
35.904,0.07889510597947479
35.908,0.042164799156789196
35.912,0.02481637038897087
35.916,0.014113059119163706
35.92,0.01939545124947529
35.924,0.009419294065834815
35.928,0.020217709809862247
35.932,0.01727241811434554
35.936,0.005764599691210094
35.94,0.02827108829256013
35.944,-0.0005761024901038301
35.948,0.004226693315203375
35.952,0.010699417946444122
35.956,0.012321889319495901
35.96,0.015444258118516772
35.964,0.00636515249127677
35.968,0.012120364325459213
35.972,-0.00541103795016797
35.976,0.010129096201610994
35.98,0.009767823988070528
35.984,0.015672858875820993
35.988,-0.016276273467793312
35.992,-0.008767650032742165
35.996,0.008456694993942006
36.0,-0.02634785646381527
36.004,0.005041287693092377
36.008,0.010686120300426845
36.012,-0.005700169505947432
36.016,-0.004256291561190429
36.02,-0.01070886671423272
36.024,-0.005192449582765687
36.028,-0.00490948309238105
36.032,-0.006817078524794171
36.036,-0.0073688923001012695
36.04,-0.0027045647338310415
36.044,-0.002827195292246127
36.048,0.018744140389388694
36.052,-0.003939497649829828
36.056,0.003444047740453764
36.06,-0.00576509382988341
36.064,-0.0058892846885087585
36.068,-0.01703088411965393
36.072,-0.015688783881371727
36.076,-0.01202236517514538
36.08,0.0019261551459901919
36.084,0.010924773365085582
36.088,-0.01757601157561859
36.092,-0.004985694176987336
36.096,-0.012813310181734561
36.1,-0.0012299928255691186
36.104,0.0130315554136734
36.108,-0.0009015468260899148
36.112,0.004979800554211838
36.116,0.022683025309610194
36.12,0.016391732524510434
36.124,0.009127388742736414
36.128,0.02467979652423353
36.132,0.022791712248517185
36.136,0.044947567996512144
36.14,0.05723454952671294
36.144,0.051220654425607075
36.148,0.08056255936685074
36.152,0.09212039411716866
36.156,0.11309877122172815
36.16,0.12939074345967108
36.164,0.1375094278388466
36.168,0.1388051826309779
36.172,0.15706599350034367
36.176,0.1412535337694188
36.18,0.1352160847716077
36.184,0.11120959289786761
36.188,0.13389829903552608
36.192,0.11513510219561307
36.196,0.11416197724513885
36.2,0.07622367834426441
36.204,0.07494699698091174
36.208,0.0720546031408325
36.212,0.04400881374357184
36.216,0.046774749184138334
36.22,0.02712753905432573
36.224,0.02408775225080364
36.228,0.02372238779518282
36.232,0.022135349266778827
36.236,0.009643077646108509
36.24,-0.0022637715872657425
36.244,-0.0007196526445872567
36.248,0.008841938003159416
36.252,-0.008669258642357229
36.256,-0.000841691143634808
36.26,-0.003301980989555014
36.264,-0.0007117184455019334
36.268,-0.009911450753102683
36.272,-0.018419830996151805
36.276,0.005260749827455427
36.28,0.009669120427611935
36.284,-0.01790776418920564
36.288,0.0036950273753865687
36.292,0.010827232044010626
36.296,0.005917223023522845
36.3,-0.004367698658642456
36.304,-0.010232114308748593
36.308,-0.0018765109173254435
36.312,-0.005233547334135729
36.316,-0.017903790232237902
36.32,-0.04110955671324768
36.324,-0.08060513784174884
36.328,-0.10120835513485704
36.332,-0.13059427235099427
36.336,-0.14439958827010102
36.34,-0.12915194659665366
36.344,-0.06893028894300472
36.348,-0.0212424380673089
36.352,0.09596713435011213
36.356,0.2078175302529226
36.36,0.3965745513409095
36.364,0.5972140343889982
36.368,0.7804394743291948
36.372,0.9523668043730771
36.376,1.0041026027720585
36.38,0.9459981957538878
36.384,0.8116191049573115
36.388,0.6317415535932838
36.392,0.42423369404668976
36.396,0.2201222870655486
36.4,0.07679472066555272
36.404,-0.04386203330023296
36.408,-0.15032169286177977
36.412,-0.1915312324138661
36.416,-0.24318095991750122
36.42,-0.23321639688470197
36.424,-0.17439753202203118
36.428,-0.13046895634981254
36.432,-0.06336827491124569
36.436,-0.052819204631584044
36.44,-0.019549270109409808
36.444,0.005390740600093635
36.448,0.014542319612534925
36.452,-0.007483597960169584
36.456,-0.00809115641479308
36.46,0.006839584739063134
36.464,-0.0046938602086391105
36.468,-0.0006964628233479689
36.472,0.011319319511051371
36.476,-0.00218027575935055
36.48,-0.015519872168530305
36.484,-0.007802197722916676
36.488,0.00661973179644602
36.492,-0.010524354850219348
36.496,0.00705121040877143
36.5,-0.0016130169638224699
36.504,0.031417045606469816
36.508,0.0398584569973615
36.512,0.011350958462359059
36.516,0.02882032859993951
36.52,0.021618860470779985
36.524,0.033803946492753076
36.528,0.061359021131447256
36.532,0.04587971120792415
36.536,0.05573623939182952
36.54,0.05807002378715355
36.544,0.08871132135674484
36.548,0.0552164533590914
36.552,0.09483792576567822
36.556,0.11099195646375025
36.56,0.11772238089609907
36.564,0.14645511057606564
36.568,0.16381471970521383
36.572,0.15199929916341257
36.576,0.2015719355285842
36.58,0.1809374502114007
36.584,0.22241327694566868
36.588,0.2250032720026157
36.592,0.23185752802769646
36.596,0.24539072244178267
36.6,0.26073202137449814
36.604,0.27352901756696624
36.608,0.2712329725444452
36.612,0.2855342132514241
36.616,0.28591809341975605
36.62,0.285429812804397
36.624,0.291491956007878
36.628,0.2883395714824949
36.632,0.29389815852019424
36.636,0.29880422694004305
36.64,0.29025448147544436
36.644,0.30164894772927275
36.648,0.25108155796175213
36.652,0.26774087710348243
36.656,0.2517334702865952
36.66,0.24740384735212942
36.664,0.2331518584289047
36.668,0.21045046921797575
36.672,0.1995234591897012
36.676,0.17584063462297697
36.68,0.17488430963590493
36.684,0.13558626446760605
36.688,0.14809396664807342
36.692,0.12650949716667176
36.696,0.10887092827875453
36.7,0.0990986988493591
36.704,0.0882714924876762
36.708,0.09208567650642005
36.712,0.1015386098191367
36.716,0.0723483350495265
36.72,0.04629335597383463
36.724,0.05087391776543861
36.728,0.04474062509955169
36.732,0.02294819860664232
36.736,0.014497644160789455
36.74,0.022039016855627837
36.744,0.02691937543091024
36.748,-0.0005583613828552565
36.752,0.005558062000456672
36.756,0.016135281667049427
36.76,0.00884919821693243
36.764,0.020949748242838014
36.768,-0.008685558676902357
36.772,0.027835251755020073
36.776,-0.011973869607877557
36.78,-0.01761934667276414
36.784,0.0014940974091891546
36.788,-0.009730939485717368
36.792,0.0008543898061848297
36.796,0.00021249797078517986
36.8,-0.0012360506406696933
36.804,-0.007879222996401623
36.808,0.004735334663785174
36.812,-0.0028686669009107026
36.816,0.01126232980273617
36.82,-0.001637636776208792
36.824,-0.009525026310716925
36.828,-0.01678886495066715
36.832,-0.001657390266351433
36.836,-0.012646348860815539
36.84,-0.013467047914579615
36.844,0.005297639849429736
36.848,-0.017760468758733244
36.852,0.01413328317112991
36.856,0.0016050489282491444
36.86,-0.0004329825879682932
36.864,-0.010343923978079525
36.868,0.007646272765456271
36.872,-2.7312642849823746e-05
36.876,-0.006859773454107851
36.88,0.0019991025666664386
36.884,-0.01682715186401981
36.888,-0.016352504473491902
36.892,-0.011200691699278686
36.896,0.0034974619781257595
36.9,-2.8185330037343516e-05
36.904,0.01049868604860207
36.908,-0.00918219004976226
36.912,0.005781157194485186
36.916,-0.0010732059671489304
36.92,-0.00930912828073815
36.924,0.004072145229677149
36.928,-0.0002745412394875375
36.932,-0.005629691448833072
36.936,0.0015261883092211018
36.94,0.0005077877803185767
36.944,0.00132785944622659
36.948,0.0003105104746717706
36.952,-0.006352698632958759
36.956,0.010600920153627185
36.96,0.006103957557300343
36.964,0.009550657904261253
36.968,0.02450920501562068
36.972,0.043088598162406136
36.976,0.04813469557975622
36.98,0.05308496160354598
36.984,0.06611128996852547
36.988,0.09246630281697125
36.992,0.07665550205429035
36.996,0.1225858931187658
37.0,0.10850680669535244
37.004,0.12354971617951097
37.008,0.140110789749146
37.012,0.17104567924269506
37.016,0.16644383407541732
37.02,0.15326927651732042
37.024,0.14277503652718165
37.028,0.11057650400091928
37.032,0.11844563784979603
37.036,0.09756726548951208
37.04,0.08041112517968001
37.044,0.07575489381373103
37.048,0.05588507689364557
37.052,0.0569242368233637
37.056,0.018059584878439026
37.06,0.029047157075468212
37.064,0.012066921508452884
37.068,0.010889509962765102
37.072,0.013541094747070676
37.076,-0.0040091539160365414
37.08,0.00640892081761904
37.084,0.0009679692467206265
37.088,-0.004651663622721743
37.092,-0.0035015932601412327
37.096,-0.0008223165393029993
37.1,-0.007254987607926748
37.104,0.000312534111614276
37.108,-0.002647393917245583
37.112,-0.006039976842388281
37.116,0.0159369126542182
37.12,0.004172170040618912
37.124,-0.003817638263555875
37.128,0.0014602171190226272
37.132,-0.010285080310120166
37.136,-0.004463049928838042
37.14,-0.003612788644849975
37.144,-0.013971640524593352
37.148,-0.0007986222912297635
37.152,-0.01742485834462997
37.156,-0.031454377940073705
37.16,-0.05930163697036707
37.164,-0.058146855264884084
37.168,-0.12873886772026208
37.172,-0.16465595466813632
37.176,-0.15787391146829724
37.18,-0.10354136263938438
37.184,-0.039788852846807214
37.188,0.02408224650284708
37.192,0.15802466007366195
37.196,0.30407468243054175
37.2,0.4822113978622507
37.204,0.6854394291371745
37.208,0.8710229122415252
37.212,0.9897877781487359
37.216,0.9942641116760298
37.22,0.8872660380851484
37.224,0.7189884502607166
37.228,0.5351653330350223
37.232,0.32050760377049403
37.236,0.15830960909205155
37.24,0.017641549936884937
37.244,-0.0965874981715028
37.248,-0.18380707474166652
37.252,-0.22697318744234787
37.256,-0.2369267587284294
37.26,-0.20956868447613997
37.264,-0.1634328339457022
37.268,-0.0943077757440086
37.272,-0.05304230888982998
37.276,-0.02677427527999506
37.28,0.017830577801671618
37.284,-0.01801503947443136
37.288,0.009316148189154529
37.292,-0.008045314739415029
37.296,0.002306155385355714
37.3,0.027031367491167614
37.304,-0.007870602684199673
37.308,-0.004978896410755723
37.312,0.002717851188748905
37.316,-0.0047924420785358315
37.32,0.013491101199720107
37.324,0.0004946814752421706
37.328,0.013826939830377742
37.332,-0.004257719609945851
37.336,-0.006939273602642043
37.34,0.011332364004604212
37.344,0.0008824659253957728
37.348,0.035203843056015385
37.352,0.008742303895772201
37.356,0.01830534096068904
37.36,0.03813824781431323
37.364,0.03418779850335182
37.368,0.03169223995068483
37.372,0.07491334789173978
37.376,0.052974919876494025
37.38,0.07036024456362955
37.384,0.08041510769568856
37.388,0.10062795576606855
37.392,0.1099611972954001
37.396,0.10961761904375861
37.4,0.12782839737084556
37.404,0.1425668376483197
37.408,0.16649628669247848
37.412,0.16176690329309457
37.416,0.20817958432946476
37.42,0.1948753184964944
37.424,0.21657080528606498
37.428,0.21876516062735352
37.432,0.23039476658016758
37.436,0.24673793891803317
37.44,0.25677408239593613
37.444,0.27203400140333833
37.448,0.27461106280100533
37.452,0.2979569006080925
37.456,0.28802584724628755
37.46,0.28993390259678414
37.464,0.2960633807477179
37.468,0.3091256714716558
37.472,0.29864868389172944
37.476,0.2909554966381592
37.48,0.27131019863403016
37.484,0.2662554033285914
37.488,0.2554398122662732
37.492,0.27050316565021365
37.496,0.25080876365512794
37.5,0.22401479283409814
37.504,0.21338378298105706
37.508,0.19665099682174642
37.512,0.18160951585839785
37.516,0.18052289053240086
37.52,0.15857091801670142
37.524,0.16802993764859214
37.528,0.1458913136313464
37.532,0.13318028459662995
37.536,0.1141337029230254
37.54,0.09125098552033277
37.544,0.09029926834517589
37.548,0.07050530239740195
37.552,0.08081937575093973
37.556,0.05993732724075038
37.56,0.05073939248786178
37.564,0.04242608632848282
37.568,0.05237991805953926
37.572,0.01519943863396692
37.576,0.04316656248727049
37.58,0.018801145214056982
37.584,0.0030555274231469625
37.588,0.0065672206219156756
37.592,-0.004984892049127184
37.596,0.015900866651234316
37.6,-0.002821590491050665
37.604,0.0077532388549897205
37.608,0.016178402161213655
37.612,-0.002889346265554443
37.616,0.0003340343134059314
37.62,-0.010675775863179221
37.624,-0.0020513827925117303
37.628,0.027154847611064674
37.632,0.008864568891140834
37.636,-0.0018200618404107792
37.64,-0.0054903222732368955
37.644,4.519724783744742e-05
37.648,0.0016531056894155596
37.652,-0.003928715840254508
37.656,0.005494002802604794
37.66,-0.00939259790580482
37.664,-0.0094804664838667
37.668,0.003776846642555187
37.672,-0.011632525007134747
37.676,0.007328706326874584
37.68,-0.00011542976294473279
37.684,-0.018259766691079343
37.688,0.001108546525675892
37.692,-0.016842018800217785
37.696,0.0069401630348595285
37.7,-0.0024826395672072634
37.704,0.01851392562172492
37.708,0.010715233898031166
37.712,-0.010605477664374422
37.716,-0.020206365702716018
37.72,-0.007550180559306441
37.724,-0.012211711724373166
37.728,0.018258665534304892
37.732,-0.000100790100446774
37.736,0.009338878450453681
37.74,-0.002840867005849199
37.744,-0.0017779285791719075
37.748,-0.0002898579184533619
37.752,0.01113441260650039
37.756,0.0032438150973853642
37.76,-0.010343488306184917
37.764,0.016628832576346522
37.768,-0.0022370533092730257
37.772,-0.0034019636519267583
37.776,-0.02641928800213101
37.78,0.009317855129943275
37.784,0.005605750904977868
37.788,0.007921562132742817
37.792,0.006135154509731611
37.796,0.00879267812452511
37.8,0.01659325337548645
37.804,0.032218094045478714
37.808,0.042951745431520055
37.812,0.044918988622952814
37.816,0.06895859341074581
37.82,0.07219884807170283
37.824,0.08227493099044514
37.828,0.10380264326578582
37.832,0.10213336828131006
37.836,0.13053855716086896
37.84,0.12303029672178373
37.844,0.13545465918890906
37.848,0.12933053673638958
37.852,0.14777290265207993
37.856,0.16184762786981544
37.86,0.13731201061825546
37.864,0.13468697799940837
37.868,0.13929650439943927
37.872,0.10590865629199897
37.876,0.07971535699069722
37.88,0.0667614033428025
37.884,0.05952058747898608
37.888,0.040940113302224634
37.892,0.031013713501550154
37.896,0.037467136421229896
37.9,0.0305730948492714
37.904,-0.0019066671635898456
37.908,0.001994766485959013
37.912,0.0022917709499678893
37.916,0.010593234394272094
37.92,0.014409227313889305
37.924,0.028898519238432566
37.928,-0.0035015037305756148
37.932,-0.003464932470654167
37.936,0.006290156030177648
37.94,-0.006591866243016253
37.944,-0.0012817976177537005
37.948,-0.004081231931634792
37.952,-0.026180082822496543
37.956,0.001251004687082921
37.96,-0.0018147769793111523
37.964,0.012713095058864024
37.968,3.4988848368759796e-05
37.972,-0.012655943450529356
37.976,-0.003042743565408735
37.98,-0.022573479138033765
37.984,-0.017206759235883762
37.988,-0.006961261014727974
37.992,-0.03211280345518001
37.996,-0.04697708992832679
38.0,-0.11041611339895145
38.004,-0.12702014538907982
38.008,-0.14958145250406285
38.012,-0.13085872179752397
38.016,-0.10058134687814103
38.02,-0.04074634786957064
38.024,0.054577984216319556
38.028,0.1526710727145686
38.032,0.32436414581203865
38.036,0.4904368008874038
38.04,0.6938295742396462
38.044,0.8892997037392105
38.048,0.9709187978430935
38.052,0.9918260570844266
38.056,0.8829921865614481
38.06,0.7149372487152907
38.064,0.49758955204961924
38.068,0.30330356648042084
38.072,0.14215616948959803
38.076,-0.004596276306775799
38.08,-0.11457075404361508
38.084,-0.18586741961638079
38.088,-0.23861400565441096
38.092,-0.2469123920778641
38.096,-0.20901344526944915
38.1,-0.13552114180219313
38.104,-0.09817062830035664
38.108,-0.05405970524292588
38.112,-0.03908186217766754
38.116,-0.008606726768268564
38.12,0.004245770591173401
38.124,0.008199449939425806
38.128,0.0017065017905546179
38.132,0.01058155474442747
38.136,0.008688753995355358
38.14,0.012920580506391855
38.144,0.012150377441837473
38.148,0.01865200232554998
38.152,0.00205613220066097
38.156,-0.008529884753450203
38.16,0.012587209807001076
38.164,0.015225732191260078
38.168,0.024894560985982497
38.172,0.024133550183318593
38.176,0.0333040879103622
38.18,0.02303337621121035
38.184,0.02262143580986275
38.188,0.010552348899249036
38.192,0.03217937577195355
38.196,0.028952041733413522
38.2,0.0427044490483236
38.204,0.048025520793554745
38.208,0.059904358728333065
38.212,0.06276201418875699
38.216,0.0824883413543201
38.22,0.056161179353466414
38.224,0.09637841881739058
38.228,0.11837996501104703
38.232,0.1376613125719626
38.236,0.13953143281960206
38.24,0.16285025788301125
38.244,0.16189007068590514
38.248,0.17468815682252464
38.252,0.19450266239438863
38.256,0.2036298386695832
38.26,0.20999701811098526
38.264,0.22632513217260708
38.268,0.2332998983805143
38.272,0.26172639921225554
38.276,0.2674525232979242
38.28,0.27331671079438796
38.284,0.2793471280092877
38.288,0.2965241099590841
38.292,0.30398239240528224
38.296,0.28773308086497396
38.3,0.28712315042958064
38.304,0.3085899417616848
38.308,0.2824396944430634
38.312,0.2969677768939244
38.316,0.3012083017918374
38.32,0.2931425794489178
38.324,0.27475284989544657
38.328,0.2635704735531286
38.332,0.2669838015980566
38.336,0.20817971094669854
38.34,0.21322547119032378
38.344,0.21219631028538455
38.348,0.18588591600381488
38.352,0.187107596416892
38.356,0.1598568381049086
38.36,0.14736736575266432
38.364,0.12951192002169878
38.368,0.11378050483443686
38.372,0.10092636447270717
38.376,0.09722990129210236
38.38,0.0756840106234284
38.384,0.08270420409701879
38.388,0.07029863508786681
38.392,0.06620929927245177
38.396,0.03621638352617043
38.4,0.023617057892747328
38.404,0.034455071630134865
38.408,0.058103817776879056
38.412,0.03707940134527833
38.416,0.014801927391083922
38.42,0.021091144172006686
38.424,0.021134741917074255
38.428,-0.0023552117697093946
38.432,0.022897586566114056
38.436,0.005751547266114865
38.44,0.005047826804360174
38.444,0.004982322722541542
38.448,0.015201542360665954
38.452,-0.004597103735326636
38.456,-0.014760238886258598
38.46,0.0050231538824814185
38.464,-0.01905249986942745
38.468,-0.001949785963786194
38.472,0.012677269674846944
38.476,0.006402995699971081
38.48,0.010883933154724147
38.484,0.006547584300551
38.488,0.024358854002003303
38.492,-0.0056938640129668905
38.496,0.004119541414962601
38.5,-0.004280510200629248
38.504,0.009640899121310732
38.508,-0.0005633274366118901
38.512,0.01722591070063713
38.516,-0.005281558897435578
38.52,0.014090033157811332
38.524,0.005944552428337108
38.528,-0.00031544569666224707
38.532,0.005430767121095615
38.536,0.0026170076486593395
38.54,0.003562531570879992
38.544,-0.0020666768519550633
38.548,-0.007014494924807824
38.552,-0.003349736125721688
38.556,-0.01683069938909089
38.56,0.008420209693286747
38.564,-0.012350652436916397
38.568,-0.00217472382603326
38.572,0.0064839050571684044
38.576,0.008400959459808597
38.58,-0.017732508014432057
38.584,-0.0008909806539889512
38.588,0.004650137598813573
38.592,0.0006186132510996097
38.596,0.013620085694248506
38.6,-0.007899638308788134
38.604,-0.01993928425723577
38.608,0.009033025155361816
38.612,-0.003841966336007637
38.616,-0.01513485107295261
38.62,0.0022434182315054776
38.624,0.01813579421540021
38.628,-0.0039785099349420195
38.632,0.03588078465332732
38.636,0.009278726411922542
38.64,0.025142335599282438
38.644,0.020330212417223693
38.648,0.04288926114083509
38.652,0.05273049668095615
38.656,0.0521935048715458
38.66,0.1093987165214923
38.664,0.09070194913183531
38.668,0.10497188469823646
38.672,0.13280190667916936
38.676,0.15254794743811007
38.68,0.15429092952276643
38.684,0.1363420209283191
38.688,0.1521292765872655
38.692,0.12899804314919924
38.696,0.15100034214099015
38.7,0.11658562509033508
38.704,0.11329007549402058
38.708,0.1078910548064885
38.712,0.09802742007999843
38.716,0.0764784177606213
38.72,0.08034315788188359
38.724,0.0595481570652069
38.728,0.04739379295090608
38.732,0.018944050358642085
38.736,0.040222805873578876
38.74,0.008806312744960436
38.744,0.029270761351186378
38.748,0.028413607870510386
38.752,0.010625123960033334
38.756,0.013917690658793634
38.76,-0.02853490285895831
38.764,-0.000523850253524382
38.768,0.01188578387730008
38.772,0.009755449261626277
38.776,-0.011903444969957008
38.78,-0.0027723714671381954
38.784,-0.025273494063780513
38.788,0.0041779914106050975
38.792,-0.018808334685855452
38.796,0.011317195304925523
38.8,0.011831786379184946
38.804,-0.004751293929452859
38.808,0.005157774922665901
38.812,-0.0024252559191312198
38.816,0.0014374848313482714
38.82,-0.014695304860107979
38.824,-0.0027889993179675285
38.828,-0.03789405954133519
38.832,-0.061918797859283864
38.836,-0.07665757354822555
38.84,-0.11314096323490894
38.844,-0.13596677450514202
38.848,-0.1522493771656572
38.852,-0.10605072590727624
38.856,-0.07437798238865419
38.86,0.001275211655708577
38.864,0.1040500105253594
38.868,0.2502471109913307
38.872,0.4221665396167148
38.876,0.6226564137866536
38.88,0.8198695667914474
38.884,0.9347625710161951
38.888,0.9817098963993625
38.892,0.937016302569222
38.896,0.7842804128269097
38.9,0.5925090121594891
38.904,0.38332246081406834
38.908,0.20959007033566512
38.912,0.04382091095020003
38.916,-0.06382064231045745
38.92,-0.17225103813028464
38.924,-0.21909819750274295
38.928,-0.2650655546583699
38.932,-0.22341174944965914
38.936,-0.19165608174375398
38.94,-0.12117401004907627
38.944,-0.05724230606546406
38.948,-0.029438461736973405
38.952,-0.029250511703386668
38.956,-0.010894066332981726
38.96,-0.01583466925804022
38.964,-0.01657555716959354
38.968,0.0020466566840951113
38.972,0.006824804539667235
38.976,0.006009495799769895
38.98,0.008099067726434336
38.984,0.0025404756881669834
38.988,0.0006564157173757886
38.992,-0.006436485788140367
38.996,0.0010035820898092246
39.0,-0.006455315106254892
39.004,-5.4488183362264714e-05
39.008,0.011256363590011203
39.012,0.011539442668576412
39.016,0.04614854665487938
39.02,0.005315879214739586
39.024,0.021341255280808512
39.028,0.012776510968013815
39.032,0.028216859407199382
39.036,0.03441704823740485
39.04,0.05289041735620169
39.044,0.04729963842222676
39.048,0.05806980654681317
39.052,0.06471732787883791
39.056,0.06490249283825202
39.06,0.08312676638612734
39.064,0.09737377496575512
39.068,0.11423492100868188
39.072,0.13207347917197593
39.076,0.1377122708525228
39.08,0.15157808392059638
39.084,0.15125942454609123
39.088,0.18839724866204524
39.092,0.19055869432688216
39.096,0.21929835958770663
39.1,0.23888838361519904
39.104,0.23711889740506403
39.108,0.24120523526147547
39.112,0.2626716418432546
39.116,0.2764899974032269
39.12,0.2785962053437459
39.124,0.28328474344514815
39.128,0.3000266765471805
39.132,0.30302316035702986
39.136,0.29636088254530607
39.14,0.2831459611363204
39.144,0.30220231594574365
39.148,0.28604534296001594
39.152,0.2901446134807408
39.156,0.2821050983937496
39.16,0.2527428859259879
39.164,0.26209064578830243
39.168,0.25486385784579907
39.172,0.2435177300359414
39.176,0.22494378151942923
39.18,0.19002961577644417
39.184,0.20822072842041406
39.188,0.18502871898106613
39.192,0.15436589519064825
39.196,0.14419093235916006
39.2,0.14039786234343674
39.204,0.13138634966246923
39.208,0.10681390443265193
39.212,0.10774964277772832
39.216,0.07013455848717143
39.22,0.06702181316564594
39.224,0.04703215376200976
39.228,0.049786515845061954
39.232,0.06577507014835797
39.236,0.06403432446403222
39.24,0.039359982565729965
39.244,0.024941467951755794
39.248,0.02412609040110801
39.252,0.02674403162462044
39.256,0.0026439867563573805
39.26,0.009349597876037747
39.264,0.026705068948479047
39.268,-0.0003937981080194032
39.272,0.0006533957673969379
39.276,0.006680071573969225
39.28,0.008063051678809472
39.284,-0.0020968984575243004
39.288,0.00404559282797212
39.292,0.008646939943781396
39.296,0.02161400889251764
39.3,0.0002847377465435112
39.304,0.0007765795469595015
39.308,0.0161832780435195
39.312,-0.004801847675952443
39.316,-0.01272325406140939
39.32,0.0028923944725015426
39.324,0.011052087980571664
39.328,0.0038252885167737124
39.332,-0.0008122300795065187
39.336,-0.014368572061469175
39.34,-0.0004999610081576028
39.344,0.012391935247332245
39.348,-0.012297899088292054
39.352,-0.0024166616579904864
39.356,-0.0038530500596070643
39.36,-0.006961723136922654
39.364,0.0024899324621100423
39.368,0.004440480090453731
39.372,0.004333391129877588
39.376,-0.009764587954547852
39.38,-0.01645744726915227
39.384,0.002625501500819978
39.388,-0.00505810191820798
39.392,0.018383854683094537
39.396,0.018845591772934815
39.4,0.01990724809762333
39.404,-0.009400822798645956
39.408,0.005694008829020787
39.412,0.008710028157798345
39.416,0.007584520005079215
39.42,-0.0035419514609243558
39.424,0.012795869805001917
39.428,1.338735103433482e-05
39.432,0.0012983354279089362
39.436,-0.015344634328117463
39.44,0.006511749230680353
39.444,-0.002485268953524091
39.448,0.004862582957367492
39.452,0.002729526084818963
39.456,0.0024591027345858543
39.46,0.0006303385642353696
39.464,0.009640115792420825
39.468,0.0008322386257063547
39.472,-0.010179209263658586
39.476,0.012295973283396731
39.48,0.0016387145471265813
39.484,0.000722091496511262
39.488,0.009315920580594961
39.492,0.029478959558290194
39.496,0.034454624888314876
39.5,0.024566386554882316
39.504,0.05412403073737323
39.508,0.08304316348984214
39.512,0.08110159359937869
39.516,0.09847842684471562
39.52,0.1245837755839165
39.524,0.13480335602309843
39.528,0.14760964736954535
39.532,0.11732542289056423
39.536,0.16660140165255855
39.54,0.15608552973685613
39.544,0.17099726223250505
39.548,0.13167735616925164
39.552,0.11194763773676074
39.556,0.1173987224714686
39.56,0.10079134332859306
39.564,0.09560934238938447
39.568,0.08543574913355206
39.572,0.06016800352678564
39.576,0.04622049871821198
39.58,0.042986687534366026
39.584,0.026016016555137328
39.588,0.017684480653766484
39.592,0.025533083197883135
39.596,0.023225020690826267
39.6,0.01810029308088352
39.604,0.0031528553521922307
39.608,-0.01825934700263753
39.612,0.0005037048985424401
39.616,-0.006355155637486888
39.62,-0.0005610869828978631
39.624,-0.006279568419700896
39.628,3.8949104775704696e-05
39.632,-0.010255618046726454
39.636,-0.012732761485625547
39.64,0.012266266508924937
39.644,-0.009676340075638811
39.648,1.3071936509416795e-05
39.652,0.009547082691807797
39.656,0.00912729926106425
39.66,0.007858086312505584
39.664,0.0026355314415806054
39.668,0.005797290644588999
39.672,0.009223616553614533
39.676,-0.007747121013486123
39.68,-0.04558183657316697
39.684,-0.05786003457582742
39.688,-0.07954522600259693
39.692,-0.12734339899495303
39.696,-0.1273685164835356
39.7,-0.14304365918233888
39.704,-0.11179104388418973
39.708,-0.044300636002720245
39.712,0.02575468940950971
39.716,0.14253040009552329
39.72,0.29985872554653753
39.724,0.46256464701828165
39.728,0.6783638792411076
39.732,0.8722316264926804
39.736,0.9794346399262346
39.74,1.0064623273206483
39.744,0.8830461659620322
39.748,0.7105168064797777
39.752,0.530086313178519
39.756,0.33294809935270214
39.76,0.15287657291578088
39.764,0.02047025551142016
39.768,-0.08847272620082168
39.772,-0.1906269355237926
39.776,-0.24195763271251852
39.78,-0.24265445011313985
39.784,-0.20476273886675606
39.788,-0.17020633339380165
39.792,-0.10197758274144662
39.796,-0.056089377399375376
39.8,-0.020228394979666508
39.804,-0.009376787588025681
39.808,-0.00821402642369308
39.812,0.012170457766066085
39.816,-0.004829471640852161
39.82,-0.0019387016736357565
39.824,-0.014582011190737425
39.828,-0.005398496454803168
39.832,0.007401423820054173
39.836,0.006075109051964324
39.84,0.009645295193338996
39.844,0.010123953045791863
39.848,0.02667265855239256
39.852,-0.0002456425218641525
39.856,-0.007224935223902036
39.86,0.0005460055131632259
39.864,0.006493771547936182
39.868,0.0067160585409655384
39.872,0.020831318256308025
39.876,0.03642026157516286
39.88,0.043910067467085506
39.884,0.03885246699148487
39.888,0.061245886120410355
39.892,0.04306707211254529
39.896,0.0379150360034332
39.9,0.07322067524225642
39.904,0.053605394023447744
39.908,0.07459672118034312
39.912,0.0983378676181346
39.916,0.10389955647619607
39.92,0.11553801404035753
39.924,0.11882005848531368
39.928,0.14425263836512311
39.932,0.16855591038383774
39.936,0.173155770440457
39.94,0.17920156678018104
39.944,0.18950301154425578
39.948,0.2080863979191549
39.952,0.23383237218924297
39.956,0.24638348673364596
39.96,0.24708245271364335
39.964,0.24401796117842459
39.968,0.2800701175908178
39.972,0.2751697804179623
39.976,0.2976955525812666
39.98,0.288159236002555
39.984,0.28892136155305326
39.988,0.3015181286167707
39.992,0.322832774262723
39.996,0.3041127621943601
40.0,0.2934988373879468
40.004,0.28947166131038987
40.008,0.26046758261610914
40.012,0.25734513162891554
40.016,0.23271224813276326
40.02,0.26322435620202395
40.024,0.24835592835211603
40.028,0.22342815807115562
40.032,0.20674176545050274
40.036,0.17544622229967347
40.04,0.17422154447564084
40.044,0.1798594148080566
40.048,0.1490106724368918
40.052,0.12820370942175693
40.056,0.10294735042470089
40.06,0.12164256236792713
40.064,0.09517035504409137
40.068,0.06712007966606713
40.072,0.06508837637950804
40.076,0.05204953562181941
40.08,0.054856424854310366
40.084,0.05044016028133612
40.088,0.03634687105353391
40.092,0.042945480178455536
40.096,0.03049843274011578
40.1,0.03555778861361847
40.104,0.017221144396576505
40.108,0.04768204867618583
40.112,0.008539522782034722
40.116,0.002570179106329248
40.12,-0.0008313988126578981
40.124,0.005507938286842408
40.128,-0.011082533299486354
40.132,0.007819803848930612
40.136,-0.01519131863335364
40.14,0.004656759144093808
40.144,-0.011134575400916318
40.148,-0.001964762303456013
40.152,0.007472666688212459
40.156,0.024135558122540868
40.16,-0.009945001071786787
40.164,-0.0008705998857220342
40.168,-0.006761424017797276
40.172,-0.008342564206007283
40.176,-0.006885063594585107
40.18,0.008436102942598327
40.184,-0.004737163272319359
40.188,0.022597666706842292
40.192,0.004235519094182669
40.196,-0.010045601737401778
40.2,-0.0036280717052091156
40.204,-0.007990770427829015
40.208,0.008020244359383161
40.212,-0.016374075384784945
40.216,-0.013399948750819343
40.22,-0.005908835639559458
40.224,0.0068340287819458135
40.228,0.012333724160832348
40.232,0.013807549262655603
40.236,0.005299467355221523
40.24,-0.0008278829705845893
40.244,0.007947022583039195
40.248,-0.011444295071866763
40.252,-0.018445648313595908
40.256,0.004367969102959642
40.26,-0.010053657556013564
40.264,-0.0006467398826577428
40.268,0.001208980364149388
40.272,0.0025062234326298635
40.276,0.00942603790418657
40.28,0.008410992211221564
40.284,0.0021149742196761552
40.288,-0.004126160398368263
40.292,0.0015883007327685058
40.296,-0.005097442167197935
40.3,-0.0005372788551760985
40.304,0.028477303027559745
40.308,0.005421343240519767
40.312,0.010003722942075945
40.316,0.0011406424270912364
40.32,0.02210121157489578
40.324,0.02444644700267273
40.328,0.03091126338983702
40.332,0.033397592170674784
40.336,0.0513011097386815
40.34,0.06504718590333748
40.344,0.06799945768502778
40.348,0.07795881266104764
40.352,0.10254050894778849
40.356,0.09889862142080644
40.36,0.1141576513069746
40.364,0.13241703819287193
40.368,0.1245787489332792
40.372,0.15609258096579667
40.376,0.14036137410794672
40.38,0.14363467985949574
40.384,0.14088529346152612
40.388,0.1347861795343017
40.392,0.11966016387594537
40.396,0.10922616587282304
40.4,0.09504163222893808
40.404,0.07665287629443521
40.408,0.059340168208953936
40.412,0.06486789287825301
40.416,0.02141615404284798
40.42,0.030453473617680506
40.424,0.019574343687993375
40.428,0.021838448935614607
40.432,-0.002027456703299582
40.436,0.003652196733353651
40.44,0.00480376609069521
40.444,0.014527288325258673
40.448,0.005771055281802598
40.452,-0.010306876638033272
40.456,-0.003945572681043008
40.46,0.00941128370739196
40.464,-0.011689536869657603
40.468,-0.0006072401478416212
40.472,7.163386912252128e-06
40.476,-0.0038052009701490855
40.48,0.026984946591984704
40.484,-0.004113535374874784
40.488,0.00450326452958892
40.492,-0.0076679555762838
40.496,0.005234103353084327
40.5,0.008500758568752346
40.504,-0.006698250408467677
40.508,-0.003296534371441158
40.512,-0.016819783096857978
40.516,-0.030623313715980642
40.52,-0.029470453081817033
40.524,-0.07602693717443258
40.528,-0.13028824166369077
40.532,-0.1181066876585268
40.536,-0.15438717269071572
40.54,-0.13208989651860684
40.544,-0.06811924583363424
40.548,-0.014691628340996831
40.552,0.08386318866468513
40.556,0.2059885468834748
40.56,0.37300487283649075
40.564,0.5874388199327076
40.568,0.7907559009830513
40.572,0.9411299035353002
40.576,0.9947827947361096
40.58,0.9529623126117535
40.584,0.7933843516306527
40.588,0.6207619895223735
40.592,0.41254900498011327
40.596,0.24698451672327945
40.6,0.07544978411741245
40.604,-0.05761237544645355
40.608,-0.14751559343748785
40.612,-0.21944028789365155
40.616,-0.24133200019473525
40.62,-0.23165626112529694
40.624,-0.19774107283577083
40.628,-0.14196375776820797
40.632,-0.06987123222916097
40.636,-0.021726625448158735
40.64,-0.013922798631049992
40.644,0.0031586778682441974
40.648,0.009014544530201899
40.652,0.002933830293341432
40.656,-0.007329674956241637
40.66,0.0031253313658502857
40.664,0.013615552373377601
40.668,0.007298614890666819
40.672,0.01005071299038831
40.676,-0.0013485730225604449
40.68,0.002130770055841755
40.684,0.004045784602899757
40.688,0.006036492877618493
40.692,0.01982532673543451
40.696,-0.013405918406012204
40.7,0.012664515987677594
40.704,0.014283163743025072
40.708,0.004562932243297695
40.712,0.02873313258506424
40.716,0.019103063071737217
40.72,0.027761823350960765
40.724,0.055509162904590625
40.728,0.05356423554376469
40.732,0.05644834068637021
40.736,0.0625785180534501
40.74,0.06604020023967369
40.744,0.09745240589667051
40.748,0.09609713338687159
40.752,0.09201307357041118
40.756,0.09770757585899323
40.76,0.13027273624705027
40.764,0.137543434293204
40.768,0.13779619039296412
40.772,0.17070228493122036
40.776,0.17824567919080686
40.78,0.20077392739482666
40.784,0.21423590286449232
40.788,0.21770392399394636
40.792,0.2434902559896939
40.796,0.2447539944290191
40.8,0.25696418907281493
40.804,0.26632126201380774
40.808,0.2919131155196313
40.812,0.28520337314932753
40.816,0.3074488430754835
40.82,0.315476971808622
40.824,0.2923007447098286
40.828,0.27061283823511567
40.832,0.3084892035237526
40.836,0.29096614633055984
40.84,0.28025565844573724
40.844,0.2758546454899554
40.848,0.2688434623289095
40.852,0.2757975881156837
40.856,0.253023122341677
40.86,0.25181857080903575
40.864,0.23064984845190079
40.868,0.2087178630127535
40.872,0.1935967736738687
40.876,0.18859853251084532
40.88,0.1766544473141714
40.884,0.1640507065377289
40.888,0.13742626412612224
40.892,0.12822011493642113
40.896,0.11932188298378321
40.9,0.09733917785171872
40.904,0.07828502083845185
40.908,0.07083792588651464
40.912,0.0665988007997032
40.916,0.06659474776819184
40.92,0.06437676443232618
40.924,0.030872812162398237
40.928,0.03190713511455934
40.932,0.028509582783312313
40.936,0.034955315331733204
40.94,0.01730620753493762
40.944,0.01447227133542513
40.948,0.0013777202241021889
40.952,0.017548508967179716
40.956,0.008750523813850277
40.96,0.0018545622784038335
40.964,0.004161250698694626
40.968,0.016672864298369124
40.972,-0.005755861960336797
40.976,-0.005027249122928821
40.98,0.01518135724278734
40.984,0.0028302099269305403
40.988,0.008302642454521215
40.992,0.005252724004882469
40.996,0.0005911415825920494
41.0,-0.002765405824285904
41.004,0.008857296184159296
41.008,0.01202970626354876
41.012,0.011144734663224437
41.016,-0.011630437191842155
41.02,0.013214142499840027
41.024,-0.0034586907859358498
41.028,-0.007462637530440522
41.032,-0.001630001924047206
41.036,0.00835666750210536
41.04,0.0054369846190755345
41.044,-0.0025309617417565793
41.048,0.00839277270546132
41.052,0.001409871266309523
41.056,-0.005721889105381564
41.06,-0.007074951442968218
41.064,0.004106052963632264
41.068,-0.0008226524753883187
41.072,-0.013753340681109106
41.076,0.008472769243135048
41.08,-0.004801970351727087
41.084,0.015921734872146584
41.088,-0.014029495912712884
41.092,-0.0018067078969163375
41.096,-0.0069992737177739
41.1,-0.009753331698209885
41.104,-0.0048661089949558894
41.108,0.01770939433100724
41.112,0.001441319772066064
41.116,-0.007901790958030477
41.12,-0.01825632863449668
41.124,-0.01715639256003955
41.128,-0.00525803045498529
41.132,-0.006143336102835781
41.136,-0.0018979872152628482
41.14,-0.022130988836883175
41.144,7.66439072348628e-05
41.148,0.011905492456529316
41.152,0.018829437342099558
41.156,-0.014894370634859568
41.16,-0.0018668726080618868
41.164,0.0005515890815766221
41.168,0.014570694281753383
41.172,0.006234021539780279
41.176,0.042074707298685704
41.18,0.034156944392791634
41.184,0.04266246255625065
41.188,0.07161764679315391
41.192,0.06871109977361559
41.196,0.0870226868895135
41.2,0.0900367595914998
41.204,0.09800930801580128
41.208,0.11860485495326281
41.212,0.15756514796769475
41.216,0.1502485988990258
41.22,0.15152705958651388
41.224,0.14015809445122374
41.228,0.1563648638818565
41.232,0.1273979346608293
41.236,0.11588317542239242
41.24,0.11407051328418366
41.244,0.12563440640693754
41.248,0.11066009809866556
41.252,0.07271474889656226
41.256,0.05666565715923499
41.26,0.034341643031989916
41.264,0.04036537974559838
41.268,0.031718945387278534
41.272,0.03020299027197345
41.276,0.025222123436360898
41.28,0.009373165816000428
41.284,0.013348567223139861
41.288,-0.0017959974986059392
41.292,0.008768091393934047
41.296,-0.002912721793979287
41.3,0.0059325589307127205
41.304,0.004592999829512342
41.308,0.0011636372505080352
41.312,0.00821827197552461
41.316,-0.015551386652771648
41.32,-0.010565976363495135
41.324,-0.0026564008792542473
41.328,-0.014409779174122098
41.332,-0.004057395095426831
41.336,-0.003742804001763675
41.34,0.013086231219556191
41.344,0.0013573418756135098
41.348,0.00998822257205506
41.352,0.0018601943632409758
41.356,-0.009075194448638498
41.36,-0.008848803412217648
41.364,-0.016479938195079955
41.368,-0.0353415182752508
41.372,-0.08138892741433013
41.376,-0.13184749223779316
41.38,-0.15818705368948233
41.384,-0.14794949833372698
41.388,-0.14344848917472544
41.392,-0.0497267830992442
41.396,0.016637994159008754
41.4,0.11158469059365994
41.404,0.24999098743971399
41.408,0.4520398711469872
41.412,0.6337654176690725
41.416,0.8246960809127489
41.42,0.95737137997127
41.424,0.998730376402291
41.428,0.9285862431802397
41.432,0.773891334539291
41.436,0.5700464336570777
41.44,0.3580302450059139
41.444,0.19298389371821778
41.448,0.032498851737980616
41.452,-0.09576722754799946
41.456,-0.17588401844887985
41.46,-0.23654737538294812
41.464,-0.25237686285682864
41.468,-0.23130883038546954
41.472,-0.17389490239468255
41.476,-0.10370594015124183
41.48,-0.04355066556528776
41.484,-0.045713455738291435
41.488,-0.024086427394112188
41.492,-0.011436181902675376
41.496,0.007069603615180663
41.5,-0.0015910329734250344
41.504,-0.006322846462727449
41.508,0.008435373366305579
41.512,0.011222791401499958
41.516,0.0019544552387081677
41.52,-0.005416130478969137
41.524,0.006200421977593542
41.528,0.002093748922022951
41.532,0.003156009200628372
41.536,0.0018306482549534583
41.54,0.017883928474157214
41.544,0.013149521969426186
41.548,0.023411548216112292
41.552,0.029262073172718756
41.556,0.023829064622918922
41.56,0.018068254436045886
41.564,0.03804065678099153
41.568,0.03746483702157221
41.572,0.06473162792862416
41.576,0.04845487956012007
41.58,0.05979231842514561
41.584,0.06401646751270566
41.588,0.06927026415565529
41.592,0.07767670166235863
41.596,0.09404968467663716
41.6,0.10796658083125987
41.604,0.1266960231239737
41.608,0.13131044937867914
41.612,0.13723543424961215
41.616,0.1526883467875664
41.62,0.15712623686132127
41.624,0.20150869331723262
41.628,0.19398668866217686
41.632,0.2233402681884838
41.636,0.23025905294183505
41.64,0.24370818783516762
41.644,0.2518126885654024
41.648,0.25635921974848597
41.652,0.2645414920505471
41.656,0.3000632147989072
41.66,0.2908763088892731
41.664,0.3062248509910438
41.668,0.3122355248423183
41.672,0.29580617904635875
41.676,0.3037626018475803
41.68,0.29768265876885763
41.684,0.2815013190529091
41.688,0.28527424162635656
41.692,0.28538565791362325
41.696,0.265368149052561
41.7,0.2565892385870365
41.704,0.2463994930107594
41.708,0.2565595058031119
41.712,0.2036384362326572
41.716,0.21296502587281543
41.72,0.19102889509265422
41.724,0.17261528980103014
41.728,0.16173862903651798
41.732,0.15689734085473434
41.736,0.14354180399600724
41.74,0.12473198050618932
41.744,0.12099009769384388
41.748,0.11064825968000458
41.752,0.09479556053970649
41.756,0.07066297595567109
41.76,0.07140997227946694
41.764,0.06265365742793925
41.768,0.04154844919595223
41.772,0.02687814176328111
41.776,0.016003336974967787
41.78,0.03133609721379503
41.784,0.02872267214160967
41.788,0.009673373149152528
41.792,0.02828798870670511
41.796,0.016216485519729457
41.8,0.025528916208974167
41.804,0.013498446803742856
41.808,-0.0027449663787604897
41.812,0.010944500095837199
41.816,0.01177953714327333
41.82,-0.0014480720204374182
41.824,-0.011246211048273575
41.828,0.003489091309718812
41.832,-0.008073971289769761
41.836,0.012704502044640405
41.84,-0.0029228117183279336
41.844,0.01812301952531746
41.848,-0.020576428352742825
41.852,0.0018492203595932457
41.856,0.014669270046753898
41.86,-0.008623781148366937
41.864,-0.0013855592227982457
41.868,-0.003878708339117381
41.872,-0.006726992807872542
41.876,0.0025264954726584837
41.88,-0.012896375306948779
41.884,-0.0010682745469946418
41.888,0.005189404635871636
41.892,-0.0021301107423182327
41.896,-0.009987414042599518
41.9,0.010312062959776625
41.904,0.007309649582362766
41.908,-0.010406991767473856
41.912,-0.012937730291996827
41.916,-0.009516957373815603
41.92,0.005454304294495177
41.924,0.0027568490548256943
41.928,0.00790172199786939
41.932,-0.0032605772100058553
41.936,-0.009246006105571289
41.94,0.009190892259132728
41.944,-0.005529674385379967
41.948,0.0018751454493819255
41.952,-0.015480083177735075
41.956,-0.005660913857685211
41.96,0.010164396135967532
41.964,-0.007032675110416353
41.968,0.008379203310651315
41.972,-0.022899268022100648
41.976,-0.004891006236336171
41.98,-0.0005415737220310305
41.984,0.01933006514705556
41.988,-0.008673452207459322
41.992,0.011368643036070925
41.996,0.01758084690551668
42.0,0.0030709934613346
42.004,0.010972741922032214
42.008,0.021915932506412113
42.012,0.013034923394252468
42.016,0.032327960348069534
42.02,0.06036238560512741
42.024,0.06511457512783943
42.028,0.07187433177800712
42.032,0.08891752170767458
42.036,0.10809050985419352
42.04,0.12388144126415875
42.044,0.12301735425726017
42.048,0.1540842258886094
42.052,0.15907456783457033
42.056,0.1563500828308472
42.06,0.1410308736534489
42.064,0.135366618192624
42.068,0.13492906582328748
42.072,0.12848655375716259
42.076,0.09765700958236714
42.08,0.10635151234336687
42.084,0.09977266717410893
42.088,0.07834934236045862
42.092,0.05233587459254353
42.096,0.03895454214322307
42.1,0.03927627239534716
42.104,0.02581984322113174
42.108,0.02453280952248177
42.112,0.02041761917418474
42.116,0.02097394149610183
42.12,-0.004477791847787766
42.124,0.006756103835506915
42.128,-0.0006991102680279629
42.132,0.0008639400934193576
42.136,0.009780823316812981
42.14,0.01041196607826425
42.144,0.014381759577662518
42.148,0.004481954939354964
42.152,-0.0009748086303169208
42.156,-0.002461023419771808
42.16,-0.01731185556419902
42.164,0.013415611311544852
42.168,-0.003210399909552891
42.172,0.005059415816005707
42.176,0.0067687666760940105
42.18,-0.012567150607918779
42.184,-0.009715954704079285
42.188,0.013741943828440947
42.192,-0.0023670078106182452
42.196,-0.019505113533234336
42.2,-0.03159784889705886
42.204,-0.046360294385706734
42.208,-0.08257188199281841
42.212,-0.1401946682814353
42.216,-0.12876919761355074
42.22,-0.13013551204235652
42.224,-0.10729865561162268
42.228,-0.05671564570988606
42.232,0.05296806267446692
42.236,0.16550193037684996
42.24,0.30207572772788815
42.244,0.5050980126953281
42.248,0.7422935159829559
42.252,0.8866739835664691
42.256,0.9802700160196549
42.26,0.9741859088814039
42.264,0.8948801072417991
42.268,0.7062348177267919
42.272,0.5056171855090723
42.276,0.299363664214582
42.28,0.14479011428793093
42.284,-0.01037004643547369
42.288,-0.10901286495712294
42.292,-0.18989443903912023
42.296,-0.22533549898607869
42.3,-0.2390806309931097
42.304,-0.212837203831995
42.308,-0.14887309411310748
42.312,-0.10881438060539626
42.316,-0.0714052234443803
42.32,-0.013065952196175224
42.324,-0.011645018329593748
42.328,-0.00482691889592308
42.332,0.008185846374516102
42.336,0.01461044330618531
42.34,0.006379302067309088
42.344,0.020669314475640823
42.348,0.006832904520081211
42.352,0.005348167873638527
42.356,0.005379386810983822
42.36,-0.009073082068633746
42.364,0.014336085082003623
42.368,-0.018461442531852917
42.372,0.0016099949085428052
42.376,0.009486831641303666
42.38,0.003498137131563297
42.384,0.009420814046768665
42.388,0.03533328694184296
42.392,0.0314957908121145
42.396,0.017685507822236157
42.4,0.024565551258697763
42.404,0.021892767981738327
42.408,0.047849510084984406
42.412,0.0452190116558926
42.416,0.03578525288056844
42.42,0.06503353449566482
42.424,0.07784595565382467
42.428,0.09336943460966286
42.432,0.09411652727257547
42.436,0.10302458568625047
42.44,0.1392419827644752
42.444,0.13271537807751543
42.448,0.15365011117112232
42.452,0.15526922034814425
42.456,0.18202819054551825
42.46,0.17512167213391008
42.464,0.1995042146742232
42.468,0.2061880215418957
42.472,0.22585824420855474
42.476,0.2573300161798585
42.48,0.25069001879471603
42.484,0.2748522164491754
42.488,0.2923778184514994
42.492,0.2849731521852082
42.496,0.3015911952226251
42.5,0.3016103847813845
42.504,0.30026353241558984
42.508,0.3075022584154268
42.512,0.3173815087461708
42.516,0.28969500186899094
42.52,0.28171928359571513
42.524,0.27462357876627885
42.528,0.2866075290577352
42.532,0.278335523053928
42.536,0.25074030975792305
42.54,0.22269984254009517
42.544,0.2243449924279431
42.548,0.22289673085928172
42.552,0.202580777713368
42.556,0.19059271897095034
42.56,0.16900689119402293
42.564,0.16992760700271398
42.568,0.14902916316481468
42.572,0.13768610778379498
42.576,0.12017836567296165
42.58,0.1112455967709027
42.584,0.0987331015827556
42.588,0.07380438765309706
42.592,0.07658555395763357
42.596,0.07139187780107485
42.6,0.06650444016508116
42.604,0.051431412262290074
42.608,0.030749821292647507
42.612,0.026198707905599104
42.616,0.024602161220547418
42.62,0.02617093301306016
42.624,0.019002339018501138
42.628,0.005504485380143628
42.632,0.002473088133648698
42.636,-0.009731285761015894
42.64,-0.022056014971342595
42.644,0.006055930385742253
42.648,0.029113986524121747
42.652,0.022677074340118418
42.656,-0.006054808950229638
42.66,0.004430618671540449
42.664,-0.012354888153643048
42.668,-0.01134227196768197
42.672,-0.010602332310282105
42.676,-0.0012029157080093872
42.68,-0.001023228054562391
42.684,0.0031335317858474966
42.688,0.0070882715932575726
42.692,-0.003027996461196152
42.696,0.0006150571786321453
42.7,-0.01075145515055134
42.704,-0.013308139292955374
42.708,-0.014890064841507115
42.712,0.006564599702848932
42.716,-0.0033272178897978616
42.72,-0.018674149101571346
42.724,-0.0006045842903604128
42.728,-0.012469657690983356
42.732,0.016616793795055596
42.736,-0.005779159679953
42.74,0.006821327815324947
42.744,0.010893940739518894
42.748,-0.009546337547076381
42.752,0.0007624771237251469
42.756,0.005536045581181617
42.76,0.0011564103793405998
42.764,0.003611716554169236
42.768,-0.013295647571883938
42.772,0.00554118362513166
42.776,-0.004860241174154161
42.78,0.0034972569810130232
42.784,0.009205457997705781
42.788,0.006699317778154316
42.792,0.003509413227273361
42.796,0.0064641920977006224
42.8,0.0069649411452169475
42.804,0.015103457240518915
42.808,-7.476000445383866e-05
42.812,0.002103294892869119
42.816,0.010109415130615085
42.82,-0.0035962061383775826
42.824,-0.011239472840218421
42.828,0.008260935626818473
42.832,0.0030503783260233163
42.836,-0.00442701822024324
42.84,0.01616206672383537
42.844,0.030174393966296092
42.848,0.005687373380406913
42.852,0.039922123884540195
42.856,0.013734976814151641
42.86,0.046187589558066566
42.864,0.08119433904737092
42.868,0.07328180463746863
42.872,0.09190293432544852
42.876,0.1130596291609774
42.88,0.10189368249378514
42.884,0.13177006022169632
42.888,0.14124368494096906
42.892,0.16566074728913968
42.896,0.13752421279648708
42.9,0.14510377572710578
42.904,0.13493956229388154
42.908,0.12580073631725705
42.912,0.1365447657132306
42.916,0.1126183331052224
42.92,0.0926626777974944
42.924,0.07851417234101418
42.928,0.06388038374890935
42.932,0.051537885898113124
42.936,0.03176376586142689
42.94,0.03157021375348167
42.944,0.02201684283612752
42.948,0.011136525110938645
42.952,0.014880981781100321
42.956,0.011654357717190852
42.96,0.0006972327182257166
42.964,0.002690526963952493
42.968,0.02424294483052923
42.972,0.022869366472676646
42.976,-0.009523753167486377
42.98,-0.008538817035121181
42.984,-0.010242510034280868
42.988,0.010769405600776575
42.992,-0.0038756324927290676
42.996,0.002455682842485652
43.0,0.02000053999414978
43.004,-8.899830184242472e-05
43.008,0.007069416531679226
43.012,0.005201988227833204
43.016,-0.005914024854086653
43.02,0.010432344501776864
43.024,-0.009145709663870186
43.028,0.011156634750535521
43.032,-0.012475403990326095
43.036,-0.02133763987832993
43.04,-0.04627371553190105
43.044,-0.07367309548753007
43.048,-0.10413334180762958
43.052,-0.15584590602628626
43.056,-0.14867135020060268
43.06,-0.1398147037927661
43.064,-0.0866228507910671
43.068,-0.02362429455102967
43.072,0.058566160992398454
43.076,0.18724709112936036
43.08,0.35390849933506946
43.084,0.5673797213929067
43.088,0.7457001184491772
43.092,0.9095304204007857
43.096,0.9851637779431531
43.1,0.9540000251822984
43.104,0.8452657570948291
43.108,0.6549199209060648
43.112,0.4593495727988001
43.116,0.2680841386361781
43.12,0.12413686838048074
43.124,-0.02874420063735675
43.128,-0.13392777020298471
43.132,-0.21947799293982656
43.136,-0.23668587809323927
43.14,-0.23608460271016132
43.144,-0.18852868353223295
43.148,-0.14758262949186926
43.152,-0.07739013482655534
43.156,-0.038806069025965007
43.16,-0.016057700008228273
43.164,-0.012980981115446533
43.168,0.01034489865208555
43.172,0.020614014439876517
43.176,-0.010361693563335442
43.18,0.008315120797036073
43.184,-0.027304892058513292
43.188,0.008597254701458978
43.192,-0.016244000491149956
43.196,-0.002110442684062593
43.2,-0.00914591605120926
43.204,0.0028685507327556015
43.208,0.01468415034409886
43.212,-0.01073392416758895
43.216,0.006103277388393382
43.22,0.006787494193624794
43.224,0.03037089794112574
43.228,0.021988095314690023
43.232,0.009535884853354099
43.236,0.020817578426405792
43.24,0.045955617902788896
43.244,0.04309813069525042
43.248,0.033077753383288534
43.252,0.046683973137703935
43.256,0.054921491874695055
43.26,0.060656937206983584
43.264,0.0585541979464753
43.268,0.07934798301621432
43.272,0.1113069647197092
43.276,0.10567156558207057
43.28,0.12122855505190985
43.284,0.1370647904923155
43.288,0.17174741741603564
43.292,0.16393479644994133
43.296,0.18928389221741235
43.3,0.18690552109684702
43.304,0.20469121684416205
43.308,0.2214622419222241
43.312,0.2270916668791815
43.316,0.24552557015820536
43.32,0.2681981044990019
43.324,0.2618940591892667
43.328,0.27911829137026556
43.332,0.2938979032778504
43.336,0.28459095864665845
43.34,0.30803396903167635
43.344,0.3001916830115919
43.348,0.29828798814273744
43.352,0.2784183339150765
43.356,0.29143603355426334
43.36,0.2937354473401322
43.364,0.30059238462120946
43.368,0.2803370271586564
43.372,0.2759938068251503
43.376,0.24144502916470217
43.38,0.2399966967054095
43.384,0.24033048772074425
43.388,0.20544358684818398
43.392,0.2097215646759804
43.396,0.19290713106673843
43.4,0.17377791338457804
43.404,0.15333452706861936
43.408,0.13264843136349644
43.412,0.14659894943581167
43.416,0.12206493543982011
43.42,0.10672195796430649
43.424,0.0875034291317101
43.428,0.08112962572488637
43.432,0.07235517080408435
43.436,0.06551788562043964
43.44,0.060526341008979856
43.444,0.03785832425992293
43.448,0.024324473627211008
43.452,0.0339088243007647
43.456,0.0103907114783512
43.46,0.020092104477893374
43.464,0.014315890114762135
43.468,0.020960342387310343
43.472,0.033002713455551454
43.476,-0.008692281756855656
43.48,0.03146196445315032
43.484,0.0046952782281351885
43.488,0.009103032368787964
43.492,-0.009673794176876463
43.496,0.013505401971515223
43.5,0.0031923043390484243
43.504,0.001552814435156551
43.508,-0.017693238136524105
43.512,0.002032757575192957
43.516,0.009449459948229799
43.52,-0.0016088693393725697
43.524,0.012311785678930709
43.528,0.01175683961745224
43.532,-0.006091679494329351
43.536,0.01618784963372995
43.54,0.0006273283920121711
43.544,0.0006250931867680592
43.548,0.001082645821068252
43.552,0.0007602450310289162
43.556,-0.026253161104534312
43.56,-0.0018206942253137992
43.564,-0.013615099257641391
43.568,0.016280520026212074
43.572,0.0158728423993033
43.576,0.008527737308904418
43.58,-0.0023789016740083675
43.584,-0.0100761856702392
43.588,-0.006573105408387069
43.592,0.01942825376838485
43.596,-0.0069207346332084835
43.6,-0.02355511543692018
43.604,0.010302233847141913
43.608,0.015005464692858888
43.612,0.016592560410245743
43.616,0.01038401263297897
43.62,0.012016136601213938
43.624,0.0005312252586876814
43.628,-0.020759068353215337
43.632,0.0002867618161657199
43.636,0.006231660296140085
43.64,-0.0013215338680042364
43.644,-0.001748906167704243
43.648,-0.009530611042697475
43.652,-0.009816947456524549
43.656,0.018735664278677573
43.66,0.01935348637023601
43.664,0.0009976510099351742
43.668,0.004491104877080533
43.672,-0.0071355103374083385
43.676,0.0105816267159444
43.68,0.023894414465505016
43.684,-0.005989502921927483
43.688,0.018032902789813815
43.692,0.024187426882013332
43.696,0.030989259617704174
43.7,0.050712917043519434
43.704,0.0649183942588071
43.708,0.054111623128008414
43.712,0.07643092564564594
43.716,0.08473052241809365
43.72,0.09209263248060931
43.724,0.11524457189012575
43.728,0.13214816427560888
43.732,0.138443510117262
43.736,0.13549841073997196
43.74,0.14432195045198845
43.744,0.14530931692041804
43.748,0.1385492548163117
43.752,0.1436272802823494
43.756,0.1350827122993267
43.76,0.1286784278002166
43.764,0.09666320637303061
43.768,0.08503201044456288
43.772,0.09191877218090651
43.776,0.060965125388972065
43.78,0.05033129182132967
43.784,0.03721609631188146
43.788,0.04091374581580995
43.792,0.033609856861382494
43.796,0.02692255543531317
43.8,0.011367428610263935
43.804,-0.0011163692268560364
43.808,0.024334081494658617
43.812,0.011871908649142459
43.816,-0.0024666947031797533
43.82,0.015537173872771816
43.824,-0.004572852503186118
43.828,0.014567358216292191
43.832,0.015046549848931784
43.836,-0.009067579011983427
43.84,0.005897726204763959
43.844,0.007864420273204656
43.848,0.026171036568706386
43.852,-0.007412274937246312
43.856,0.014328428261877225
43.86,0.0001612798301460824
43.864,-0.012488512870077836
43.868,-0.0015329330615670544
43.872,-0.0012215862821264515
43.876,-0.014557345237979422
43.88,-0.007644800805711094
43.884,-0.01531061928522278
43.888,-0.04663544909861058
43.892,-0.08763598730815286
43.896,-0.1188061185027173
43.9,-0.14199617446619547
43.904,-0.14185424445721298
43.908,-0.10658111928795028
43.912,-0.060983994856475855
43.916,0.002207109244397822
43.92,0.1198369389453258
43.924,0.2725909217865964
43.928,0.4648286344588365
43.932,0.6701084295796731
43.936,0.8625961096869471
43.94,0.971310317874103
43.944,1.0036720534825558
43.948,0.9002330935020135
43.952,0.7548199993870544
43.956,0.5363544880374169
43.96,0.3459864456501782
43.964,0.20358707160239145
43.968,0.03452889318996073
43.972,-0.09244031935128039
43.976,-0.16967572282076462
43.98,-0.235956506912374
43.984,-0.2553123380040312
43.988,-0.198128980689251
43.992,-0.15503421136725443
43.996,-0.10308663924220458
44.0,-0.062192778793391336
44.004,-0.03015666156478287
44.008,0.004891300234312243
44.012,-0.000183735351188488
44.016,-0.031318730366245766
44.02,0.024704576133481405
44.024,0.0027705717794985784
44.028,0.004723302928543005
44.032,0.012551928934579522
44.036,0.006828693836595931
44.04,0.010255848138333242
44.044,-0.00068913739495671
44.048,-0.007809374820470303
44.052,0.008444449056377985
44.056,0.021363020630004538
44.06,0.002267202201740365
44.064,0.0035034217370713723
44.068,0.025422598222936656
44.072,0.011512436532785147
44.076,0.015351349448450223
44.08,0.01965434056454371
44.084,0.02727881976401365
44.088,0.0174047897787892
44.092,0.03368228223216723
44.096,0.04808263074705749
44.1,0.05552236446282801
44.104,0.0732175532636539
44.108,0.08923198520131985
44.112,0.09601728450153187
44.116,0.10093112325262239
44.12,0.10199163895272824
44.124,0.10968841386324628
44.128,0.12920512818441143
44.132,0.1485552313258462
44.136,0.16503404633229302
44.14,0.17745760327632432
44.144,0.18455886845296507
44.148,0.2081326692397177
44.152,0.22711966863749472
44.156,0.23710713531760347
44.16,0.24111692711263844
44.164,0.24535653244348332
44.168,0.2562990194997989
44.172,0.26797060157260905
44.176,0.2858136744657852
44.18,0.2952989797066972
44.184,0.28108416058072255
44.188,0.2934920075145774
44.192,0.3023784223517369
44.196,0.2904464886785325
44.2,0.301373771949531
44.204,0.2896915532544943
44.208,0.27948321447276603
44.212,0.2795346674237699
44.216,0.2736861750520524
44.22,0.2506808189047253
44.224,0.24497060215360897
44.228,0.23933199538694294
44.232,0.21352911451995152
44.236,0.19051488003194547
44.24,0.17732554303923204
44.244,0.17396725817936326
44.248,0.15046702526337277
44.252,0.14589800303603714
44.256,0.15212420002661403
44.26,0.10829803182441226
44.264,0.10648893666077763
44.268,0.11858009941155181
44.272,0.09005844877109742
44.276,0.07184337458040532
44.28,0.06434377164623067
44.284,0.0614535830479407
44.288,0.06621108202102481
44.292,0.03686115195726477
44.296,0.028298359835573616
44.3,0.01653622330940245
44.304,0.02650025887048042
44.308,0.007198245595499251
44.312,0.012987234588159872
44.316,0.005434890915859041
44.32,0.022629714966870527
44.324,0.004586670201842221
44.328,0.011785654930504458
44.332,-0.009763607592767645
44.336,0.00632421812703966
44.34,-0.00805991986473538
44.344,-0.0011274832953334602
44.348,0.024561413345595657
44.352,0.011226896279284821
44.356,0.00018826293006958604
44.36,0.03312008879979448
44.364,-0.008289027567752726
44.368,0.012306233210596715
44.372,-0.014834026334224388
44.376,-0.002070424982879001
44.38,-0.013203607586855608
44.384,0.002775455687748036
44.388,0.0007085370692681312
44.392,-0.0029680596994761744
44.396,0.010999290755982464
44.4,-0.005614283441411916
44.404,0.003309111090984606
44.408,0.008234437471616597
44.412,-0.014811751659483039
44.416,-0.007469666878924916
44.42,0.0005489609137958459
44.424,0.006309266115156897
44.428,0.014218901235128948
44.432,-0.002151820488003004
44.436,-0.0031548296509939316
44.44,-0.008709055218915374
44.444,0.003331041773178964
44.448,-0.002912821117527308
44.452,-0.0026324648416951404
44.456,-0.0007436323723949873
44.46,0.005861390103817151
44.464,-0.005042384346168525
44.468,-0.006721722786258237
44.472,0.0059553181817439465
44.476,-0.02764132573209255
44.48,-0.0019648271551684967
44.484,-0.005334853921749316
44.488,0.021169708086752854
44.492,0.008762217868033148
44.496,0.012900266261445414
44.5,0.024861412683386288
44.504,0.027884768119963012
44.508,0.04000533413894365
44.512,0.056818669986298594
44.516,0.06482328134910001
44.52,0.07890828918176304
44.524,0.08762430292919302
44.528,0.10034809654491025
44.532,0.12546640498688094
44.536,0.138882801286178
44.54,0.12971945365195403
44.544,0.15641887160569024
44.548,0.15755231356769364
44.552,0.15694227756152213
44.556,0.1438740855880606
44.56,0.13778944715473918
44.564,0.1413484622533092
44.568,0.1028974483308865
44.572,0.08104211086132168
44.576,0.06170841932984801
44.58,0.08079789656040283
44.584,0.06828368450540119
44.588,0.030209851476120837
44.592,0.022717745490500506
44.596,0.018980456228968212
44.6,0.02828958251419214
44.604,-0.001577162192056055
44.608,-0.011915754121714951
44.612,0.02685855535321631
44.616,0.006502722527135584
44.62,0.006691173253556216
44.624,-0.0007212930600809906
44.628,0.00546062265536992
44.632,-0.014669677769443806
44.636,-0.00813826510085093
44.64,0.0012030526703522438
44.644,-0.022626365667958066
44.648,-0.002981335845759017
44.652,-0.003618981382589306
44.656,-0.0030157604716334707
44.66,-0.0055074225198558265
44.664,-0.009969842514272622
44.668,-0.018289697233555894
44.672,0.0011359462740269432
44.676,-0.004175981946963994
44.68,-0.01752224532210691
44.684,-0.00967942494547352
44.688,-0.02695281661481521
44.692,-0.05224572222656567
44.696,-0.10208216814857825
44.7,-0.10895367521019952
44.704,-0.15354248232285472
44.708,-0.14392424957151928
44.712,-0.1276625703092081
44.716,-0.07074476292606757
44.72,0.023342382053159576
44.724,0.12481291343393076
44.728,0.27442671048399503
44.732,0.44751948500556443
44.736,0.6514143753155921
44.74,0.8191623365127803
44.744,0.9629215350731916
44.748,0.9950503063058949
44.752,0.9330572845977129
44.756,0.7545306719556699
44.76,0.5596426653233556
44.764,0.35789467377339107
44.768,0.1923689289602108
44.772,0.03625639310602375
44.776,-0.07058852989192135
44.78,-0.18718520975798336
44.784,-0.24511700395853853
44.788,-0.26882990024362075
44.792,-0.21333147682328693
44.796,-0.16180287909261212
44.8,-0.10023366649565359
44.804,-0.06696565863514561
44.808,-0.03379699638744942
44.812,-0.012276055062971058
44.816,0.010973309583973277
44.82,0.016371209041751753
44.824,0.008404331563681065
44.828,0.004232987786979337
44.832,0.01462634863946811
44.836,-0.0008941287645625406
44.84,-0.0017606035585831683
44.844,0.0014642747062951506
44.848,-0.006279056774800097
44.852,0.0026892202234238983
44.856,-0.005592185896221906
44.86,0.01722385271950752
44.864,0.01409401890585974
44.868,0.024973920979206303
44.872,-0.0032055353171915966
44.876,0.03495439436757962
44.88,0.003559684526172946
44.884,0.011202414004134157
44.888,0.021489646646700153
44.892,0.045954544841718875
44.896,0.04103214127437988
44.9,0.043003869375341154
44.904,0.04498776634173357
44.908,0.047462066534645145
44.912,0.08170742308658227
44.916,0.08838154194446729
44.92,0.10477260792957013
44.924,0.10687362958503417
44.928,0.08889068299869068
44.932,0.11594350675933278
44.936,0.1466868666425582
44.94,0.15243830819170742
44.944,0.16494860986007504
44.948,0.17404637466463915
44.952,0.20905470679701704
44.956,0.2184039584877301
44.96,0.23267479443575012
44.964,0.2344947074126689
44.968,0.25489781458628386
44.972,0.2509927289133348
44.976,0.2730448004224208
44.98,0.2575964708133736
44.984,0.274131925488801
44.988,0.2918031979256093
44.992,0.3221685086405742
44.996,0.2819142291388883
45.0,0.2870747553640317
45.004,0.29935964651385466
45.008,0.3107041377249021
45.012,0.28906551987856083
45.016,0.2864266506166869
45.02,0.26685885310555474
45.024,0.25459191442409596
45.028,0.24880189179920695
45.032,0.22869719347632075
45.036,0.2290491176804679
45.04,0.19170763700339621
45.044,0.20228076378270746
45.048,0.17923288101663765
45.052,0.16218968189354513
45.056,0.13361690329816503
45.06,0.12632734426064104
45.064,0.13469403641876637
45.068,0.10782073204768311
45.072,0.10059726882073193
45.076,0.0776998668779072
45.08,0.07570822273787607
45.084,0.05262859606472802
45.088,0.05855571487574885
45.092,0.053316897008832825
45.096,0.045694527702792614
45.1,0.02712073381836684
45.104,0.027151576554175508
45.108,0.031057162162216833
45.112,0.019327463539660944
45.116,0.014912250259108209
45.12,0.033692890309374474
45.124,0.00249398063068541
45.128,0.020571656107257415
45.132,-0.00364978250766982
45.136,0.01289184184595793
45.14,0.012145454976090077
45.144,-0.0010873112484440966
45.148,-0.00900962156478521
45.152,-0.017225895676878107
45.156,-0.004222801441558725
45.16,0.006752944319672258
45.164,-0.009631157509933201
45.168,0.001843500018793883
45.172,-0.014101463697376599
45.176,-0.0018394090022338262
45.18,-0.01109646673348156
45.184,-0.0005015855868083514
45.188,-0.004805131779692883
45.192,-0.01175260290817291
45.196,-0.006478490870612647
45.2,-0.009261624839452805
45.204,-0.01308164529413548
45.208,0.01086869712522672
45.212,-0.003572412728959683
45.216,-0.02200151888843796
45.22,-0.006218244500347917
45.224,0.009157281769914071
45.228,-0.007606534116768591
45.232,0.014982308026595335
45.236,-0.008563261568412504
45.24,0.0050364261889106355
45.244,0.010368111791933714
45.248,0.004503415463899666
45.252,-0.013743260071939326
45.256,-0.009422085919774413
45.26,0.011705519887360185
45.264,-0.008036676078314164
45.268,0.009775351753331793
45.272,-0.0042668304475369
45.276,0.0014826111692175297
45.28,-0.013734928917464192
45.284,-0.005855305756449319
45.288,-0.00835355043686294
45.292,0.002940267997180937
45.296,0.002074363630534815
45.3,0.006485513870859783
45.304,-0.0019564950244732346
45.308,-0.004743301750182799
45.312,0.008697756100304406
45.316,-0.00020371098815498596
45.32,0.025234155078953352
45.324,0.01902118831922752
45.328,0.024171667972642454
45.332,0.04099655785647793
45.336,0.04624846282041527
45.34,0.04264391081933319
45.344,0.062109086355893156
45.348,0.09761918727617887
45.352,0.10238574978259343
45.356,0.09865882277134455
45.36,0.1315145134497638
45.364,0.13269113699071933
45.368,0.1368802393430209
45.372,0.1380316868719913
45.376,0.15955879150796606
45.38,0.126201506702393
45.384,0.13027458696873925
45.388,0.1296694180728035
45.392,0.13180912289634714
45.396,0.10767801167770939
45.4,0.0791824035541592
45.404,0.08859617704320145
45.408,0.04620811034281215
45.412,0.0501402899623534
45.416,0.04165891938081136
45.42,0.018957622294593156
45.424,0.027410768961065108
45.428,0.009518862132449533
45.432,0.017199593034218627
45.436,-0.011411912156459886
45.44,0.007989030097942834
45.444,-0.001117243869177247
45.448,0.013392788086152903
45.452,0.0007263845210793817
45.456,0.013191558932392893
45.46,0.005484817553686275
45.464,-0.001042259942199688
45.468,0.008005977433683382
45.472,0.008010559386132297
45.476,0.004756009973994428
45.48,-0.022904096426460095
45.484,-0.009816625654952092
45.488,0.01384203700221653
45.492,-0.012578649908337377
45.496,0.00871926690637126
45.5,0.006614542129820732
45.504,-0.008882767584511654
45.508,-0.02495034906178398
45.512,-0.018785026655436566
45.516,-0.008457147979818606
45.52,-0.06424109271002869
45.524,-0.0980052587157017
45.528,-0.13401479438860936
45.532,-0.1324987713582557
45.536,-0.14319561979595116
45.54,-0.11445451464399752
45.544,-0.03441075536295102
45.548,0.04306095553206911
45.552,0.14460760596872715
45.556,0.295490176527137
45.56,0.5086357556919338
45.564,0.7010470110869126
45.568,0.8634698112051336
45.572,0.967073234322049
45.576,0.9759570638000234
45.58,0.8723723964617883
45.584,0.6875310256232452
45.588,0.49108668323656063
45.592,0.2970021665038076
45.596,0.13527251765933895
45.6,0.021266722144245895
45.604,-0.1083304875375518
45.608,-0.19100844681183365
45.612,-0.23271552861186798
45.616,-0.2455269933429426
45.62,-0.20511290001685303
45.624,-0.14980484147554718
45.628,-0.09351194883962088
45.632,-0.02235378379471035
45.636,-0.013270798295373976
45.64,-0.01917156994113347
45.644,0.0013128090954613193
45.648,-0.008103309821014324
45.652,0.005077286615926137
45.656,-0.012735233904622202
45.66,-0.00970842416204672
45.664,0.005221451813470551
45.668,0.012273156720004437
45.672,0.007965098611631303
45.676,0.012277445522584716
45.68,0.008458242678891278
45.684,0.00764979778335227
45.688,0.0023527541851749347
45.692,0.01728792452199402
45.696,0.021525618345568508
45.7,0.013166269081437398
45.704,0.015604474751321224
45.708,0.03617604387797014
45.712,0.02411528798535084
45.716,0.029760197756302485
45.72,0.039210853368388324
45.724,0.0394884757623213
45.728,0.03913906049850215
45.732,0.05881303373747974
45.736,0.06317802813904246
45.74,0.09137469002425891
45.744,0.09107526816755254
45.748,0.08830629530412798
45.752,0.11341383703025786
45.756,0.1217945578097179
45.76,0.14504985833525524
45.764,0.14049159322485244
45.768,0.16181575434292886
45.772,0.17339347951421744
45.776,0.18951815744942382
45.78,0.1945382722214084
45.784,0.22331567012169137
45.788,0.23540459598929225
45.792,0.2570365409900768
45.796,0.25612462635454947
45.8,0.2630255793141697
45.804,0.2846444379689696
45.808,0.2769334435149695
45.812,0.3022170740481719
45.816,0.3069341698093825
45.82,0.3115743760184496
45.824,0.30376582006249314
45.828,0.2942157061710372
45.832,0.29735428195110275
45.836,0.2953991701321985
45.84,0.2795755775709293
45.844,0.29044884102360125
45.848,0.27336903827358794
45.852,0.24777741469548156
45.856,0.26353019497994185
45.86,0.23274983926452883
45.864,0.20719162412653358
45.868,0.19568024569877931
45.872,0.2044117245508818
45.876,0.19323481621906313
45.88,0.17061705768678098
45.884,0.15950848023633782
45.888,0.14468127437901165
45.892,0.12481997820127431
45.896,0.10992002417380375
45.9,0.10013457108654664
45.904,0.09099210751685397
45.908,0.0659424838417707
45.912,0.07125606893824095
45.916,0.06995530542839669
45.92,0.04558017411346494
45.924,0.03760248651663049
45.928,0.03937118448964354
45.932,0.02271459694782256
45.936,0.011332067762222908
45.94,0.0318951668140624
45.944,0.01239782892123951
45.948,0.014095489552809794
45.952,0.00527141144361794
45.956,0.02200572559425964
45.96,0.015988192330129488
45.964,0.003572535862317325
45.968,-0.007033765099320071
45.972,0.0003037136080346835
45.976,0.008669875560423191
45.98,0.004206753330666749
45.984,0.0028932923150254935
45.988,0.003507959118407334
45.992,0.008654624872213246
45.996,0.000394156834462485
46.0,0.0051154618546761
46.004,-0.009406303380242545
46.008,0.025884500878554522
46.012,-0.0025816253158330712
46.016,0.0022255616926929373
46.02,0.005803702740910857
46.024,-0.004006598903802235
46.028,0.00015158603708245616
46.032,9.505342354669588e-06
46.036,-0.00910267763131379
46.04,0.004412669788794182
46.044,-0.01647332419162282
46.048,0.017540333306888024
46.052,0.007938943014867502
46.056,0.006397626252697246
46.06,-0.017361991373009734
46.064,-0.007922197712677216
46.068,0.013895691306207355
46.072,0.04151424614939591
46.076,0.01194885647824664
46.08,0.010372224648694256
46.084,0.005254721293982715
46.088,-0.008465340368981882
46.092,0.00997060850582023
46.096,-0.010975587892918127
46.1,-0.012036795857731628
46.104,-0.012607721800583609
46.108,0.009987045762131355
46.112,-0.00017052424466338116
46.116,0.0016995462799000998
46.12,0.0009989731189986109
46.124,-0.009381752918547252
46.128,-0.0037339816298004687
46.132,-0.0016094142316857123
46.136,-0.0071315089916580265
46.14,0.005119788662582725
46.144,0.003729777496944295
46.148,0.026063211793197216
46.152,0.03419294078041668
46.156,0.02362023733512765
46.16,0.044258382724921275
46.164,0.0780246300116128
46.168,0.06317534318501482
46.172,0.09157774860550363
46.176,0.10286795935712256
46.18,0.12665076272217457
46.184,0.1311614359322275
46.188,0.1341356089853934
46.192,0.14639732430805186
46.196,0.15033038025537468
46.2,0.14860788445964385
46.204,0.1325624165492904
46.208,0.15091721271129424
46.212,0.1389200631502524
46.216,0.10533681827454847
46.22,0.09886658808281355
46.224,0.08512244577690631
46.228,0.06147752037058783
46.232,0.040851232012420066
46.236,0.040567739865284856
46.24,0.03303450194145133
46.244,0.013205521904994313
46.248,0.02208391441582998
46.252,0.026192837571009635
46.256,0.018599136998412022
46.26,0.00566606061060361
46.264,-0.01380099292243399
46.268,0.010136029612002065
46.272,0.0033431182075835397
46.276,0.005398971452686056
46.28,0.02005352830117218
46.284,-0.007843571200252098
46.288,-0.02851780521783566
46.292,-0.010406693960601869
46.296,0.00492961722264901
46.3,0.0003057249615080605
46.304,-0.012137683754111846
46.308,-0.014188338122144071
46.312,-0.003545301458705744
46.316,-0.01248084638861524
46.32,0.005097932520189899
46.324,-0.004575771650510254
46.328,-0.007933029748583209
46.332,-0.012678219997146363
46.336,-0.010680396595910514
46.34,-0.029204754517289048
46.344,-0.05416999518250814
46.348,-0.08893140552265039
46.352,-0.1253057546532869
46.356,-0.1551539224358837
46.36,-0.14772851160358
46.364,-0.1112745913998865
46.368,-0.026546156752999907
46.372,0.025635227293895786
46.376,0.15210802038686638
46.38,0.31192627465649364
46.384,0.49776450069810624
46.388,0.7152985559688838
46.392,0.8786280049246294
46.396,0.9835987077843298
46.4,0.9942666581117874
46.404,0.9001454794376084
46.408,0.7183736888777676
46.412,0.49689992723237975
46.416,0.30232085636901457
46.42,0.13759063334542004
46.424,0.0035489710497740223
46.428,-0.1159431718529077
46.432,-0.18121882933835892
46.436,-0.23624433898420633
46.44,-0.2432946246547799
46.444,-0.22091680600138885
46.448,-0.15086810164057926
46.452,-0.11269363019875407
46.456,-0.05517031059541558
46.46,-0.027646277660742527
46.464,-0.005316839755661416
46.468,0.016474044231807393
46.472,0.005556052536376541
46.476,0.015108145653422762
46.48,0.007475201576259465
46.484,0.012626834746414115
46.488,0.0203621671283166
46.492,-0.005011248365841014
46.496,-0.005019111744756112
46.5,0.010440816681652703
46.504,0.0047034733678752915
46.508,0.008153026526460182
46.512,0.004932884249121354
46.516,0.0032312415874375224
46.52,0.027527364087547385
46.524,0.0028496509503948848
46.528,0.023697463518886935
46.532,0.025574100200091578
46.536,0.008610294504465474
46.54,0.020788591830814877
46.544,0.027847870309484414
46.548,0.04623258712298329
46.552,0.04380711481681976
46.556,0.05432786881975842
46.56,0.04915525089575824
46.564,0.09639331675004724
46.568,0.0841004002956796
46.572,0.0994638872484006
46.576,0.10094390147951862
46.58,0.11242936642470841
46.584,0.15133323943840318
46.588,0.12682859353572382
46.592,0.16298142788279846
46.596,0.16253866732962824
46.6,0.18515266970033983
46.604,0.197275089544916
46.608,0.20795522782047315
46.612,0.23182660713759498
46.616,0.21873611925355993
46.62,0.2532831377627379
46.624,0.26643158976313774
46.628,0.26332325363610093
46.632,0.30014322713625746
46.636,0.2855267184130613
46.64,0.2938015473107833
46.644,0.29311526067393984
46.648,0.2991843344377068
46.652,0.31212704871526803
46.656,0.32092270287314906
46.66,0.29895154220870723
46.664,0.2959220705965444
46.668,0.29411805678807185
46.672,0.2698669483756286
46.676,0.2721894910745688
46.68,0.2523937537055794
46.684,0.23296888483814757
46.688,0.22137782565557004
46.692,0.18550296898275687
46.696,0.19218580325758955
46.7,0.15927816309002782
46.704,0.14400344112535216
46.708,0.14798433272716302
46.712,0.12112330809497146
46.716,0.11893966570248828
46.72,0.10778672128291472
46.724,0.09635334034849836
46.728,0.07439272587365206
46.732,0.08216292027115375
46.736,0.06287762161986873
46.74,0.059629148922422964
46.744,0.03554415526433268
46.748,0.03883115192293402
46.752,0.04547217453824909
46.756,0.03881960431194411
46.76,0.016446140338518316
46.764,0.014892322000738171
46.768,0.006960451802290209
46.772,0.007295845629712365
46.776,-0.0026610749248488184
46.78,0.007820347989879333
46.784,0.013757820114295648
46.788,-0.0018953588126639324
46.792,0.0038388514057244496
46.796,0.0015515133681609727
46.8,0.01350619316004872
46.804,-0.003806226178087052
46.808,-0.00395837609797171
46.812,-0.00707598473212006
46.816,-0.01031373088320493
46.82,0.006100465868609958
46.824,-0.0007389822204381189
46.828,0.001008524235322885
46.832,0.013090522808413498
46.836,0.013576347177507128
46.84,-0.016273787600782293
46.844,0.006616588752959071
46.848,0.0023571766947034643
46.852,-0.004543014000193863
46.856,0.0033292652841827373
46.86,-0.01722636508004248
46.864,0.014653028511701851
46.868,0.005168213488461207
46.872,-0.008638813346862067
46.876,-0.00584492306987374
46.88,-0.017025088622569042
46.884,-0.0031351328596564607
46.888,-0.004824159280393721
46.892,-0.013248671656407045
46.896,0.007769293470167632
46.9,0.012770846214344989
46.904,-0.0002688646630501671
46.908,-0.003047575919681653
46.912,0.004367118453434624
46.916,-0.00016300655042150866
46.92,-0.010758470163071202
46.924,-0.006409438866609493
46.928,-0.002752251932616947
46.932,0.0028556833995334622
46.936,0.0007355859548494862
46.94,0.0031791737348453725
46.944,-0.013492748161746755
46.948,0.00944535738279156
46.952,0.004365993830426174
46.956,0.03207537017079547
46.96,0.005772264923259961
46.964,0.01709206511214889
46.968,0.04769148530371978
46.972,0.028411873009726637
46.976,0.03453121357948193
46.98,0.03577473605144182
46.984,0.07296105999094313
46.988,0.05945261460286156
46.992,0.08956534584767516
46.996,0.09507932247507052
47.0,0.11196198246661875
47.004,0.11234899811984657
47.008,0.15061920604030418
47.012,0.1421393332358894
47.016,0.13706209979729686
47.02,0.16227976126993537
47.024,0.14145458680648662
47.028,0.14303378869510847
47.032,0.13824350687724815
47.036,0.12235719890597944
47.04,0.08189364756026152
47.044,0.09634772925091749
47.048,0.07399227088996846
47.052,0.0580402825877201
47.056,0.04779519488854171
47.06,0.021881256868165243
47.064,0.03068537374593936
47.068,0.007588404319629684
47.072,0.012418412568863044
47.076,0.012276603448913948
47.08,0.01806438823146173
47.084,-0.0033160081872444964
47.088,0.01768539962869873
47.092,0.011475035793106887
47.096,-0.0030559638707989036
47.1,-0.010342799822902244
47.104,-0.014001576706051877
47.108,0.0029670225344265457
47.112,-0.007233878713840111
47.116,0.012069013637462055
47.12,-0.006755317574396862
47.124,-0.008986166348501927
47.128,0.0023461974576606624
47.132,-0.006858330348141507
47.136,7.046628646718735e-05
47.14,0.009772579062038855
47.144,0.0007909947043837884
47.148,-0.00019469868509647227
47.152,-0.0023513994095656168
47.156,-0.028691971496788572
47.16,-0.022849893270875207
47.164,-0.05030579778089074
47.168,-0.0767825415271056
47.172,-0.11433116334025488
47.176,-0.14531446971504866
47.18,-0.13241875213769616
47.184,-0.11653301587905122
47.188,-0.05461592162331819
47.192,0.022335911429659065
47.196,0.14250708056781142
47.2,0.28336498847751623
47.204,0.4893463406967727
47.208,0.6969439556359438
47.212,0.869211381004686
47.216,0.9926755618195602
47.22,0.9773021699302751
47.224,0.887640860102476
47.228,0.7285231197694508
47.232,0.5273771729801872
47.236,0.32641474094041206
47.24,0.1417797773490005
47.244,0.030740949791782567
47.248,-0.07216164265501965
47.252,-0.16809486296905726
47.256,-0.22331971018511027
47.26,-0.24254950607109893
47.264,-0.2232546865171173
47.268,-0.15915220822877707
47.272,-0.08014197320664866
47.276,-0.05800581678235887
47.28,-0.029431585450770827
47.284,0.0015619833925653304
47.288,0.008894392522369928
47.292,-0.008825124833126906
47.296,-0.002063870996038406
47.3,-0.004044576314579865
47.304,0.0020217602438567274
47.308,0.012764737838661638
47.312,-0.005811982234505842
47.316,0.013750311037746717
47.32,0.004647526154898543
47.324,0.027852541611795185
47.328,0.008955112970260923
47.332,0.006228941849602712
47.336,0.014674534847043506
47.34,0.007629983256911927
47.344,-0.004481861402054801
47.348,0.013984149866818677
47.352,0.01725000511010106
47.356,0.0078756977230144
47.36,0.027673963282553896
47.364,0.013013605382445528
47.368,0.03621501959607462
47.372,0.048907947396774204
47.376,0.05503309996727743
47.38,0.058382362585532484
47.384,0.07092128364642394
47.388,0.07407264359758478
47.392,0.09299334477459227
47.396,0.10523562904715328
47.4,0.10816093735274254
47.404,0.13300738837344528
47.408,0.14666670942542354
47.412,0.15654081776249512
47.416,0.1968457866853395
47.42,0.18577550848562926
47.424,0.19886846758429713
47.428,0.21164901152985496
47.432,0.21990305696426346
47.436,0.24952733963660195
47.44,0.2479680360147145
47.444,0.2602155251239506
47.448,0.27028755651480574
47.452,0.27413154800018297
47.456,0.27316543078105215
47.46,0.29100189003820176
47.464,0.3074859841002754
47.468,0.3019506926698
47.472,0.314898345523749
47.476,0.3042104582296101
47.48,0.2974948567049952
47.484,0.3048661011075891
47.488,0.2771987502932891
47.492,0.26942227584330647
47.496,0.25795743827838724
47.5,0.26163727639935713
47.504,0.23339970740806257
47.508,0.21332371661975233
47.512,0.21158326620813506
47.516,0.18312027173591935
47.52,0.18207055799003488
47.524,0.16639177236997882
47.528,0.1461133272182992
47.532,0.13980895581741454
47.536,0.10593797871611395
47.54,0.1097419313664933
47.544,0.0914996576023563
47.548,0.1135483014154016
47.552,0.07610893574028038
47.556,0.05906174907369642
47.56,0.04257277268169175
47.564,0.061584338657934834
47.568,0.03802446881468392
47.572,0.02739038574750453
47.576,0.03318648695326576
47.58,0.03153029904002246
47.584,0.0272176605056082
47.588,0.01749921065736607
47.592,0.0158383550637446
47.596,0.013976252117202569
47.6,0.012839502913998959
47.604,0.011902762100230575
47.608,0.017087566231558465
47.612,0.00546310600194213
47.616,-0.004286130496353614
47.62,0.00161345364855838
47.624,0.009928854452099883
47.628,-0.01600666025451543
47.632,-0.016371988113344626
47.636,0.010284444943109173
47.64,0.016041308760110777
47.644,-0.012015489981641519
47.648,0.0014837857787727631
47.652,-0.0036369949336860475
47.656,-0.0023418717091958524
47.66,0.003252075500375485
47.664,-0.012784312704548958
47.668,-0.010966895581653285
47.672,-0.0029362385843545074
47.676,-0.001398849906215399
47.68,-0.011220278439006482
47.684,0.00792438809145969
47.688,-0.004155899320038101
47.692,-0.004204345344982776
47.696,0.0028362320722806
47.7,-0.0012823979039963296
47.704,0.008379379305441475
47.708,-0.00933104766697427
47.712,-0.013971649519259617
47.716,-0.003096247083694169
47.72,0.0006037520699977254
47.724,-0.012405977943512456
47.728,-0.013875085237350772
47.732,0.0018275199779840318
47.736,-0.007568874040952849
47.74,-0.014507492199175522
47.744,0.00968763581612062
47.748,-0.006252976718748468
47.752,0.011618459789977808
47.756,0.000502057817666373
47.76,0.003330259789366165
47.764,-0.0014582616719498493
47.768,-0.025453012584322757
47.772,-0.009576514972729107
47.776,0.0015899887810871703
47.78,0.00805793813940705
47.784,-0.011236551490390243
47.788,0.009266845077976893
47.792,0.0028411154345747754
47.796,0.022012917209442814
47.8,0.026612756981972373
47.804,0.04305051512857701
47.808,0.05679103592793127
47.812,0.06281020451591056
47.816,0.0802372913492338
47.82,0.08240547775764116
47.824,0.12865646730055022
47.828,0.10223922927922184
47.832,0.12180886834155956
47.836,0.14659199644655663
47.84,0.15269941705391324
47.844,0.15418726583502573
47.848,0.15644430007142957
47.852,0.1254412062695677
47.856,0.15522047671225508
47.86,0.12731522099155462
47.864,0.12951822256121814
47.868,0.08292029804819599
47.872,0.09134323083540405
47.876,0.06876530840506559
47.88,0.0664967187844196
47.884,0.05156169597558254
47.888,0.04121674668661916
47.892,0.01782131466872263
47.896,0.02037936474150173
47.9,0.013254986555107574
47.904,0.015501212128910043
47.908,0.01709579630157272
47.912,0.006298927009161181
47.916,-0.009651399280847678
47.92,0.0030426776946397794
47.924,0.027323135833635687
47.928,0.0171884617331341
47.932,-0.029317420455079318
47.936,0.000876931121848509
47.94,0.00945667763381001
47.944,-0.0017497939359747423
47.948,-0.004562073372422583
47.952,-0.0026496847244506885
47.956,0.005531488141803274
47.96,-0.01148295610249593
47.964,0.01187047335549591
47.968,-0.0006532419424231464
47.972,-0.009754539056192224
47.976,0.009764675072960981
47.98,-0.020056305295922915
47.984,-0.01776984443744409
47.988,-0.033336544318908076
47.992,-0.031754103641414996
47.996,-0.09409187080530741
48.0,-0.14324422577217946
48.004,-0.1496294537569233
48.008,-0.13754000770731176
48.012,-0.10390645200352289
48.016,-0.031358070838566704
48.02,0.04362623493737271
48.024,0.14530598422708582
48.028,0.2854019111983528
48.032,0.49759166873550265
48.036,0.6816057296245722
48.04,0.8605136482111969
48.044,0.9759551782813901
48.048,0.9783879504258434
48.052,0.8913207038082681
48.056,0.7211026322651906
48.06,0.5254981094985254
48.064,0.3166509076724929
48.068,0.13903320599840122
48.072,-0.002093834570697624
48.076,-0.09585807908394717
48.08,-0.18320158315800442
48.084,-0.24106932598750067
48.088,-0.2489705228543851
48.092,-0.20897034750780064
48.096,-0.14341811238238908
48.1,-0.10670347873371532
48.104,-0.051995244597458294
48.108,-0.014396131174915767
48.112,-0.016851411439823966
48.116,-0.0028330488358784866
48.12,-0.0006673945733862575
48.124,-0.012538885640391356
48.128,0.002674376234696214
48.132,0.0016558745391879025
48.136,0.007297730512611982
48.14,-0.009616788263645055
48.144,0.0029830251081350728
48.148,0.01748509472892678
48.152,0.025410811082684205
48.156,0.018623289047156405
48.16,-0.004505667228110948
48.164,0.01351846798535903
48.168,0.006266237799509893
48.172,0.01642405505561364
48.176,0.008801628853952168
48.18,0.0028353061306723784
48.184,0.020535899251019188
48.188,0.035840038079098586
48.192,0.036804181691836274
48.196,0.04399270998045749
48.2,0.0489404960389686
48.204,0.05844848341146164
48.208,0.0681642180532017
48.212,0.06944209721880673
48.216,0.08319040715134887
48.22,0.11080068633835947
48.224,0.10659066196212638
48.228,0.1181343542209073
48.232,0.1319302952486153
48.236,0.14246503917103673
48.24,0.15445636909306892
48.244,0.17533749414484315
48.248,0.18274168786145506
48.252,0.20081477187404306
48.256,0.20856111639501335
48.26,0.2312612128487246
48.264,0.24904532440605143
48.268,0.25320392200557956
48.272,0.24625292854462824
48.276,0.2819567511982747
48.28,0.28550031647058866
48.284,0.28099001563357046
48.288,0.3035340140052113
48.292,0.2848591340694326
48.296,0.310444724883749
48.3,0.2986474929782154
48.304,0.2738609886346304
48.308,0.2938103011316256
48.312,0.2816768290133116
48.316,0.2722337768349278
48.32,0.2609859352294582
48.324,0.25631880705954535
48.328,0.24082189832345305
48.332,0.21424625646306172
48.336,0.23193894844510496
48.34,0.2026568116198393
48.344,0.18334817727344435
48.348,0.1648352869138093
48.352,0.16935102162391796
48.356,0.1344269149659
48.36,0.13491417006067816
48.364,0.11442753263338898
48.368,0.1023351005722492
48.372,0.08460074089508815
48.376,0.07826579638451191
48.38,0.07421781583054698
48.384,0.06699405295293319
48.388,0.04815123137537532
48.392,0.047307630669964656
48.396,0.050130076263186316
48.4,0.018430684347965662
48.404,0.0295441708085048
48.408,0.015336694559120003
48.412,0.010188393459296405
48.416,0.019772174351385355
48.42,0.0086751194557039
48.424,-0.0006124978322967038
48.428,0.022634247789387957
48.432,0.016784796257192924
48.436,-0.013237860829476499
48.44,-0.009892766193814463
48.444,0.00977783739968559
48.448,0.00017639257201414356
48.452,0.017371711564239306
48.456,0.00800198838490606
48.46,0.004414360577842422
48.464,-0.00912938605045949
48.468,0.005744770088794406
48.472,-0.01212865945924612
48.476,0.013525840866374919
48.48,0.0045754092570309355
48.484,-0.007985242496284658
48.488,0.008241001021034242
48.492,0.022557736907300504
48.496,-0.0020723062496559408
48.5,0.005579359724971673
48.504,-0.004264154301799311
48.508,0.000892235527488155
48.512,-0.015044839269348952
48.516,1.4123785070173198e-05
48.52,0.0004493952081923115
48.524,0.017999472254269545
48.528,-0.017943455677723878
48.532,-0.002804309784395006
48.536,0.012884266002043754
48.54,-0.002415613051047334
48.544,-0.0017119964033476957
48.548,-0.008331638416713312
48.552,-0.009325419174530121
48.556,-0.01825811668439174
48.56,-0.006291873605253543
48.564,-0.009893363434909905
48.568,0.001180521828805363
48.572,-0.0078765668805883
48.576,-0.004795767452652148
48.58,-0.004521805152552121
48.584,-0.0004811392479203347
48.588,-0.005284122708113588
48.592,-0.01061551468249696
48.596,0.0008625706460316617
48.6,0.010684848643650987
48.604,0.0013046041959674896
48.608,-0.00605949855854337
48.612,-0.0011582356655593358
48.616,-0.020371285219164606
48.62,-0.0011512853139777754
48.624,-0.003578236503244811
48.628,-0.008608259427666486
48.632,-0.006311877761469848
48.636,-0.0021404840801910996
48.64,0.013027385862047458
48.644,0.015703845334902877
48.648,-0.0020938419120493284
48.652,0.005346225388246978
48.656,0.010102711072212358
48.66,0.02900839753224835
48.664,0.02982076581383865
48.668,0.03842985636773637
48.672,0.053690360058239225
48.676,0.054740379631052896
48.68,0.08796261312556138
48.684,0.08868105310665715
48.688,0.09461885302062181
48.692,0.11469119132216604
48.696,0.14161218051091615
48.7,0.1350294861604408
48.704,0.15574379145137637
48.708,0.1434292434568093
48.712,0.1416691171352348
48.716,0.15180040937201403
48.72,0.12888837263420622
48.724,0.135375411944351
48.728,0.11801685565371682
48.732,0.09176755378772183
48.736,0.08527333110153493
48.74,0.06622133884194441
48.744,0.061779725336236664
48.748,0.06506239364002969
48.752,0.031960984356907966
48.756,0.032187800821926196
48.76,0.019945609389255103
48.764,0.014330955094586196
48.768,0.008170733102450239
48.772,-0.0018995224112280133
48.776,0.007772238660837769
48.78,-3.335906237108589e-05
48.784,-0.007252014336815238
48.788,0.011243336196481941
48.792,0.0016487082673453442
48.796,-0.0018971797756117449
48.8,0.013618580207556
48.804,-0.01824010770589658
48.808,0.012793350169530832
48.812,-0.008767621220869657
48.816,0.0021328103390046726
48.82,-0.005872529390194687
48.824,-0.0092302561255388
48.828,0.013114993199912783
48.832,0.018436706321020024
48.836,-0.0027374214418828405
48.84,0.001492602496994579
48.844,-0.005053068934021924
48.848,0.002837937920819369
48.852,-0.05284615918063246
48.856,-0.05545646979433823
48.86,-0.10145003622499306
48.864,-0.150871479512482
48.868,-0.1491953915971961
48.872,-0.12002594565682087
48.876,-0.10927583581208088
48.88,-0.03221448419237656
48.884,0.06084062628526517
48.888,0.16923542854589252
48.892,0.3289117526607267
48.896,0.5029887328878132
48.9,0.7161926700547595
48.904,0.9045438164383826
48.908,0.9913206605336612
48.912,0.9840817469055936
48.916,0.8689202373307979
48.92,0.7070626475153063
48.924,0.47439138948947845
48.928,0.30165683606527366
48.932,0.12433633625261169
48.936,0.00752773880012916
48.94,-0.1288852562814502
48.944,-0.19498968666084807
48.948,-0.2445922247937682
48.952,-0.239649165777097
48.956,-0.1911828621305424
48.96,-0.14193762931456533
48.964,-0.07661032080530603
48.968,-0.05273041234229146
48.972,-0.02842888480773488
48.976,-0.007204930141196999
48.98,-0.0023952958073009917
48.984,-0.0019102894726615376
48.988,-0.00891584697338818
48.992,0.013042612415599288
48.996,-0.002216033659308064
49.0,0.016096083464002212
49.004,0.002490105028580548
49.008,0.009505425484111612
49.012,0.009415433282531563
49.016,-0.003397285899097321
49.02,0.009749846441465416
49.024,0.026858294499095825
49.028,0.011896798758710896
49.032,0.02055548777074776
49.036,0.021045178268058247
49.04,0.0202147184133194
49.044,0.022559211592641643
49.048,0.030293593595786244
49.052,0.03721199973189972
49.056,0.021503764468471076
49.06,0.04368285687563906
49.064,0.046336132415197684
49.068,0.05204729744444229
49.072,0.07755135645195052
49.076,0.06674436249097747
49.08,0.07046285529222046
49.084,0.10353065030444356
49.088,0.093318394424693
49.092,0.10091391842871866
49.096,0.14258312098459136
49.1,0.14892207716510192
49.104,0.16629276101152693
49.108,0.1716162359538813
49.112,0.17674455491306582
49.116,0.19316476093074456
49.12,0.21642089367595202
49.124,0.2200170553269228
49.128,0.24867679841902843
49.132,0.2529045499704208
49.136,0.2701584618484335
49.14,0.27930638040581035
49.144,0.2895679591241874
49.148,0.2969923416129898
49.152,0.29309099930432236
49.156,0.3010514454797087
49.16,0.30235173127641435
49.164,0.2745658726977268
49.168,0.30228812966022073
49.172,0.2924530746205837
49.176,0.28997946356632787
49.18,0.26323352323328436
49.184,0.2632354460894584
49.188,0.2444707867237034
49.192,0.25071786787188005
49.196,0.2162027486001705
49.2,0.20725572605765752
49.204,0.2076911243182603
49.208,0.18158410481607462
49.212,0.16404571924629127
49.216,0.1679549871748508
49.22,0.15419719305663648
49.224,0.13819545157526125
49.228,0.12626581468493836
49.232,0.1029207607527998
49.236,0.0913841944282063
49.24,0.0759382650014942
49.244,0.07391918022413903
49.248,0.057638442598954794
49.252,0.0501162578806215
49.256,0.0528152089715252
49.26,0.05184351475839512
49.264,0.03793758579660108
49.268,0.04658414383025304
49.272,0.016949357294517756
49.276,0.0016105099059430493
49.28,0.023687377104568863
49.284,0.005881411605309772
49.288,0.008373174355805018
49.292,-0.00867965082841695
49.296,-0.0017184356360159863
49.3,-0.009193168080503678
49.304,0.00029860282250693086
49.308,-0.0002730250052277077
49.312,0.0037867631997668943
49.316,0.014652514117705394
49.32,0.008519523737530652
49.324,-0.014871726392869718
49.328,0.007114620470372402
49.332,0.0019051891192310082
49.336,-0.00038237975226526415
49.34,0.00022094057547926454
49.344,0.002380096648426624
49.348,-0.006670563284525678
49.352,-0.0016404036304933367
49.356,0.011973555201937118
49.36,-0.006941380844970542
49.364,-0.010228220404339827
49.368,-0.0005662845321517504
49.372,-0.011269390576178944
49.376,-0.017202087904789196
49.38,-0.0034265151758393385
49.384,0.014498951193535135
49.388,-0.00037714933566182176
49.392,0.0017919876499693874
49.396,-0.021297058076775316
49.4,0.004384620215192947
49.404,0.0009366927388488872
49.408,-0.006645502295157163
49.412,0.0018062720876767158
49.416,0.0017117867046689272
49.42,-0.010574607308321443
49.424,0.003357391798859733
49.428,0.012044557440560414
49.432,-0.002144602366852739
49.436,-0.008433711542887785
49.44,-0.0013514217696101868
49.444,0.00927092071145238
49.448,-0.011056571971615255
49.452,0.00774359599498832
49.456,-0.003683106139511017
49.46,0.0071954894361555485
49.464,0.0015322646736458372
49.468,0.00484062127278455
49.472,0.03023802401215083
49.476,0.006794341284430893
49.48,0.03318477227783258
49.484,0.0547734770168893
49.488,0.05513434660228986
49.492,0.04733897485464907
49.496,0.0614490731778007
49.5,0.08112147040205302
49.504,0.10469738781370411
49.508,0.11919187099660414
49.512,0.11652880327599335
49.516,0.1305174552945174
49.52,0.13811135435684685
49.524,0.14786868870467015
49.528,0.16918215030716427
49.532,0.13589727715939268
49.536,0.12789666572086766
49.54,0.11586745139095578
49.544,0.12091227823920428
49.548,0.10015019412367811
49.552,0.07708612974269685
49.556,0.06813936872530889
49.56,0.05042843997261858
49.564,0.04919072340677235
49.568,0.06255222165223966
49.572,0.032391988294449225
49.576,0.018797865977179577
49.58,0.007461119619451802
49.584,-0.00359587575577559
49.588,0.014022688528332272
49.592,0.011222232406475303
49.596,-0.0018015768920994408
49.6,0.013932900906911008
49.604,0.0013149835576508075
49.608,0.00840767141227193
49.612,0.0033466671310031005
49.616,-0.001552817349717992
49.62,-0.009427833522146873
49.624,-0.0013900522286297292
49.628,0.00845485896604957
49.632,-0.00506381537253074
49.636,0.004405553618270559
49.64,-0.010827557074636743
49.644,0.007776897341777647
49.648,0.0030047495536232602
49.652,-0.012543325161979715
49.656,-0.004093089124109462
49.66,0.003715464094576207
49.664,-0.02700525103519408
49.668,-0.042330866843328166
49.672,-0.05978805219463531
49.676,-0.07269474420061425
49.68,-0.13392093442064198
49.684,-0.1406086539336654
49.688,-0.13599465942771338
49.692,-0.10881764251207819
49.696,-0.03882560049493322
49.7,0.04394349844096752
49.704,0.1652048451234708
49.708,0.3103534133682711
49.712,0.5190571590974128
49.716,0.7315276362274727
49.72,0.8954600129032351
49.724,1.0014306119005347
49.728,0.9864819342683512
49.732,0.8676398290336909
49.736,0.6797070025388292
49.74,0.47468829179541894
49.744,0.27164541129969083
49.748,0.12094312807751534
49.752,-0.007455609016170296
49.756,-0.09908480974871492
49.76,-0.1912861202446219
49.764,-0.24920968205113597
49.768,-0.255524049398887
49.772,-0.20568631124241415
49.776,-0.13786040564891097
49.78,-0.09123415549710466
49.784,-0.04075065102179829
49.788,-0.022088740665447096
49.792,-0.0002304947874280797
49.796,-0.017994544751631945
49.8,0.015985473925000798
49.804,-0.010456335346461424
49.808,0.008991977521539856
49.812,-0.0013110930308676712
49.816,0.0006750585375321807
49.82,-5.080532925936295e-05
49.824,0.005574121269970953
49.828,0.008409796263673297
49.832,0.015424426644799257
49.836,0.02015163578972102
49.84,0.010886315855582897
49.844,0.026509168154824854
49.848,0.012462602141828257
49.852,0.02487520531971479
49.856,0.021417713956782325
49.86,0.015186388453472702
49.864,0.026614265052047472
49.868,0.0345896191235979
49.872,0.03467916860632494
49.876,0.045310956433456985
49.88,0.05679975282737948
49.884,0.05569456633382818
49.888,0.03511500986936815
49.892,0.09081712578760964
49.896,0.08138971056446974
49.9,0.08729237827806374
49.904,0.09622975641055426
49.908,0.11677456282016195
49.912,0.12781619152297102
49.916,0.13990604012125743
49.92,0.15468422874638232
49.924,0.1812771897949036
49.928,0.21083157425703455
49.932,0.21316855755423444
49.936,0.2303107128430361
49.94,0.22891155106014696
49.944,0.24660099179246772
49.948,0.2617463855561451
49.952,0.2616701363267701
49.956,0.27346114537781857
49.96,0.2942156254386484
49.964,0.30287773463672113
49.968,0.29718897415108286
49.972,0.2872529102953997
49.976,0.2970364614771123
49.98,0.2844501837842888
49.984,0.29659143712166525
49.988,0.2935317322826945
49.992,0.2816629757655685
49.996,0.27855665860972406
50.0,0.27060557951049025
50.004,0.2580031278182721
50.008,0.23130918603021508
50.012,0.22777724687704495
50.016,0.22069913770111182
50.02,0.2181951162916775
50.024,0.18521934136599855
50.028,0.17889870848580183
50.032,0.16772918657695143
50.036,0.1428122051667202
50.04,0.14251517980576417
50.044,0.12985429078571908
50.048,0.11909131771161716
50.052,0.09806214970532366
50.056,0.10606473691584777
50.06,0.0661298081352969
50.064,0.08419537587541281
50.068,0.062163540914165635
50.072,0.06025024391035749
50.076,0.0368245876439694
50.08,0.04242342609421187
50.084,0.04293148053737858
50.088,0.013148962934979403
50.092,0.018372548531591922
50.096,-0.004858114901261309
50.1,0.011827727592761763
50.104,0.0029595518594472195
50.108,0.006848620144740919
50.112,0.03651673350889575
50.116,0.023012612907032444
50.12,-0.009748358604979695
50.124,0.009233516875152493
50.128,0.010879411931257537
50.132,-0.001121327925045859
50.136,0.003535414520762215
50.14,0.004111276044360698
50.144,-0.012430482751930077
50.148,-0.009524743386509028
50.152,0.0023195546511769155
50.156,0.0014425015256505887
50.16,-0.006750642216403352
50.164,-0.007695143935696006
50.168,-0.0007144519611320168
50.172,0.008995849694580723
50.176,-0.0006670498458786808
50.18,0.01629806412893521
50.184,-0.006907346090823983
50.188,0.001967422590546136
50.192,-0.003517176214264911
50.196,0.005897786413330599
50.2,-0.007803143439056123
50.204,0.019282843457260217
50.208,-0.01689999126504121
50.212,0.017159017534738
50.216,0.0009027633940361555
50.22,0.005526199434850308
50.224,0.01334656683347223
50.228,0.008577499369953499
50.232,-0.007299676115995572
50.236,0.0060012977144457864
50.24,0.01867502864914202
50.244,-0.0088726699458037
50.248,0.021184580972781045
50.252,0.00385752134382629
50.256,-0.00433128729072909
50.26,-0.008930822407146202
50.264,-0.0022285510449585673
50.268,-0.019543943321887285
50.272,-0.004134775927985994
50.276,-0.0025948290073091445
50.28,-0.01067867743831072
50.284,0.007599718324474535
50.288,-0.001968684518049814
50.292,-0.005972514415520776
50.296,-0.00259207504655088
50.3,0.004656898284677866
50.304,0.00253472654194362
50.308,-0.004145877816718166
50.312,0.005691710667061781
50.316,0.006188231518831025
50.32,-0.0015438486458752166
50.324,0.011242751694666242
50.328,0.025543052312619947
50.332,0.03263222139752879
50.336,0.03344217936851587
50.34,0.05303865689936864
50.344,0.0485882034555271
50.348,0.0623254991048616
50.352,0.08358586486801178
50.356,0.11558885202936614
50.36,0.11623571790740642
50.364,0.12448545719953845
50.368,0.15313905021457688
50.372,0.1423801018825816
50.376,0.17169026624603648
50.38,0.14455787713317814
50.384,0.13609067036842493
50.388,0.1375517766638915
50.392,0.12671602187195968
50.396,0.10880973441159626
50.4,0.1290888230845406
50.404,0.0917738607890559
50.408,0.07885882598522166
50.412,0.05598615791392255
50.416,0.04246236078041186
50.42,0.04768142177613942
50.424,0.01154418302496234
50.428,0.00943370471126839
50.432,0.012516242394080175
50.436,0.024007906747628698
50.44,0.0034206552102973493
50.444,0.008929461370290099
50.448,0.0033695644785293214
50.452,0.014917408408483789
50.456,-0.014642696291764146
50.46,0.008083088472905321
50.464,-0.0015654557589942493
50.468,0.009490524484910797
50.472,-0.008058394617748977
50.476,0.00031680983541155003
50.48,-0.0009865599474601825
50.484,-0.010004574799656607
50.488,-0.012794640732465546
50.492,-0.005802494367728185
50.496,0.0012824553696852725
50.5,-0.0076643562118676924
50.504,-0.0037123688580806154
50.508,-0.02036044866325546
50.512,-0.008375354610139562
50.516,-0.0021254390828574256
50.52,-0.020834159192783974
50.524,-0.05446301342003546
50.528,-0.08527694548711434
50.532,-0.13037490626479692
50.536,-0.12771717730060522
50.54,-0.12120790946219086
50.544,-0.1095162753001634
50.548,-0.02729412141564234
50.552,0.024032522425101406
50.556,0.1326356799045173
50.56,0.28944769801020603
50.564,0.48177636149778696
50.568,0.7110299106645576
50.572,0.8662991978327668
50.576,0.9723736874934555
50.58,0.9813373873378931
50.584,0.9055294975720325
50.588,0.7308360054019922
50.592,0.5106368423439382
50.596,0.2993616491221099
50.6,0.13843266153000539
50.604,0.029538304631508618
50.608,-0.09236617453151291
50.612,-0.18419230231624148
50.616,-0.21723835086964086
50.62,-0.2245390473120758
50.624,-0.21259882350973403
50.628,-0.1567114860664521
50.632,-0.10401993107545016
50.636,-0.05524325008069072
50.64,-0.0385689590114946
50.644,-0.02386752418075422
50.648,-0.019853653716168543
50.652,0.010573492222497394
50.656,-0.015032984551795947
50.66,0.02049358810220294
50.664,-0.005958534800784811
50.668,0.019126282425997815
50.672,-0.0013910934041944704
50.676,-0.012769353057822511
50.68,0.016516929547087604
50.684,0.018668472190491642
50.688,-0.003221415430945212
50.692,0.003969252501974425
50.696,-2.50732258142098e-05
50.7,0.009922238667754163
50.704,0.014698683990090763
50.708,0.013051569901039612
50.712,0.0018297353759477823
50.716,0.01822864165356906
50.72,0.03571405411065081
50.724,0.031909238668395706
50.728,0.036772710406423104
50.732,0.03756349814110171
50.736,0.04840777979486109
50.74,0.07707475533188966
50.744,0.06091849106334188
50.748,0.08970813610164077
50.752,0.0939877391130464
50.756,0.10777758533408757
50.76,0.11055340357358472
50.764,0.12755982655189085
50.768,0.1447694625323757
50.772,0.15379038885424737
50.776,0.17675468125807164
50.78,0.1925630964792133
50.784,0.22418456489417327
50.788,0.2194308010707171
50.792,0.21123362623852207
50.796,0.254998083620228
50.8,0.25343573057977165
50.804,0.28659159322718175
50.808,0.2908797752713971
50.812,0.2793430417403816
50.816,0.29821654240848305
50.82,0.2899134810342058
50.824,0.29889757059025446
50.828,0.306752807459482
50.832,0.31032846191219754
50.836,0.30545442235021636
50.84,0.2927059485055534
50.844,0.3104796951048568
50.848,0.2740381540547518
50.852,0.25215872933462047
50.856,0.24329531729424517
50.86,0.2602515677040291
50.864,0.23187338913971528
50.868,0.2206274153253501
50.872,0.19948827977573533
50.876,0.18595086478421052
50.88,0.168058694292719
50.884,0.1661674514775013
50.888,0.1462539058268859
50.892,0.13774690044374446
50.896,0.12348860226147701
50.9,0.10316962362815019
50.904,0.08089803818327578
50.908,0.06887058678697515
50.912,0.1042668020979859
50.916,0.07930443145917067
50.92,0.069301868518758
50.924,0.041374670515136096
50.928,0.04125486774520896
50.932,0.026827524910429022
50.936,0.016419540679154514
50.94,0.018898924969157033
50.944,0.03392710293365997
50.948,0.025526673488953367
50.952,0.004390711563256005
50.956,0.008376602036446216
50.96,0.016856856777153182
50.964,0.0018527281758250304
50.968,0.0068633357833726115
50.972,0.008855453493342963
50.976,0.007740736853442888
50.98,0.0055570172691827326
50.984,-0.004178686793623687
50.988,-0.003677242989678
50.992,-0.009921638180856278
50.996,-0.014527933010693437
51.0,-0.0003200923519931357
51.004,0.00878927260165879
51.008,-0.013331201618297211
51.012,0.0030824002914955828
51.016,0.008108346350742104
51.02,-0.018173886661139636
51.024,-0.002563903293140894
51.028,0.016565536749309485
51.032,0.005594324517515149
51.036,-0.018650652185292597
51.04,0.006621973309795456
51.044,-0.007449898984232669
51.048,0.006932600120207444
51.052,-0.006886803648814399
51.056,-0.000519867394412016
51.06,-0.005366711871301279
51.064,4.064389125431667e-05
51.068,-0.005660375626636322
51.072,-0.002214629866810026
51.076,-0.011718325669935553
51.08,0.004976417453124813
51.084,0.001880816341241611
51.088,-0.01593544441254762
51.092,0.010332485255742225
51.096,-0.0010726502217717586
51.1,0.002769311230627654
51.104,0.009518886216555361
51.108,0.006252475205619867
51.112,0.016242070673768347
51.116,0.003981422886343641
51.12,0.02049679193983011
51.124,0.01575956596288896
51.128,0.025346610076761665
51.132,0.031599278533955596
51.136,0.048939432715499574
51.14,0.05441018689795525
51.144,0.05500230999946148
51.148,0.06653535546575041
51.152,0.08677759230876798
51.156,0.09417596667197016
51.16,0.10516670519050837
51.164,0.10689757599518493
51.168,0.12293381488774445
51.172,0.1655697628861936
51.176,0.1429468742799976
51.18,0.16856417928065562
51.184,0.14979900173351968
51.188,0.13801081759807196
51.192,0.11327830503287291
51.196,0.11585863348538582
51.2,0.12083143123942797
51.204,0.1029859098562677
51.208,0.07582005539364842
51.212,0.04806479985619399
51.216,0.037730677882392025
51.22,0.02809713647025809
51.224,0.04041967903680297
51.228,0.0366475515962101
51.232,0.01653575544272458
51.236,0.007156593554193885
51.24,0.02242688329128716
51.244,-0.005177761748390445
51.248,0.0035005683700198493
51.252,0.006511076508069947
51.256,-0.00747110686035757
51.26,-0.005665735312061474
51.264,-0.006732275219599232
51.268,0.014397953694820106
51.272,0.019271716485906646
51.276,0.0012172000838077369
51.28,-0.0026456604760443213
51.284,-0.00597970110083452
51.288,2.6318112901576872e-05
51.292,-0.005501403074748767
51.296,-0.000990105659468893
51.3,0.004024342579770329
51.304,-0.004513066794653436
51.308,-0.003552763400740483
51.312,-0.006936798021458829
51.316,-0.016458067300397453
51.32,-0.033992157382996366
51.324,-0.048489216757068854
51.328,-0.10834990681147741
51.332,-0.10876796189438734
51.336,-0.14344414395412558
51.34,-0.13437110567967805
51.344,-0.1001943495106355
51.348,-0.05446051767009819
51.352,0.02972943828577693
51.356,0.14563829477207516
51.36,0.3080392244239346
51.364,0.5072857937883813
51.368,0.6982266078741228
51.372,0.8874233970856938
51.376,0.9621271363512003
51.38,0.982401010286615
51.384,0.8940784400629723
51.388,0.7030864951774306
51.392,0.49048817238389436
51.396,0.2967013460761537
51.4,0.1072161164049523
51.404,-0.0077356162263592845
51.408,-0.09665455217410986
51.412,-0.1962430235768083
51.416,-0.2428891629019331
51.42,-0.26620640502634274
51.424,-0.22463650726586568
51.428,-0.1397411931056105
51.432,-0.08771965678444724
51.436,-0.06241728599480047
51.44,-0.028370101753955178
51.444,-0.008500904597095545
51.448,-0.014294402990322946
51.452,-0.02020751957183165
51.456,-0.0009692297009521364
51.46,0.006748299553927478
51.464,0.007293939298608814
51.468,0.010542119305469317
51.472,-0.013229888881672956
51.476,0.0035291619652890963
51.48,0.0010659787451004848
51.484,0.0038653284045018885
51.488,0.003828349558008249
51.492,0.0008110464827624508
51.496,-0.02098891652201188
51.5,0.0229322280877384
51.504,0.01714131410011489
51.508,0.001982585320216862
51.512,0.025053725914650812
51.516,0.01991647801924242
51.52,0.024894136664574153
51.524,0.02677632739589214
51.528,0.04593985995134559
51.532,0.039461047903288846
51.536,0.04419516679303127
51.54,0.0750267987654699
51.544,0.07132087747980204
51.548,0.0818869661574613
51.552,0.10136987454680893
51.556,0.09964374008703951
51.56,0.11424183548377335
51.564,0.13522978734994692
51.568,0.13054708347226743
51.572,0.16237015416285955
51.576,0.16706035400011976
51.58,0.19772116950010957
51.584,0.20908691088662348
51.588,0.22192572093121973
51.592,0.21536934933351326
51.596,0.24335124294774985
51.6,0.24463669957841458
51.604,0.26694024099692815
51.608,0.253741113535022
51.612,0.2695845099427906
51.616,0.3033476692149173
51.62,0.29985745307916756
51.624,0.2954945058013992
51.628,0.2909125462468227
51.632,0.28820782461418093
51.636,0.2982035396930284
51.64,0.28807276650135744
51.644,0.30052678447854747
51.648,0.27512822849500734
51.652,0.2679910298419698
51.656,0.2426305860825805
51.66,0.2408939484010361
51.664,0.23333216729970702
51.668,0.2141813170389007
51.672,0.19889660493116923
51.676,0.19256994297886015
51.68,0.18990011029535095
51.684,0.16174162424150196
51.688,0.15753236570607537
51.692,0.1385138851577335
51.696,0.12988662034354279
51.7,0.10033573843568307
51.704,0.09248222766941479
51.708,0.08143283231298881
51.712,0.07866339118757622
51.716,0.07171649042676018
51.72,0.0564892214582389
51.724,0.056293813187499514
51.728,0.03499731661493453
51.732,0.043367320108024326
51.736,0.03928846921825831
51.74,0.0312049425886135
51.744,0.021699019307387567
51.748,0.023988618798275657
51.752,0.004926787494354084
51.756,0.013319009422707773
51.76,0.012212058138249547
51.764,-0.005864690498233027
51.768,0.010704339047248008
51.772,-0.007740546647151119
51.776,-0.0005204671109881607
51.78,0.0033544077178699547
51.784,-0.004996233893254041
51.788,0.002620470622928292
51.792,0.0020507023304756223
51.796,-0.007139740542296325
51.8,0.006488915547192217
51.804,-0.007029009374264721
51.808,0.023340500108964553
51.812,-0.0007504243160025181
51.816,-0.011457209815559767
51.82,-0.009654717712423808
51.824,0.011614154796018137
51.828,-0.003990728689417033
51.832,-0.013564682768702704
51.836,0.008589599326475178
51.84,-0.00411824012487233
51.844,0.006560822539452407
51.848,0.00937444770683398
51.852,0.002757807293069757
51.856,0.023968251576908347
51.86,-0.017241066878724527
51.864,-0.008175113649167166
51.868,-0.0025564671528862668
51.872,0.022613876852594743
51.876,0.01798165794191183
51.88,0.012888423964063693
51.884,-0.00793931590022755
51.888,-0.006771937247787899
51.892,-0.008279489492624094
51.896,-0.007822227695355094
51.9,0.014950644670724622
51.904,-0.0023922948966620576
51.908,-0.001029754425908664
51.912,0.007900007480998646
51.916,-0.016356390627747377
51.92,0.0010120448231320455
51.924,-0.010144586922120042
51.928,-0.001580786425104617
51.932,-0.0036657875759572496
51.936,-0.002924455673310042
51.94,0.007549480799817369
51.944,0.010117143744461158
51.948,0.009307960243784719
51.952,0.0200313831925272
51.956,0.013889143547115379
51.96,0.03724626512190078
51.964,0.03791998539978092
51.968,0.04636723703007332
51.972,0.0559704489056539
51.976,0.07535853450579626
51.98,0.11094459979443992
51.984,0.10599643217558041
51.988,0.10870672476860534
51.992,0.14115279176582105
51.996,0.1365573815749971
52.0,0.15026067207783028
52.004,0.14389205714118464
52.008,0.16147034835829588
52.012,0.13775476404397535
52.016,0.1492999216177182
52.02,0.11375031450871813
52.024,0.10825923039600088
52.028,0.11099031214664744
52.032,0.08414872116612837
52.036,0.09106075120625451
52.04,0.05252007020290991
52.044,0.0460441751986917
52.048,0.05241770086073155
52.052,0.00982215406120375
52.056,0.0018242271183334935
52.06,0.004982067081145798
52.064,0.01709658672312754
52.068,-0.010045985396142133
52.072,0.009954394403140429
52.076,0.007823079955552387
52.08,0.021742353357550797
52.084,0.011429205269754245
52.088,0.004219421727359474
52.092,0.0139266038535624
52.096,0.005578302110280718
52.1,-0.004496562094528784
52.104,-0.01139020710601334
52.108,-0.0056644742513047505
52.112,-0.0003860038996045418
52.116,0.001756487899181225
52.12,-0.021355396136199665
52.124,-0.0022325669780364665
52.128,0.00010518479763348801
52.132,0.0047501838572535406
52.136,0.013795467428952922
52.14,-0.005324378121677067
52.144,-0.02686558337863342
52.148,-0.05564737213068199
52.152,-0.060420498723399635
52.156,-0.11156959841154784
52.16,-0.12495045817930273
52.164,-0.1324864046495451
52.168,-0.1478561660116688
52.172,-0.08432564198697522
52.176,-0.008087589992770362
52.18,0.08515880612107679
52.184,0.1833069494184271
52.188,0.36335789443109295
52.192,0.5571320366263058
52.196,0.77514487097416
52.2,0.931379009485211
52.204,0.9714078723610804
52.208,0.9585531748749702
52.212,0.8359372391755887
52.216,0.6369214920862959
52.22,0.43094708710575436
52.224,0.23939759909920313
52.228,0.07765252820637578
52.232,-0.03788389310611361
52.236,-0.1383856540345946
52.24,-0.2050929285640047
52.244,-0.23782941574407926
52.248,-0.23400564647333535
52.252,-0.17943437519625663
52.256,-0.13487505069135766
52.26,-0.09127634848056272
52.264,-0.03349603303368685
52.268,-0.014836959089071088
52.272,-0.0005955391387459496
52.276,-0.013975646882515746
52.28,0.018096045651761438
52.284,0.007882535103707362
52.288,-0.0017400218215202334
52.292,-0.007847318565275438
52.296,0.01272443279400391
52.3,-0.008507954856297989
52.304,0.025817800068500103
52.308,-0.002067529395898225
52.312,0.02232806325697413
52.316,0.004571224397032954
52.32,0.023791435582638125
52.324,0.0025231148468700627
52.328,0.012316509034378862
52.332,0.022852648010578784
52.336,0.02457852569038245
52.34,0.03265032717454296
52.344,0.0210426962633659
52.348,0.03168651978023274
52.352,0.04894361860362961
52.356,0.03577814124702691
52.36,0.0557193434114178
52.364,0.05579130460041831
52.368,0.06887823519823634
52.372,0.0773570339991062
52.376,0.07916763963522847
52.38,0.09580230636176557
52.384,0.1119897474760348
52.388,0.12234768587878878
52.392,0.15254849642907503
52.396,0.16086437102480947
52.4,0.1679694895120938
52.404,0.17194737633588003
52.408,0.18587674139619959
52.412,0.2282315411040747
52.416,0.21240716168944673
52.42,0.23708407249953012
52.424,0.2522100273071935
52.428,0.2571501017737394
52.432,0.2607129844031405
52.436,0.2719824031889419
52.44,0.28192311011931487
52.444,0.28617116969033185
52.448,0.31063228640911167
52.452,0.2994863736788838
52.456,0.2946533265187276
52.46,0.2993597711249065
52.464,0.3014843503947669
52.468,0.28605517000211345
52.472,0.29149949477970577
52.476,0.2611584473940196
52.48,0.27554168582133687
52.484,0.2524446156206973
52.488,0.23970093507604814
52.492,0.22004480604462776
52.496,0.20084807879119781
52.5,0.18217972054535006
52.504,0.1767117900866943
52.508,0.1756775483376414
52.512,0.1457981327734488
52.516,0.12584858661189777
52.52,0.11861983603831758
52.524,0.11081639977453553
52.528,0.09883981540212264
52.532,0.08938825002820058
52.536,0.09019223060432659
52.54,0.082387880806276
52.544,0.08083369803429202
52.548,0.03626557489765077
52.552,0.03652567165403187
52.556,0.0454435675474033
52.56,0.02805706923776569
52.564,0.036060950195275956
52.568,0.02504426200145652
52.572,0.03489363592947645
52.576,0.026208345769736338
52.58,0.023564948316853317
52.584,0.006448026704898131
52.588,0.007589313024646102
52.592,0.0038439017848141814
52.596,-0.00954072312146954
52.6,0.019104922434234995
52.604,0.010919677042256711
52.608,-0.0007298377665443012
52.612,0.015167667901814093
52.616,-0.004659426315907766
52.62,-0.01711525767220623
52.624,0.01104237618886071
52.628,-0.012049197844008418
52.632,-0.0014015000308149111
52.636,0.0024787254858088604
52.64,0.004166003970372042
52.644,0.008714721590222699
52.648,0.00597838071832956
52.652,0.005623195584001003
52.656,-0.007817184554504943
52.66,0.0030076807674714896
52.664,-0.015008675553251924
52.668,0.015654766627849273
52.672,-0.014001990437036121
52.676,-0.0034477428665778665
52.68,-0.013177091328045175
52.684,-0.007293564352720593
52.688,0.00013987798668939187
52.692,-0.0052837403468553755
52.696,0.011445086460391664
52.7,0.002270800639769713
52.704,-0.004627860970880161
52.708,-0.0013349191852510295
52.712,0.012197770981049039
52.716,0.009089591698448737
52.72,-0.011386307190281738
52.724,-0.006803853590420674
52.728,0.004753250888621781
52.732,0.003544439103860314
52.736,-0.01048249901800347
52.74,0.007532487730568834
52.744,-0.008830974947642959
52.748,0.013181308035403341
52.752,0.005550966933512922
52.756,-0.010870986489023241
52.76,-0.00452711240057676
52.764,-0.004196517829037705
52.768,0.003651274131908521
52.772,0.0011984187025071724
52.776,-0.006475207972564734
52.78,-0.0064783935682266695
52.784,0.0163957645558725
52.788,0.018393123701612155
52.792,0.022613966817730584
52.796,0.031876903445261305
52.8,0.0322808079402191
52.804,0.051293325530173295
52.808,0.08735087929584444
52.812,0.08742727767538062
52.816,0.08721295459390563
52.82,0.09931356698035429
52.824,0.08964449147693555
52.828,0.14105266421512616
52.832,0.14795757058192271
52.836,0.14129962767106352
52.84,0.13549777378814876
52.844,0.1375376538865632
52.848,0.14906323961327053
52.852,0.1358432207442202
52.856,0.13293191008735564
52.86,0.11406497330870757
52.864,0.10878579088386964
52.868,0.08828991308154682
52.872,0.07866149824995439
52.876,0.03616694383233385
52.88,0.032758323849393145
52.884,0.031102809788247383
52.888,0.03688761609641223
52.892,0.037903192919822526
52.896,0.011982968684689307
52.9,0.0033594429034823027
52.904,-0.013127011040808628
52.908,0.012879130656562782
52.912,-0.0027690724659380356
52.916,0.031298823485762926
52.92,-0.006344403444030551
52.924,0.02167875113376895
52.928,0.007847582453665064
52.932,-0.010076442272785398
52.936,0.002435324844512266
52.94,0.007775115193330263
52.944,-0.0022203609395517374
52.948,0.008396177857808216
52.952,0.00816696152953691
52.956,0.0059619849341829055
52.96,-0.00019322137408255238
52.964,-0.011894492285130578
52.968,-0.0013651379351136451
52.972,-0.00032462354913371204
52.976,-0.02496105176248272
52.98,-0.014017194590440561
52.984,-0.03488019097239157
52.988,-0.0753286014068196
52.992,-0.10096721169750279
52.996,-0.13303988147600276
53.0,-0.12682271112241586
53.004,-0.13410389460928826
53.008,-0.08746277328621616
53.012,-0.03393397234763924
53.016,0.04020616182229232
53.02,0.18960388669805678
53.024,0.3383438701243158
53.028,0.5364085388601045
53.032,0.7314779553431905
53.036,0.9093435901290479
53.04,1.005173766509674
53.044,0.983013321739566
53.048,0.8682423137617108
53.052,0.6829097474909009
53.056,0.4386618884552879
53.06,0.2566198074187878
53.064,0.09097303115896754
53.068,-0.014448562504053759
53.072,-0.13255881181321372
53.076,-0.20768957030073085
53.08,-0.24477340754900992
53.084,-0.23504193179363475
53.088,-0.21323874096214795
53.092,-0.1525197860142696
53.096,-0.08395567792958515
53.1,-0.030851632715683405
53.104,-0.018746642237555285
53.108,-0.014523065736096588
53.112,-0.023202549824533344
53.116,0.009576807345110716
53.12,-0.006644837331268846
53.124,-0.010385142376278902
53.128,-0.015703957492207633
53.132,-0.012509999545728777
53.136,-0.007192299845968765
53.14,0.0007038267660487508
53.144,-0.00816106739217214
53.148,0.006810599998117256
53.152,0.003745060037921436
53.156,0.029954296076055
53.16,-0.007472236735990146
53.164,0.013385931319483154
53.168,0.016122929123117715
53.172,0.007156417285624498
53.176,0.022017560557825003
53.18,0.03294535064770572
53.184,0.031036800579800846
53.188,0.04943156984793876
53.192,0.020067892281128746
53.196,0.04046678308210842
53.2,0.07150550934154029
53.204,0.0745862614297598
53.208,0.08043743548600724
53.212,0.09778006572130302
53.216,0.07752297309107477
53.22,0.11666602604508658
53.224,0.13208986714878518
53.228,0.12822201966387853
53.232,0.17497992611705523
53.236,0.16491215179364158
53.24,0.15551066098933447
53.244,0.19579657309646745
53.248,0.1991979474962944
53.252,0.2321256219768673
53.256,0.23949213924492
53.26,0.24081710895299457
53.264,0.27364236098955935
53.268,0.27867121840839126
53.272,0.27030700182852613
53.276,0.28485839512660527
53.28,0.29768055844474656
53.284,0.2932265696569196
53.288,0.29602583125472276
53.292,0.30033282601503575
53.296,0.2879870682179295
53.3,0.27310585440070617
53.304,0.29278337729787324
53.308,0.2637266204848357
53.312,0.26529983216789965
53.316,0.24767298308324062
53.32,0.23778232343079964
53.324,0.24632025767800358
53.328,0.22673983588693206
53.332,0.2126117490606553
53.336,0.1878070613104333
53.34,0.17992154196126123
53.344,0.17569881399303855
53.348,0.1569909068470164
53.352,0.15160528316757269
53.356,0.13933175572740356
53.36,0.1140212739909532
53.364,0.08554632558038025
53.368,0.08477013601805077
53.372,0.08042743763362459
53.376,0.06354369891741987
53.38,0.05152014339306635
53.384,0.05437495115194552
53.388,0.07042920810132816
53.392,0.034502474480349106
53.396,0.03338533075562839
53.4,0.0150464624777312
53.404,0.036026602713856506
53.408,0.028382570252466263
53.412,0.024294605375267394
53.416,0.026939690337569988
53.42,0.0066192001984882514
53.424,0.005812163526971592
53.428,0.02422130105372114
53.432,0.012031745074321303
53.436,-0.017652626524624307
53.44,0.008137753520256964
53.444,-0.0029967655413986375
53.448,0.01118335526779586
53.452,0.005789676053367204
53.456,-0.01608919017769568
53.46,0.0036962988091370982
53.464,0.002873294002468752
53.468,0.004214548627100496
53.472,0.006190958350245014
53.476,0.015284870118035873
53.48,0.004380098169105931
53.484,0.00040674717785546544
53.488,0.01160984496263421
53.492,0.02252211773643401
53.496,0.009219178720813626
53.5,0.002111246870836943
53.504,0.004360412092556212
53.508,0.0025853353350815456
53.512,0.00020272908768868622
53.516,0.02166399300940857
53.52,-0.007481987041307539
53.524,0.011554966517011036
53.528,-0.001254511022627804
53.532,-0.014801421292949658
53.536,-0.001881297149035879
53.54,-0.005466487328721562
53.544,0.005776634285903444
53.548,0.0009135998039207222
53.552,-0.0102198148776632
53.556,0.014710513176623106
53.56,0.010901930133096892
53.564,0.015861612471380602
53.568,0.0023717727638597054
53.572,-0.00035295288365371315
53.576,0.007044526775071159
53.58,-0.005756943921196823
53.584,0.0013352844484185232
53.588,-0.001690879354910038
53.592,-0.014488298520325054
53.596,0.001494876230348556
53.6,-0.004021980978532386
53.604,-0.0017605661822133662
53.608,0.00474954437246939
53.612,0.014536925873808833
53.616,-0.005610179680884103
53.62,0.0010895251003805984
53.624,-0.0009275676077142303
53.628,0.0015879058317520376
53.632,0.008234089552327822
53.636,0.017852471816616197
53.64,0.032853963668650336
53.644,0.03904869313820819
53.648,0.03582239409166901
53.652,0.07146500138086231
53.656,0.08140687021038254
53.66,0.07723990907670851
53.664,0.11300624948404617
53.668,0.11801462910200987
53.672,0.12579781967639617
53.676,0.14137459064508373
53.68,0.14505386782932939
53.684,0.15481716109880755
53.688,0.15152687932074635
53.692,0.1427775765404355
53.696,0.11886606370062572
53.7,0.13435925775578217
53.704,0.1130107608589527
53.708,0.11069759721572363
53.712,0.09325068513384735
53.716,0.07059092253562739
53.72,0.07069699635117248
53.724,0.050164745445359954
53.728,0.03895695700510338
53.732,0.0268342240532502
53.736,0.03762795476132151
53.74,0.00780236126435011
53.744,0.007229833163408533
53.748,-0.0052373453701702955
53.752,0.012014132050591226
53.756,-0.002743745232337636
53.76,-0.0027552447623736646
53.764,-0.003971141657061616
53.768,0.001346691611544743
53.772,-0.012086508545020962
53.776,-0.02219223099284064
53.78,0.004710618131559001
53.784,-0.021063177638130925
53.788,0.008579621007846414
53.792,0.01560491483178981
53.796,-0.0016328323405963537
53.8,0.012996447060385665
53.804,-0.00025978463797266096
53.808,0.015895596477836497
53.812,-0.004979836203509516
53.816,-0.025170671555465957
53.82,-0.005520189909960119
53.824,0.004601196237328076
53.828,-0.022752931763110645
53.832,-0.059071979784377025
53.836,-0.0848062573968008
53.84,-0.11270125441153472
53.844,-0.14493622790831465
53.848,-0.11544810954544087
53.852,-0.11586380549508597
53.856,-0.04242636914196157
53.86,0.03949065576272784
53.864,0.13954420373343882
53.868,0.2941066460398442
53.872,0.4962740904740277
53.876,0.6914723231126084
53.88,0.8741133673678491
53.884,0.9652805349397434
53.888,0.9963920376122791
53.892,0.8955025129987229
53.896,0.7181401462439969
53.9,0.5169174462656209
53.904,0.31207952036261527
53.908,0.14219419613038012
53.912,0.008601134969236056
53.916,-0.10494527249965796
53.92,-0.1637808761101734
53.924,-0.22712649752169276
53.928,-0.2536613537611718
53.932,-0.19137524728861005
53.936,-0.16022671950890108
53.94,-0.0973381968822727
53.944,-0.043031221467905646
53.948,-0.04318639003213072
53.952,-0.011232522722807652
53.956,-0.008320699715078251
53.96,0.0017949565910682893
53.964,0.004287126224529621
53.968,0.00022506886855883524
53.972,0.0001126753394298562
53.976,0.012408879062999029
53.98,0.005280290491923766
53.984,0.003314221593657037
53.988,0.00516708138413326
53.992,0.023020062068567333
53.996,0.00757969935702228
54.0,0.002158096570776624
54.004,-0.01003688022791813
54.008,-0.00318770774618864
54.012,0.008978783768658294
54.016,0.015515354752260542
54.02,0.014501831196332563
54.024,0.02759455170209269
54.028,0.023046340507146185
54.032,0.024913341021207742
54.036,0.04624151747365242
54.04,0.060641577872766646
54.044,0.04352173909833513
54.048,0.06551652757804022
54.052,0.053369355164268495
54.056,0.06786660055511325
54.06,0.08775024155951928
54.064,0.11680741336076
54.068,0.11022610461297687
54.072,0.12305917460761015
54.076,0.14533527007933786
54.08,0.15951932227621485
54.084,0.16574249218927525
54.088,0.2080045196626284
54.092,0.19995558604859476
54.096,0.21793244912282853
54.1,0.22647971675340298
54.104,0.2479005951361949
54.108,0.26794633395791256
54.112,0.283218540156441
54.116,0.26864274684010364
54.12,0.29548213250856725
54.124,0.2965549309633589
54.128,0.305640012686537
54.132,0.29797370003656665
54.136,0.29812418138742786
54.14,0.30853700427160907
54.144,0.306010810810197
54.148,0.3075556342782266
54.152,0.28755524628963275
54.156,0.27652686656505054
54.16,0.24352487190470595
54.164,0.2412092962112764
54.168,0.24143755574791328
54.172,0.2214890810980206
54.176,0.2270312996085146
54.18,0.1916620871455934
54.184,0.18531140984654904
54.188,0.17115578642115867
54.192,0.1733515036530535
54.196,0.14099688649680572
54.2,0.13777747148270084
54.204,0.12191398281697766
54.208,0.11633122461546527
54.212,0.10386543656865714
54.216,0.08388069108100268
54.22,0.05693275439560998
54.224,0.062109740514886484
54.228,0.05561393397570796
54.232,0.050903075335387404
54.236,0.03371493308495993
54.24,0.04632891792743549
54.244,0.029622842039795663
54.248,0.015534943998262423
54.252,0.01604260991964715
54.256,0.03637005266743424
54.26,0.020705544995270827
54.264,0.021984484340916835
54.268,-0.0010710657741625235
54.272,0.0006568226817701712
54.276,-0.0007610571275401276
54.28,0.006669184327027844
54.284,0.0020818615071536736
54.288,-0.0018871020888432473
54.292,-0.001288608096347441
54.296,-0.006112788004937441
54.3,-0.00038744130847146786
54.304,0.0122145169051061
54.308,-0.014306395820555514
54.312,0.00408961275526762
54.316,0.01427111915630691
54.32,-0.0014802963411090903
54.324,-0.005027556076495385
54.328,0.00943513985523304
54.332,-0.009700780479218754
54.336,-0.0001238313199228241
54.34,-0.010323789962314282
54.344,-0.01864729401965612
54.348,-0.0014814377327676306
54.352,-0.01260666757393951
54.356,-9.744674930827171e-05
54.36,0.011163803502921501
54.364,0.01855196722854739
54.368,0.0009418110132533046
54.372,0.010196643123771776
54.376,0.003992692754433733
54.38,-0.0038290526190139936
54.384,-0.019246355511709775
54.388,0.01626587205731235
54.392,-0.010490378423930278
54.396,0.013828162461370816
54.4,0.005368439201930992
54.404,-0.009759741377348065
54.408,0.003120570358823307
54.412,0.021330225218329904
54.416,0.015358812718201326
54.42,-0.005122400479187381
54.424,-0.007110173065867099
54.428,0.00102126799221814
54.432,-0.0016178547174076755
54.436,0.01206800567602635
54.44,0.0075263333231984095
54.444,-0.01668759916007059
54.448,0.004998781319610449
54.452,-0.0010862014688349762
54.456,0.0015459074523809545
54.46,0.004398492469860449
54.464,0.015011060039946254
54.468,0.01444623739351509
54.472,-0.0004723312137438493
54.476,0.009718385354757124
54.48,0.010247544177820669
54.484,0.0037131520373319266
54.488,0.02679601070886483
54.492,0.05537481375221862
54.496,0.030537187602852744
54.5,0.059710818579403135
54.504,0.07294903528341877
54.508,0.09073513710326937
54.512,0.0927241181606801
54.516,0.10197110300149745
54.52,0.11485124801925152
54.524,0.15208913803261
54.528,0.13611098133202526
54.532,0.1445906150487621
54.536,0.17049684175403587
54.54,0.1381984119065686
54.544,0.14157535583763686
54.548,0.13846056426934614
54.552,0.1254338009075074
54.556,0.08801871627305433
54.56,0.07969359457430242
54.564,0.07553993378553739
54.568,0.0783235848306833
54.572,0.03922762416494452
54.576,0.031293892226598154
54.58,0.031509225257552446
54.584,0.026267515671295077
54.588,0.021178609001692935
54.592,0.0015732301638279461
54.596,0.0015096882047015104
54.6,0.006685554901349056
54.604,0.01555232691627452
54.608,-0.0005388312268414274
54.612,0.0009109440378484373
54.616,-0.009580321687956648
54.62,0.01902852351825145
54.624,0.0017680461766752622
54.628,0.010902538899400063
54.632,0.00036652588994804584
54.636,0.0008882512684807515
54.64,-0.014984889538350905
54.644,-0.021499071813951647
54.648,0.012519445102056683
54.652,0.0007591841906071961
54.656,0.0019494284846385695
54.66,-0.012976234771027677
54.664,-0.010769008924410437
54.668,0.005324960657188033
54.672,0.0036435590638168418
54.676,-0.03665311362697198
54.68,-0.05066281970550701
54.684,-0.0901912160797305
54.688,-0.12687966390010777
54.692,-0.12663330968157135
54.696,-0.1442326233891793
54.7,-0.09313234886385098
54.704,-0.040623622295792944
54.708,0.042755165643557844
54.712,0.17512410196045636
54.716,0.32041079190428495
54.72,0.5074442234780446
54.724,0.7257899552479266
54.728,0.899710596058019
54.732,0.9999600875091437
54.736,0.9451069684168205
54.74,0.8808257562016043
54.744,0.6988994861427812
54.748,0.49019169646103267
54.752,0.30209668722052635
54.756,0.13413084663394065
54.76,0.004301509954794062
54.764,-0.11378909018929392
54.768,-0.1781053366641732
54.772,-0.23149326745378776
54.776,-0.2367539827463501
54.78,-0.20140071369605117
54.784,-0.1376458945354934
54.788,-0.08157925481920374
54.792,-0.049151976254934664
54.796,-0.011382573199384663
54.8,-0.006114592026941804
54.804,0.016972880692956598
54.808,0.010859426518224354
54.812,-0.0056133632752152504
54.816,0.024343220274192924
54.82,-0.019629972011011427
54.824,0.008181826999356085
54.828,-0.004633604953735606
54.832,0.02180083365533539
54.836,0.0063143050874429315
54.84,-0.003156485093157878
54.844,0.0033348222057365106
54.848,0.00034114396140300183
54.852,0.006209299347403721
54.856,0.008120672475576258
54.86,0.006440307852411677
54.864,0.019656038177204332
54.868,0.024386316397823123
54.872,0.014602177903058794
54.876,0.012703195012309144
54.88,0.037800507658850846
54.884,0.04615061875262921
54.888,0.05505435079855953
54.892,0.06100146813805679
54.896,0.07979682754430717
54.9,0.08347498526867117
54.904,0.11058856649028113
54.908,0.125912776200888
54.912,0.08923021824636779
54.916,0.0974712556289217
54.92,0.1326417996853039
54.924,0.15156532406069353
54.928,0.1599758982448008
54.932,0.18223586951287576
54.936,0.18704647924642875
54.94,0.1972553430751689
54.944,0.2129098418488271
54.948,0.2299712795740094
54.952,0.2533213929239562
54.956,0.25200178276155294
54.96,0.2648298784760034
54.964,0.2829503603355295
54.968,0.28329632092813817
54.972,0.30284766915498107
54.976,0.2871226741707009
54.98,0.28774456279966526
54.984,0.30304508336953545
54.988,0.30301536215495123
54.992,0.2873992892913501
54.996,0.3047196403622923
55.0,0.30401620486716885
55.004,0.2703412019949289
55.008,0.28186451870229723
55.012,0.23223308211795718
55.016,0.25475984922345923
55.02,0.22244971624056176
55.024,0.22711076757761592
55.028,0.19356519385339355
55.032,0.1880333976030508
55.036,0.16606823779798263
55.04,0.15757786132638102
55.044,0.16382811109783968
55.048,0.13067607312676
55.052,0.13962762767339756
55.056,0.10208407835340462
55.06,0.1090090582224871
55.064,0.06677621669869063
55.068,0.06994196794150012
55.072,0.058072010929416024
55.076,0.07029054648806426
55.08,0.049087344865943065
55.084,0.019489905079217457
55.088,0.021182685679623503
55.092,0.018802573407850756
55.096,0.033595542031460715
55.1,0.028256435975262676
55.104,0.013722108319599231
55.108,0.00827184450356578
55.112,0.018406555893879642
55.116,-0.002165924362556828
55.12,0.011942601324981046
55.124,0.0096303950868553
55.128,0.001958084018928552
55.132,0.007699974080405646
55.136,0.003949047449597873
55.14,0.007262309539691706
55.144,-0.011564423439702038
55.148,0.007515655022996358
55.152,0.011316703581961083
55.156,0.004009805446618226
55.16,0.006617836685727152
55.164,-0.0006437268185250475
55.168,0.009253648578928695
55.172,0.0009051371614508846
55.176,-0.011293022860582048
55.18,0.008338783021530703
55.184,-0.016241959534413576
55.188,0.0028998042219006543
55.192,-0.003790452157919167
55.196,-0.004444265321854323
55.2,0.001746148355868353
55.204,-0.007074358178350412
55.208,0.005135042947380213
55.212,0.0005770075976988705
55.216,-0.006166683291571807
55.22,0.013386097205622257
55.224,0.0020507649010666554
55.228,0.006310004693600104
55.232,0.014167234428596572
55.236,0.014002691573299319
55.24,0.005798466549956756
55.244,-0.00302615608678983
55.248,-0.014296707761575234
55.252,0.00206723919341661
55.256,0.010946322983774253
55.26,0.003544041357252406
55.264,-0.03444401144855353
55.268,0.008704422791238285
55.272,0.009322787269448969
55.276,-0.0029965805111875667
55.28,0.009914241004449304
55.284,0.006338117885966719
55.288,-0.006746265951909776
55.292,0.012910382446350437
55.296,-0.012325775114330535
55.3,2.9053689215036084e-05
55.304,-0.0005595230748039811
55.308,-0.006599682502538103
55.312,0.005679032352350317
55.316,0.01721263737951419
55.32,0.018708445758987953
55.324,0.01644687585706936
55.328,-0.003689444919586806
55.332,0.005275883312041424
55.336,0.027170845843187737
55.34,0.033693399840791255
55.344,0.039283812634489435
55.348,0.07516578582717967
55.352,0.07039247772276633
55.356,0.0889292248815471
55.36,0.10790974070944921
55.364,0.11272409534550963
55.368,0.15102518799863707
55.372,0.12661654509983306
55.376,0.1380782624860828
55.38,0.13945344100217436
55.384,0.16552023779423047
55.388,0.15511902070618513
55.392,0.13526470348469827
55.396,0.12255144510553168
55.4,0.13307507803897917
55.404,0.10923144974830888
55.408,0.10529647539780579
55.412,0.07614782242672265
55.416,0.06807654483357689
55.42,0.0533469381278396
55.424,0.032997709842568945
55.428,0.02836846281911453
55.432,0.010231282492400106
55.436,0.02087401063247359
55.44,0.018822001346032007
55.444,0.017588660721494467
55.448,0.011803690868107813
55.452,0.002065637131171946
55.456,0.017645742208451082
55.46,0.010239132679341977
55.464,0.014679525769621886
55.468,0.014979870450241912
55.472,-0.0009882848666194692
55.476,0.004028382517826139
55.48,0.007827123435775614
55.484,-0.011448170331669021
55.488,-0.011247390046384038
55.492,-0.012982155422181065
55.496,-0.0010777811618942288
55.5,-0.0033446401786777847
55.504,-0.014428472323291319
55.508,0.0011726770507303813
55.512,-0.002162143583546355
55.516,0.007965876887760551
55.52,0.00962243980946432
55.524,-0.01982827489923851
55.528,-0.05521143974835458
55.532,-0.07480043617734308
55.536,-0.11637356058038958
55.54,-0.14394696659815728
55.544,-0.1529464383580105
55.548,-0.12338772718280604
55.552,-0.06724489714863154
55.556,0.021808567205741383
55.56,0.12723923612776358
55.564,0.28482943517139325
55.568,0.455105188407411
55.572,0.6559876978988014
55.576,0.8374185149315015
55.58,0.9574817400705138
55.584,0.9910727644576365
55.588,0.9111684804789565
55.592,0.7299753063934785
55.596,0.5425257277951989
55.6,0.367652024106071
55.604,0.1811442632112037
55.608,0.03111810063482736
55.612,-0.07707549464357719
55.616,-0.191282406336147
55.62,-0.22696935168702495
55.624,-0.23310433011895185
55.628,-0.22151037391206962
55.632,-0.1850038573017931
55.636,-0.11215947670944765
55.64,-0.04654480398809507
55.644,-0.025077945218677303
55.648,-0.025010331554788448
55.652,0.02030874836984082
55.656,-0.013070835457696328
55.66,-0.001950035160929269
55.664,-0.009443444939814822
55.668,-0.009079939242138289
55.672,-0.0028480760878569255
55.676,0.008521735434934093
55.68,0.01567406637789464
55.684,-0.00033591551491339404
55.688,-0.005640351200937482
55.692,0.010394904995943513
55.696,0.012085719895080187
55.7,0.011099844176684576
55.704,0.013482274719776675
55.708,0.012016943549389883
55.712,0.016984136989318586
55.716,0.017544213156220373
55.72,0.0339765107517382
55.724,0.0500845257414485
55.728,0.03479057495651892
55.732,0.038843081856019125
55.736,0.04814978431106458
55.74,0.04650117353716265
55.744,0.0690553876403762
55.748,0.07499513762458469
55.752,0.07641057138290723
55.756,0.10050627367872118
55.76,0.1033492762535068
55.764,0.10588009708990771
55.768,0.1321874853454458
55.772,0.1447009775130151
55.776,0.1660405308232266
55.78,0.17915808032314284
55.784,0.1842930145169231
55.788,0.1951616431582672
55.792,0.21415599506593544
55.796,0.23158091834006056
55.8,0.24593718550486532
55.804,0.25639753645911706
55.808,0.26368657952286495
55.812,0.2845064878276915
55.816,0.27629588446196623
55.82,0.31473515521184564
55.824,0.3027475552391265
55.828,0.28719379492397923
55.832,0.3017850823145044
55.836,0.30720811987991253
55.84,0.29362908516700437
55.844,0.2779508153653715
55.848,0.27650900103425863
55.852,0.28464818434816136
55.856,0.2524801721408874
55.86,0.2449692693533797
55.864,0.25309019312646247
55.868,0.23277792162842656
55.872,0.21455791553390233
55.876,0.2025227445763629
55.88,0.17836722273312716
55.884,0.18337764849578111
55.888,0.15596756195820585
55.892,0.14439156305315437
55.896,0.13930471591192156
55.9,0.11986479180646696
55.904,0.10259778651162987
55.908,0.07767221197101273
55.912,0.08993966764522987
55.916,0.07657658389275174
55.92,0.06098213443508222
55.924,0.04700677952251969
55.928,0.04957963724356989
55.932,0.04715166204280645
55.936,0.03700895285251099
55.94,0.04684275547061592
55.944,0.032637109397046477
55.948,0.020286107773117068
55.952,0.025096939050742634
55.956,0.015084226023187527
55.96,0.012404551926469711
55.964,0.022688098177351818
55.968,-0.0011193895540435438
55.972,0.006547488088651229
55.976,0.01693669100945766
55.98,0.0070864034266214845
55.984,-0.000541444795136045
55.988,-0.01459607092615628
55.992,-0.02078543872407985
55.996,0.022244404769944836
56.0,0.004223816788070758
56.004,-0.004971738622796503
56.008,0.0041535061461575595
56.012,-0.0089802719922838
56.016,-0.00294033943561358
56.02,-0.009132932120660138
56.024,-0.013928392351025583
56.028,-0.020899780352771836
56.032,-0.01586706681887998
56.036,0.010292276417878601
56.04,-0.009811618307226216
56.044,0.005389867812485069
56.048,0.009595598057049558
56.052,0.00018638004534557982
56.056,-0.0029712174258149713
56.06,0.0013403167798419263
56.064,-0.0041592051211845425
56.068,0.012043925936989153
56.072,0.018768676687073074
56.076,0.014500458517411373
56.08,-0.02151388971799129
56.084,-0.004368736066221649
56.088,4.340290877088634e-05
56.092,0.004633462101100487
56.096,-0.01726775731986242
56.1,-0.01742385435083157
56.104,0.01308868258839938
56.108,-0.005551066064328957
56.112,-0.014798348020480733
56.116,-0.01089702866145348
56.12,0.004154910118706534
56.124,-0.007787777679455157
56.128,0.003162747142037469
56.132,-0.008546305908781682
56.136,-0.015431147311736355
56.14,0.01741982244131591
56.144,0.008871444358202855
56.148,0.003999782651783662
56.152,0.005518493613106171
56.156,0.029949890939317176
56.16,0.027178575067328025
56.164,0.040270335836477114
56.168,0.03219106613057238
56.172,0.0494465707561476
56.176,0.0654130174054743
56.18,0.06956279866055716
56.184,0.08850586590402969
56.188,0.09808951621627811
56.192,0.12166787970474965
56.196,0.11666679372893687
56.2,0.1454462350660547
56.204,0.14962652148233963
56.208,0.1477260669570445
56.212,0.1536968492361668
56.216,0.1412398245481073
56.22,0.13044387560377582
56.224,0.131971214597005
56.228,0.11966316830285169
56.232,0.09467577960982536
56.236,0.07929682936318692
56.24,0.06914989977631385
56.244,0.052099589153625656
56.248,0.06084327767008513
56.252,0.03832812104181791
56.256,0.026580643708885764
56.26,0.010043145933573116
56.264,0.021225100224442347
56.268,0.0035159141823244587
56.272,8.737936478975944e-06
56.276,0.01204948652823101
56.28,0.006660598074001965
56.284,-0.023282806491918755
56.288,-0.0005047274799981
56.292,0.0018958350234150334
56.296,-0.0030231263896478336
56.3,0.0018151328453343137
56.304,-0.017979938162211877
56.308,-0.02824718090273841
56.312,-0.00972158333046419
56.316,0.0028393294902108236
56.32,-0.03224184728044139
56.324,-0.008436320588948268
56.328,-0.019253917088670514
56.332,-0.002562084628968872
56.336,0.019015539929967174
56.34,-0.0041528284601298916
56.344,-0.007007095672893299
56.348,-0.00674251904731313
56.352,-0.032687910919413886
56.356,-0.06307844507033128
56.36,-0.08680092354440096
56.364,-0.12403429420127714
56.368,-0.1430250749095177
56.372,-0.13872699076755365
56.376,-0.10353811997439324
56.38,-0.026962452663970758
56.384,0.050956893031232776
56.388,0.1890032848619539
56.392,0.326586557945968
56.396,0.5451743143871866
56.4,0.7382863440898458
56.404,0.8930483997508695
56.408,0.9980055300138788
56.412,0.970358058420295
56.416,0.8597066342752205
56.42,0.6696579935088106
56.424,0.4666715341966768
56.428,0.28568255728718295
56.432,0.12054531134514455
56.436,-0.026888140956894645
56.44,-0.13225153221251595
56.444,-0.19742246986833323
56.448,-0.2383393574433809
56.452,-0.2466455014934267
56.456,-0.18477685134429953
56.46,-0.13442758785820327
56.464,-0.0924094253801512
56.468,-0.05149142651478282
56.472,-0.021532528068990746
56.476,-0.010262179166100754
56.48,0.010713579296475456
56.484,0.009850249215022729
56.488,0.0010454759671077508
56.492,0.007853230275634266
56.496,0.009662163616276063
56.5,0.0024427164683645266
56.504,0.006419888409342281
56.508,0.009001649854268953
56.512,0.008762178232317338
56.516,-0.0028839003696884864
56.52,-0.0006277439287591694
56.524,0.004775605762410576
56.528,0.002418078976576638
56.532,-0.003064174075808293
56.536,0.02101893702119897
56.54,0.020781021121625116
56.544,0.007502231780256902
56.548,0.02264450717575798
56.552,0.028004255488031444
56.556,0.03715026834007556
56.56,0.030736007384456608
56.564,0.035024473369078477
56.568,0.06159101664690016
56.572,0.04972795626312163
56.576,0.0722698965916169
56.58,0.08171461575176085
56.584,0.0949479134119693
56.588,0.11069640646081266
56.592,0.13686162954049888
56.596,0.11821863468079007
56.6,0.15683799962130526
56.604,0.13719806917846444
56.608,0.19073994446008347
56.612,0.17092104005112446
56.616,0.23013629710278666
56.62,0.21597268378143206
56.624,0.24633931821871133
56.628,0.25709799231822505
56.632,0.2537593557166395
56.636,0.26524043324670316
56.64,0.26983844134731083
56.644,0.29394583137048014
56.648,0.28804513748245403
56.652,0.2885272978488599
56.656,0.30467291026033577
56.66,0.2910078624010289
56.664,0.29545273941248806
56.668,0.29668367013920466
56.672,0.2842250375702679
56.676,0.27903081515015266
56.68,0.29097801321365224
56.684,0.2638045091769944
56.688,0.25118058406713534
56.692,0.24085887182692178
56.696,0.23409512333794186
56.7,0.20546977117802548
56.704,0.20586673569986297
56.708,0.18967374518267938
56.712,0.15468189278361102
56.716,0.1760795321713229
56.72,0.15859603157582064
56.724,0.12226276390528308
56.728,0.10587998076169505
56.732,0.10687932508323361
56.736,0.07857414814563499
56.74,0.09550749531178443
56.744,0.06704733062656437
56.748,0.07867035002020323
56.752,0.04578223588546754
56.756,0.04531690595418261
56.76,0.052334607650979165
56.764,0.030426364824989956
56.768,0.031102515593178278
56.772,0.03470572523944096
56.776,0.014235453760470206
56.78,0.0037574148436038055
56.784,-0.0011285967125601662
56.788,0.01682535445735606
56.792,0.01280645406770314
56.796,0.01780751851387433
56.8,0.0030203861712057812
56.804,-0.009721640364094532
56.808,-0.019900481079513352
56.812,0.03153009872907653
56.816,0.00749511103760798
56.82,0.003094977267681967
56.824,0.004117873490049332
56.828,-0.013293437386183198
56.832,-0.0071723892122326546
56.836,0.018020431262710197
56.84,0.007024679736428522
56.844,-0.007306540767249295
56.848,-0.012023742786030116
56.852,-0.004976768212940811
56.856,-0.0030223351728360087
56.86,0.020587508751328625
56.864,-0.0018132159180721202
56.868,-0.011845609492129459
56.872,-0.0005503911167699382
56.876,0.0026686627469734788
56.88,-0.0127876471360384
56.884,0.0040341370516273015
56.888,0.012097850512826573
56.892,0.001392734406411334
56.896,-0.007966485252663243
56.9,-0.005285791470180522
56.904,-0.016586225753127678
56.908,-0.0013365592949269895
56.912,0.0031097758715942906
56.916,-0.008963358598401286
56.92,0.019402393454187136
56.924,0.007933276663302673
56.928,-0.017907250380448925
56.932,-0.017683031537311995
56.936,-0.009765518355606923
56.94,0.015869456993176816
56.944,0.009156316500971425
56.948,0.01666969097713606
56.952,0.0008402370623889684
56.956,-0.000867125772465165
56.96,-0.010484533050422074
56.964,0.0066425457099928125
56.968,0.002883868906350897
56.972,0.004928567290979691
56.976,0.026827808743770117
56.98,0.013924902115983967
56.984,0.034428370631316194
56.988,0.012741233942973863
56.992,0.06469203877752938
56.996,0.04495471826113953
57.0,0.06817989116361556
57.004,0.0834214975310559
57.008,0.08417367345379775
57.012,0.11180842712077693
57.016,0.12610395711088762
57.02,0.12250812320576279
57.024,0.1325311329378177
57.028,0.14686203049111313
57.032,0.1485740168958345
57.036,0.16318530607698167
57.04,0.15204679898909904
57.044,0.13664067475315791
57.048,0.13284901300639645
57.052,0.093618165931626
57.056,0.09390629039461057
57.06,0.0884184489936471
57.064,0.08243322715591198
57.068,0.059892788313383044
57.072,0.06041773645831029
57.076,0.044049909036797966
57.08,0.021721763007623844
57.084,0.018105734387999478
57.088,0.018024003360810947
57.092,0.005223777421433014
57.096,0.021905798790488165
57.1,-0.006724017663544577
57.104,0.005975716499317931
57.108,0.009124259230050325
57.112,-0.0020497905605860035
57.116,-0.00474001155665804
57.12,-0.0003834960528166204
57.124,0.008334141897961146
57.128,-0.004880001579086947
57.132,-0.01062532333916915
57.136,0.011539419432596862
57.14,0.004010078550019169
57.144,0.010086450656306109
57.148,0.00759271447494387
57.152,0.021773611130917636
57.156,0.011018242766468423
57.16,-0.007788192314932201
57.164,0.002771349100018714
57.168,-0.01137804102250143
57.172,-0.019398410841861127
57.176,-0.04653414921351365
57.18,-0.0630870023237158
57.184,-0.08984030542344984
57.188,-0.12882529033042836
57.192,-0.1567815294307139
57.196,-0.1530595203290152
57.2,-0.08005357271221217
57.204,-0.03453257475950074
57.208,0.04381990705370353
57.212,0.178279397724422
57.216,0.3550893569360236
57.22,0.5326395298205181
57.224,0.7015029122970906
57.228,0.9262949866648315
57.232,0.9735532028679288
57.236,0.9762957809404664
57.24,0.851443179503293
57.244,0.6715019407803392
57.248,0.4752417701721817
57.252,0.25938927508336446
57.256,0.11759263694190446
57.26,-0.0016089909012488492
57.264,-0.12798053719044206
57.268,-0.2126895644628369
57.272,-0.24271985856965178
57.276,-0.2437677657723298
57.28,-0.20776695515290194
57.284,-0.15574726551534424
57.288,-0.08205175625727393
57.292,-0.039034545367123495
57.296,-0.030295986405824402
57.3,-0.01638761458060497
57.304,-0.0005482035078613432
57.308,-0.009667676468917343
57.312,0.0024714872998337464
57.316,0.015747202634228137
57.32,0.0008258987830139738
57.324,-0.010286299968367388
57.328,0.0063019210416993205
57.332,0.001267270961707705
57.336,0.0023648197569657407
57.34,0.009633140846824897
57.344,0.013030195619774023
57.348,0.00798083256936065
57.352,0.00883497556605908
57.356,0.03225102752516845
57.36,0.026204316929445932
57.364,0.025581139004433838
57.368,0.022124840525285672
57.372,0.014900033082933943
57.376,0.04101046696379468
57.38,0.036647811842083454
57.384,0.03564111588196192
57.388,0.04597324521606251
57.392,0.04655418477564081
57.396,0.07544472105913015
57.4,0.08121230127589185
57.404,0.08655895311961576
57.408,0.09550269351746446
57.412,0.10109604472742742
57.416,0.09929404476069306
57.42,0.11979060263777619
57.424,0.14034212185471415
57.428,0.15307953077778835
57.432,0.17938265215409382
57.436,0.19915144191681988
57.44,0.20417948821076026
57.444,0.23366024237756763
57.448,0.22532094660205296
57.452,0.24463377586725324
57.456,0.2573698131765465
57.46,0.2795421637526015
57.464,0.2790820757655925
57.468,0.2872551890787968
57.472,0.27561578364828604
57.476,0.287641663374342
57.48,0.3102239234745917
57.484,0.2792317915063838
57.488,0.3122193059251415
57.492,0.30069640915706697
57.496,0.2832999549690354
57.5,0.2757879717700959
57.504,0.29478322535143103
57.508,0.2801862085615114
57.512,0.25383356490032294
57.516,0.24422870136399819
57.52,0.2233784767733947
57.524,0.21745845827957264
57.528,0.19516572703537072
57.532,0.18664389488434388
57.536,0.19098499679461586
57.54,0.15748977125444807
57.544,0.13380889265134754
57.548,0.11689521354010433
57.552,0.11865281064368402
57.556,0.09725210144033901
57.56,0.0955444073446971
57.564,0.06589754714245366
57.568,0.0788440044943447
57.572,0.052041796704972
57.576,0.05466209816339215
57.58,0.04321090812281759
57.584,0.05698425996545082
57.588,0.035495331794732445
57.592,0.047942853767370744
57.596,0.029479117412797802
57.6,0.03412978351338314
57.604,0.01435509963507708
57.608,0.016971522157926928
57.612,0.023226339013679934
57.616,0.018009167265696856
57.62,0.012534791709124419
57.624,0.002509500374406127
57.628,0.003020904317397849
57.632,0.015022306686342628
57.636,0.016324634660577726
57.64,-0.003690686141800137
57.644,-0.00570093268358231
57.648,-0.007702278041605723
57.652,0.009322909441919252
57.656,-0.008513781984696876
57.66,0.008766752918543147
57.664,0.005900868515517701
57.668,-0.005119377390817653
57.672,0.01588459949200434
57.676,-0.014441214738894429
57.68,0.016728195678513073
57.684,0.003285574224398315
57.688,-0.020664713598302267
57.692,0.015969065226730535
57.696,0.009758019815422826
57.7,-0.0042566494795003885
57.704,-0.009629251827511605
57.708,-0.01567809120164603
57.712,0.024163214784231814
57.716,-0.00922776531694901
57.72,-0.012631725922569819
57.724,0.002682031513617832
57.728,-0.016377007385825305
57.732,-0.009814183770985458
57.736,0.009950565547388546
57.74,0.004642694270744194
57.744,-0.0038632934930662517
57.748,0.00018337454202779172
57.752,-0.004424408430502249
57.756,-0.0006195667563819325
57.76,-0.007617362461178587
57.764,-0.005800858771431711
57.768,-0.0061035817352428695
57.772,-0.007252012165215376
57.776,0.010452421666115139
57.78,0.007727392016847595
57.784,-0.009273280208541576
57.788,-0.011849667495820003
57.792,-0.0014007266056597872
57.796,0.021858910198748163
57.8,-0.009746418344076666
57.804,-0.0007154300212005963
57.808,0.002364583682437641
57.812,0.001285847495056218
57.816,-0.0008691585108560333
57.82,0.017215200974276052
57.824,0.012967689524255865
57.828,0.02066683429691976
57.832,0.02314242711648264
57.836,0.03269250398790301
57.84,0.04772750122443992
57.844,0.05502557307594575
57.848,0.07644711972338897
57.852,0.07830313074464852
57.856,0.0734311293287608
57.86,0.10310292620639318
57.864,0.11603916170506788
57.868,0.1414356680031515
57.872,0.12401576833765635
57.876,0.14809932286534097
57.88,0.14128491754580477
57.884,0.15512544950879728
57.888,0.14594138088963898
57.892,0.1473014635179572
57.896,0.11956562908428912
57.9,0.13014262304122304
57.904,0.11097049555772454
57.908,0.09612576904220764
57.912,0.09960223064893421
57.916,0.06228069119114002
57.92,0.05659983985599464
57.924,0.04269876504899331
57.928,0.03384779735892358
57.932,0.0459580263712463
57.936,0.017876445630417268
57.94,0.006528167861518149
57.944,0.027126354354242606
57.948,0.0025833698070375295
57.952,-0.012341727181758013
57.956,-0.005038120207625485
57.96,-0.010989778929600902
57.964,-0.017103661141837756
57.968,-0.003100026376297807
57.972,-0.000396434212488289
57.976,0.011977136455865942
57.98,0.006388180287096047
57.984,0.0058886314317339395
57.988,-0.008905943327409748
57.992,0.00886241486385915
57.996,0.013917406658678499
58.0,0.003939483469910235
58.004,0.004176272730547422
58.008,-0.012876606873129356
58.012,0.009647249032221337
58.016,0.014829401836946372
58.02,-0.0051971901867650435
58.024,-0.02625462013817563
58.028,-0.043330689973764644
58.032,-0.07716459149416625
58.036,-0.11222211684114312
58.04,-0.13080222033621672
58.044,-0.1433355751311808
58.048,-0.11728933905943294
58.052,-0.07659396218584931
58.056,-0.015848144377538897
58.06,0.08872731475354362
58.064,0.22356191605516046
58.068,0.4009980085248534
58.072,0.6216852086698438
58.076,0.819547968884555
58.08,0.9541746542127553
58.084,1.0010544789012676
58.088,0.9318573687463313
58.092,0.8012837625615882
58.096,0.5934881454470875
58.1,0.4132138083873801
58.104,0.19931703961713848
58.108,0.06956145977705044
58.112,-0.06478404551494134
58.116,-0.1531191210969164
58.12,-0.21302071759236507
58.124,-0.23587387470184124
58.128,-0.2300885993183584
58.132,-0.17345241662010355
58.136,-0.12805900905026513
58.14,-0.06683405158134686
58.144,-0.02356425207597731
58.148,-0.010403335252617671
58.152,-0.009850426363095481
58.156,-0.003751584530286986
58.16,0.01047746778894245
58.164,-0.010075352013431536
58.168,-0.00824609295949978
58.172,0.007589920232093622
58.176,-0.0023553208508348953
58.18,-0.011916827202143283
58.184,0.01684159642248918
58.188,-0.006771966845897772
58.192,0.0033241686045197946
58.196,0.00045853765432527904
58.2,0.0052943188186390135
58.204,0.0013699399120314908
58.208,0.019680773984083404
58.212,0.016397590457160997
58.216,0.028362090972655345
58.22,0.016211857970039746
58.224,0.048010897402048724
58.228,0.01266674327374492
58.232,0.021603203332654662
58.236,0.06148392160864094
58.24,0.05599047867475459
58.244,0.06279110810769613
58.248,0.07266711599864523
58.252,0.08389878205504075
58.256,0.09186050843748096
58.26,0.09069338019351256
58.264,0.12078650418123577
58.268,0.13215335732582414
58.272,0.1533673410156381
58.276,0.17073844089924917
58.28,0.17075055047162854
58.284,0.16969671159447125
58.288,0.21422243693243906
58.292,0.20064647286106035
58.296,0.22814045553693732
58.3,0.23551845024324897
58.304,0.2462855542955123
58.308,0.2697150953365933
58.312,0.2747744192051609
58.316,0.2863161169904981
58.32,0.28031642224702635
58.324,0.29232305465746544
58.328,0.29015496113395467
58.332,0.2977702362339923
58.336,0.298571616057837
58.34,0.31628824404266415
58.344,0.2914615130863569
58.348,0.26720575719119743
58.352,0.2951201494130548
58.356,0.2768052906982918
58.36,0.2607425121439686
58.364,0.2461981645617299
58.368,0.2285933936877335
58.372,0.24411688058078426
58.376,0.21132111007957985
58.38,0.17909385908213632
58.384,0.18522359438963426
58.388,0.17948166073746827
58.392,0.15463499550080884
58.396,0.13004244660924683
58.4,0.11561214775313028
58.404,0.10340887545519006
58.408,0.11554777890129281
58.412,0.08812637885522676
58.416,0.061381139781930175
58.42,0.07217889985538868
58.424,0.06077234070798661
58.428,0.04674733770802026
58.432,0.0337366940228507
58.436,0.026804683992598832
58.44,0.042569961156682455
58.444,0.029147419854305252
58.448,0.027082709549804088
58.452,0.020966895157602115
58.456,0.018560910983893404
58.46,0.00784951976108108
58.464,0.008154045107891195
58.468,0.01991710401501115
58.472,0.020797021445368588
58.476,-0.006904609582018888
58.48,0.0021396854431818256
58.484,0.011724838097641974
58.488,0.021433440334822935
58.492,0.01985512665392933
58.496,-0.006381797306148187
58.5,0.013962550046789082
58.504,0.0015127525163049996
58.508,0.011147681284540245
58.512,0.008413638845316733
58.516,-0.012241630232597308
58.52,0.00579624688397425
58.524,0.010276447024269757
58.528,-4.012434977760103e-05
58.532,-0.0023451913950024643
58.536,-0.01563097371439209
58.54,0.006897983820087883
58.544,0.0021317948994341194
58.548,-0.00919027463914644
58.552,-0.00323605878061841
58.556,0.0015607447842552276
58.56,-0.005575377581363418
58.564,3.439714550569559e-05
58.568,-0.017494060530528502
58.572,0.013497838810480212
58.576,0.00016158896152255778
58.58,-0.010991776815055658
58.584,-0.024595747438017755
58.588,0.010292601488217926
58.592,0.005582525213348872
58.596,0.0021095775505510805
58.6,0.008641706827774442
58.604,0.008619355855716807
58.608,0.0019648310163718576
58.612,-0.002502596189182312
58.616,-0.0040967283486571865
58.62,0.004347001163029563
58.624,0.01421739683619818
58.628,-0.0005964766823241305
58.632,0.015502903638693945
58.636,0.004959274073252461
58.64,0.005797446548679076
58.644,0.027196765646924834
58.648,0.021372282285018876
58.652,0.024061311141862825
58.656,0.0026710676541728713
58.66,0.0371100558346695
58.664,0.020296224561064197
58.668,0.026346864905163695
58.672,0.016218186729410684
58.676,0.051950045394085084
58.68,0.050274190988567655
58.684,0.07884096156985126
58.688,0.07753123367315037
58.692,0.12159477595360453
58.696,0.122909343453848
58.7,0.15243801005495566
58.704,0.12931368735687299
58.708,0.1619006286221925
58.712,0.13170179697501247
58.716,0.15133481818320121
58.72,0.13870403335209175
58.724,0.1328655706672991
58.728,0.12162355682894133
58.732,0.10493786503369379
58.736,0.08746286927645298
58.74,0.08111632548366637
58.744,0.0724401962417263
58.748,0.069532351032631
58.752,0.04878912651727004
58.756,0.04703614766425047
58.76,0.011823482089767393
58.764,0.015176500912236088
58.768,0.021049954556043093
58.772,0.013142129384852336
58.776,-0.002018789664003739
58.78,0.01370397799966075
58.784,-0.002498048776933792
58.788,-0.006003823890249324
58.792,0.00595417026152042
58.796,0.0007096837875507559
58.8,-0.004851801331905594
58.804,-0.005354525449873574
58.808,-0.010579487850045626
58.812,-0.0038935929459512635
58.816,0.01103366655667221
58.82,0.0024626187420150364
58.824,0.009593817342377528
58.828,0.005160082826875159
58.832,-0.0061477428781636515
58.836,-0.01662288546417293
58.84,-0.009815922386662315
58.844,-0.008643632951719346
58.848,-0.013288837783009388
58.852,-0.005046637542413466
58.856,-0.02270270600505153
58.86,-0.03810627989436985
58.864,-0.10292697929905294
58.868,-0.11218991966116466
58.872,-0.12987502645359003
58.876,-0.1401525123150098
58.88,-0.09643771147064037
58.884,-0.02537871279977251
58.888,0.05146879875662588
58.892,0.17229422286632848
58.896,0.32691975645954563
58.9,0.5028295360243618
58.904,0.7300735476983455
58.908,0.8926699991520819
58.912,0.9812911666857225
58.916,0.9825794832910038
58.92,0.8482679403439055
58.924,0.6869677160324834
58.928,0.4772386535700815
58.932,0.27610192824562657
58.936,0.11786555080613852
58.94,-0.0249817275748159
58.944,-0.11204244904009118
58.948,-0.19691153918520665
58.952,-0.2387077925757013
58.956,-0.23536598454546467
58.96,-0.2082401019638529
58.964,-0.15905586271015493
58.968,-0.07767165752302976
58.972,-0.038100814955315136
58.976,-0.02499354692069423
58.98,-0.003024172309344531
58.984,0.01066653631214767
58.988,0.011369021816659955
58.992,-0.004960732197759044
58.996,-0.01382088153678394
59.0,-0.011748035171173463
59.004,-0.0012674080059302652
59.008,0.017004042913331574
59.012,-0.004240653904136698
59.016,-0.0020969107072699843
59.02,-0.0012892262565951176
59.024,0.0008024802329801156
59.028,0.00751350205260004
59.032,-0.0033587715818415662
59.036,0.022459154249297827
59.04,0.012750497563677562
59.044,0.04203694295279345
59.048,0.009076977044205596
59.052,0.04085601830184254
59.056,0.04364993203349989
59.06,0.03108788774852525
59.064,0.03746203869224965
59.068,0.039191490757044846
59.072,0.04711759496590969
59.076,0.06486514908101662
59.08,0.07458864732138822
59.084,0.06871881228603957
59.088,0.11886531915402607
59.092,0.10530726311880673
59.096,0.12125057553017536
59.1,0.12765716459843957
59.104,0.14509813590686577
59.108,0.1584300617359519
59.112,0.17645938607723036
59.116,0.1908902504031478
59.12,0.21351219423516574
59.124,0.2218429330966633
59.128,0.24019243019906794
59.132,0.2458907357725288
59.136,0.26019193307351624
59.14,0.26620699666613684
59.144,0.28805411017421145
59.148,0.2891455508280599
59.152,0.2905833347808279
59.156,0.2947615420496798
59.16,0.29817196630987414
59.164,0.30028965920395323
59.168,0.29822582094203715
59.172,0.2901114459937331
59.176,0.2984243159447549
59.18,0.29238940479483955
59.184,0.2936624618793202
59.188,0.26003610835167723
59.192,0.2616926441501387
59.196,0.22379171965519506
59.2,0.2381310491651794
59.204,0.2015451396975061
59.208,0.19206180431998487
59.212,0.19075193398221804
59.216,0.1666670676619024
59.22,0.15086272678682666
59.224,0.13944129269641445
59.228,0.1378555233329572
59.232,0.10805304362082487
59.236,0.10431980171780939
59.24,0.0892920916039098
59.244,0.09029174428307017
59.248,0.08042095847816064
59.252,0.044290844306248925
59.256,0.06465041586421263
59.26,0.040486557111735974
59.264,0.0421634487915223
59.268,0.024391490739666274
59.272,0.03219960122079756
59.276,0.049385287998292074
59.28,0.02114747047832055
59.284,0.01184468202810916
59.288,0.011194945141854908
59.292,-0.0036503409569095275
59.296,0.02344924707860999
59.3,0.0103537285799065
59.304,-0.004700098545726028
59.308,-0.005554487595883245
59.312,0.0037985321390445535
59.316,0.012185493200400414
59.32,-0.009271944236161768
59.324,0.012870761381830869
59.328,0.00042273293802375133
59.332,-0.00827652380351181
59.336,-0.003895930760078291
59.34,0.018076261708034683
59.344,-0.013438165146475809
59.348,-0.006987386113858183
59.352,0.00977184401378503
59.356,0.0023459461424097864
59.36,-0.007779537480349424
59.364,0.009744648704128252
59.368,0.010192907859531258
59.372,0.003364175963661008
59.376,-0.006088070804319416
59.38,-0.0045575786282931584
59.384,0.002864714631913171
59.388,-0.013106714267550178
59.392,0.013286602047790764
59.396,0.017008144343013475
59.4,-0.0023553888303817637
59.404,0.003563885029656788
59.408,0.011859947202342918
59.412,0.019556907201444682
59.416,0.015570683286046133
59.42,-0.01735479618137765
59.424,-0.0031551540399574335
59.428,0.0050071340622951195
59.432,-0.0049420087439979625
59.436,0.017827773982194522
59.44,0.016293820393693488
59.444,-0.008159257436096027
59.448,-0.0016239722142691614
59.452,-0.007495523667164564
59.456,-0.0019512733240909718
59.46,-0.002254316553493881
59.464,0.009542583452070185
59.468,-0.008884643984339958
59.472,-0.026167494424901242
59.476,-0.016045429833780128
59.48,-0.010283015529382586
59.484,-0.006556915530917987
59.488,0.0018717442204731851
59.492,-0.010797938928175014
59.496,-0.012111005827689357
59.5,-0.009294474132657151
59.504,-0.011156539986076889
59.508,-0.005544937428202598
59.512,-0.005972873950475742
59.516,0.006890568174575212
59.52,-0.009895293847953034
59.524,-0.0035759662817519333
59.528,-0.0054502267983022054
59.532,0.00808884976085717
59.536,-0.0015427927599108808
59.54,0.010506967234138135
59.544,-0.011523701759968306
59.548,-0.000493666084304935
59.552,-0.005758910170276013
59.556,-0.012260460978843559
59.56,-0.0006751104098439372
59.564,0.01732927758235574
59.568,-0.00852908802925949
59.572,-0.0012745498183767022
59.576,-0.013122316195925014
59.58,-0.014592277719039835
59.584,-0.007872523293428878
59.588,-0.00449983011629174
59.592,-0.004055830409311466
59.596,-0.0022602501507922455
59.6,-0.01648332640703369
59.604,-0.006259462115069719
59.608,0.005017584734036752
59.612,-0.013582450728945376
59.616,-0.0035514569484507105
59.62,0.0029284375993806787
59.624,-0.007822669220236698
59.628,0.0034152439616084757
59.632,-0.015211262793850312
59.636,0.008884495729322053
59.64,0.003658007330936959
59.644,0.000556654035094672
59.648,0.011248180263058407
59.652,-0.0032934905923661484
59.656,-0.0061785611246191205
59.66,0.013725442840972463
59.664,0.018407658022347947
59.668,-0.006934377061177628
59.672,-0.0011374323710781529
59.676,0.010450425432614542
59.68,-0.0007814500181077242
59.684,0.005945885087379837
59.688,0.0078040359748838255
59.692,-0.00562304575556544
59.696,0.004192746634002592
59.7,-6.192694509936962e-05
59.704,-0.012168685933937622
59.708,-0.009896526464284003
59.712,-0.006524169243963687
59.716,0.009285198508026043
59.72,0.009613581623133275
59.724,0.007499129183216177
59.728,0.004401107032656179
59.732,0.004128263071564397
59.736,0.002775604495548301
59.74,0.004075970554216342
59.744,0.004753625836642024
59.748,-0.01404422165727381
59.752,-0.007902471459442385
59.756,-0.010289216244820428
59.76,0.011071450076540089
59.764,0.01654100103583613
59.768,-0.02169047920412175
59.772,0.015648146118716608
59.776,0.0008672137353152957
59.78,0.01012719819158702
59.784,0.005064671545848963
59.788,0.014403950535999206
59.792,0.002097424333574962
59.796,-0.013634544588129167
59.8,-0.0010567488377320998
59.804,0.005156560461068058
59.808,-0.0021596110153435863
59.812,0.006577317221526706
59.816,-0.0006569738864044395
59.82,-0.005955093191148701
59.824,-0.010859783833115408
59.828,-0.0039181538253334446
59.832,0.002045716497003274
59.836,-0.019593918042559506
59.84,-0.007800764107150233
59.844,-0.019966920447743987
59.848,-0.006170748539780398
59.852,0.011973147342872234
59.856,-0.011861163817288356
59.86,0.007031597458613295
59.864,0.0284882512731232
59.868,0.014535381312573497
59.872,0.001335133803912118
59.876,0.008584344557964826
59.88,-0.013696828024367919
59.884,-0.015734146534105542
59.888,0.0002869810907939372
59.892,0.003986105634684114
59.896,0.010944042842492405
59.9,-0.005687621414013152
59.904,0.0019339548436164583
59.908,0.0015911155655297451
59.912,-0.0013139410557646703
59.916,-0.0007247487613400121
59.92,-0.008547045026395606
59.924,0.0027970740838496318
59.928,0.0019504998019507825
59.932,-0.004400117659560351
59.936,0.006657742660235674
59.94,0.01027831588432296
59.944,0.006773762959754626
59.948,-0.010424433200607245
59.952,0.0009964576686199167
59.956,-0.009114315628634524
59.96,0.0009655474629983324
59.964,-0.00907536697019914
59.968,0.012771633373547857
59.972,0.00783331469019842
59.976,0.011529893053423891
59.98,0.010517220901954963
59.984,-0.0027059971157366485
59.988,-0.004256097435274256
59.992,0.01741723828700153
59.996,-0.0016511965017241505
